profile,context,term,obligation,note
DCAT-AP 3.0.0,dcat:DatasetSeries,(complex path),mandatory,sh:Warning
DCAT-AP 3.0.0,dcat:DatasetSeries,dcatap:applicableLegislation,optional/other,sh:Violation
DCAT-AP 3.0.0,dcat:DatasetSeries,dcat:contactPoint,optional/other,sh:Violation
DCAT-AP 3.0.0,dcat:DatasetSeries,dct:description,mandatory,sh:Violation
DCAT-AP 3.0.0,dcat:DatasetSeries,dct:accrualPeriodicity,optional/other,sh:Violation
DCAT-AP 3.0.0,dcat:DatasetSeries,dct:spatial,optional/other,sh:Violation
DCAT-AP 3.0.0,dcat:DatasetSeries,dct:modified,optional/other,sh:Violation
DCAT-AP 3.0.0,dcat:DatasetSeries,dct:publisher,optional/other,sh:Violation
DCAT-AP 3.0.0,dcat:DatasetSeries,dct:issued,optional/other,sh:Violation
DCAT-AP 3.0.0,dcat:DatasetSeries,dct:temporal,optional/other,sh:Violation
DCAT-AP 3.0.0,dcat:DatasetSeries,dct:title,mandatory,sh:Violation
DCAT-AP 3.0.0,adms:Identifier,skos:notation,optional/other,sh:Violation
DCAT-AP 3.0.0,dcat:Relationship,dct:relation,mandatory,sh:Violation
DCAT-AP 3.0.0,dcat:Relationship,dcat:hadRole,mandatory,sh:Violation
DCAT-AP 3.0.0,dct:Location,dcat:bbox,optional/other,sh:Violation
DCAT-AP 3.0.0,dct:Location,dcat:centroid,optional/other,sh:Violation
DCAT-AP 3.0.0,dct:Location,lcon:geometry,optional/other,sh:Violation
DCAT-AP 3.0.0,skos:ConceptScheme,dct:title,mandatory,sh:Violation
DCAT-AP 3.0.0,spdx:Checksum,spdx:algorithm,mandatory,sh:Violation
DCAT-AP 3.0.0,spdx:Checksum,spdx:checksumValue,mandatory,sh:Violation
DCAT-AP 3.0.0,dct:PeriodOfTime,dcat:endDate,optional/other,sh:Violation
DCAT-AP 3.0.0,dct:PeriodOfTime,time:hasBeginning,optional/other,sh:Violation
DCAT-AP 3.0.0,dct:PeriodOfTime,time:hasEnd,optional/other,sh:Violation
DCAT-AP 3.0.0,dct:PeriodOfTime,dcat:startDate,optional/other,sh:Violation
DCAT-AP 3.0.0,dcat:DataService,dct:accessRights,optional/other,sh:Violation
DCAT-AP 3.0.0,dcat:DataService,dcatap:applicableLegislation,optional/other,sh:Violation
DCAT-AP 3.0.0,dcat:DataService,dct:conformsTo,optional/other,sh:Violation
DCAT-AP 3.0.0,dcat:DataService,dcat:contactPoint,optional/other,sh:Violation
DCAT-AP 3.0.0,dcat:DataService,dct:description,optional/other,sh:Violation
DCAT-AP 3.0.0,dcat:DataService,dcat:endpointURL,mandatory,sh:Violation
DCAT-AP 3.0.0,dcat:DataService,dcat:endpointDescription,optional/other,sh:Violation
DCAT-AP 3.0.0,dcat:DataService,dct:format,optional/other,sh:Violation
DCAT-AP 3.0.0,dcat:DataService,dcat:keyword,optional/other,sh:Violation
DCAT-AP 3.0.0,dcat:DataService,dcat:landingPage,optional/other,sh:Violation
DCAT-AP 3.0.0,dcat:DataService,dct:license,optional/other,sh:Violation
DCAT-AP 3.0.0,dcat:DataService,dct:publisher,optional/other,sh:Violation
DCAT-AP 3.0.0,dcat:DataService,dcat:servesDataset,optional/other,sh:Violation
DCAT-AP 3.0.0,dcat:DataService,dcat:theme,optional/other,sh:Violation
DCAT-AP 3.0.0,dcat:DataService,dct:title,mandatory,sh:Violation
DCAT-AP 3.0.0,dcat:CatalogRecord,dct:title,optional/other,sh:Violation
DCAT-AP 3.0.0,dcat:CatalogRecord,dct:description,optional/other,sh:Violation
DCAT-AP 3.0.0,dcat:CatalogRecord,foaf:primaryTopic,mandatory,sh:Violation
DCAT-AP 3.0.0,dcat:CatalogRecord,dct:modified,mandatory,sh:Violation
DCAT-AP 3.0.0,dcat:CatalogRecord,dct:conformsTo,optional/other,sh:Violation
DCAT-AP 3.0.0,dcat:CatalogRecord,dct:issued,optional/other,sh:Violation
DCAT-AP 3.0.0,dcat:CatalogRecord,adms:status,optional/other,sh:Violation
DCAT-AP 3.0.0,dcat:CatalogRecord,dct:language,optional/other,sh:Violation
DCAT-AP 3.0.0,dcat:CatalogRecord,dct:source,optional/other,sh:Violation
DCAT-AP 3.0.0,dcat:Dataset,dct:accessRights,optional/other,sh:Violation
DCAT-AP 3.0.0,dcat:Dataset,dcatap:applicableLegislation,optional/other,sh:Violation
DCAT-AP 3.0.0,dcat:Dataset,dct:conformsTo,optional/other,sh:Violation
DCAT-AP 3.0.0,dcat:Dataset,dcat:contactPoint,optional/other,sh:Violation
DCAT-AP 3.0.0,dcat:Dataset,dct:creator,optional/other,sh:Violation
DCAT-AP 3.0.0,dcat:Dataset,dcat:distribution,optional/other,sh:Violation
DCAT-AP 3.0.0,dcat:Dataset,dct:description,mandatory,sh:Violation
DCAT-AP 3.0.0,dcat:Dataset,foaf:page,optional/other,sh:Violation
DCAT-AP 3.0.0,dcat:Dataset,dct:accrualPeriodicity,optional/other,sh:Violation
DCAT-AP 3.0.0,dcat:Dataset,dct:spatial,optional/other,sh:Violation
DCAT-AP 3.0.0,dcat:Dataset,dct:hasVersion,optional/other,sh:Violation
DCAT-AP 3.0.0,dcat:Dataset,dct:identifier,optional/other,sh:Violation
DCAT-AP 3.0.0,dcat:Dataset,dcat:inSeries,optional/other,sh:Violation
DCAT-AP 3.0.0,dcat:Dataset,dct:isReferencedBy,optional/other,sh:Violation
DCAT-AP 3.0.0,dcat:Dataset,dcat:keyword,optional/other,sh:Violation
DCAT-AP 3.0.0,dcat:Dataset,dcat:landingPage,optional/other,sh:Violation
DCAT-AP 3.0.0,dcat:Dataset,dct:language,optional/other,sh:Violation
DCAT-AP 3.0.0,dcat:Dataset,dct:modified,optional/other,sh:Violation
DCAT-AP 3.0.0,dcat:Dataset,adms:identifier,optional/other,sh:Violation
DCAT-AP 3.0.0,dcat:Dataset,dct:provenance,optional/other,sh:Violation
DCAT-AP 3.0.0,dcat:Dataset,dct:publisher,optional/other,sh:Violation
DCAT-AP 3.0.0,dcat:Dataset,prov:qualifiedAttribution,optional/other,sh:Violation
DCAT-AP 3.0.0,dcat:Dataset,dcat:qualifiedRelation,optional/other,sh:Violation
DCAT-AP 3.0.0,dcat:Dataset,dct:relation,optional/other,sh:Violation
DCAT-AP 3.0.0,dcat:Dataset,dct:issued,optional/other,sh:Violation
DCAT-AP 3.0.0,dcat:Dataset,adms:sample,optional/other,sh:Violation
DCAT-AP 3.0.0,dcat:Dataset,dct:source,optional/other,sh:Violation
DCAT-AP 3.0.0,dcat:Dataset,dcat:spatialResolutionInMeters,optional/other,sh:Violation
DCAT-AP 3.0.0,dcat:Dataset,dct:temporal,optional/other,sh:Violation
DCAT-AP 3.0.0,dcat:Dataset,dcat:temporalResolution,optional/other,sh:Violation
DCAT-AP 3.0.0,dcat:Dataset,dcat:theme,optional/other,sh:Violation
DCAT-AP 3.0.0,dcat:Dataset,dct:title,mandatory,sh:Violation
DCAT-AP 3.0.0,dcat:Dataset,dct:type,optional/other,sh:Violation
DCAT-AP 3.0.0,dcat:Dataset,dcat:version,optional/other,sh:Violation
DCAT-AP 3.0.0,dcat:Dataset,adms:versionNotes,optional/other,sh:Violation
DCAT-AP 3.0.0,dcat:Dataset,prov:wasGeneratedBy,optional/other,sh:Violation
DCAT-AP 3.0.0,dcat:Catalog,dct:language,optional/other,sh:Violation
DCAT-AP 3.0.0,dcat:Catalog,dcatap:applicableLegislation,optional/other,sh:Violation
DCAT-AP 3.0.0,dcat:Catalog,dct:license,optional/other,sh:Violation
DCAT-AP 3.0.0,dcat:Catalog,dct:issued,optional/other,sh:Violation
DCAT-AP 3.0.0,dcat:Catalog,dct:spatial,optional/other,sh:Violation
DCAT-AP 3.0.0,dcat:Catalog,dct:hasPart,optional/other,sh:Violation
DCAT-AP 3.0.0,dcat:Catalog,dct:modified,optional/other,sh:Violation
DCAT-AP 3.0.0,dcat:Catalog,dct:rights,optional/other,sh:Violation
DCAT-AP 3.0.0,dcat:Catalog,dcat:record,optional/other,sh:Violation
DCAT-AP 3.0.0,dcat:Catalog,dcat:themeTaxonomy,optional/other,sh:Violation
DCAT-AP 3.0.0,dcat:Catalog,dcat:service,optional/other,sh:Violation
DCAT-AP 3.0.0,dcat:Catalog,dcat:catalog,optional/other,sh:Violation
DCAT-AP 3.0.0,dcat:Catalog,dct:creator,optional/other,sh:Violation
DCAT-AP 3.0.0,dcat:Catalog,dcat:dataset,optional/other,sh:Violation
DCAT-AP 3.0.0,dcat:Catalog,dct:description,mandatory,sh:Violation
DCAT-AP 3.0.0,dcat:Catalog,dct:publisher,mandatory,sh:Violation
DCAT-AP 3.0.0,dcat:Catalog,dct:title,mandatory,sh:Violation
DCAT-AP 3.0.0,dcat:Catalog,foaf:homepage,optional/other,sh:Violation
DCAT-AP 3.0.0,foaf:Agent,foaf:name,mandatory,sh:Violation
DCAT-AP 3.0.0,foaf:Agent,dct:type,optional/other,sh:Violation
DCAT-AP 3.0.0,skos:Concept,skos:prefLabel,mandatory,sh:Violation
DCAT-AP 3.0.0,dct:LicenseDocument,dct:type,optional/other,sh:Violation
DCAT-AP 3.0.0,dcat:Distribution,dcat:accessService,optional/other,sh:Violation
DCAT-AP 3.0.0,dcat:Distribution,dcat:accessURL,mandatory,sh:Violation
DCAT-AP 3.0.0,dcat:Distribution,dcatap:applicableLegislation,optional/other,sh:Violation
DCAT-AP 3.0.0,dcat:Distribution,dcatap:availability,optional/other,sh:Violation
DCAT-AP 3.0.0,dcat:Distribution,dcat:byteSize,optional/other,sh:Violation
DCAT-AP 3.0.0,dcat:Distribution,spdx:checksum,optional/other,sh:Violation
DCAT-AP 3.0.0,dcat:Distribution,dcat:compressFormat,optional/other,sh:Violation
DCAT-AP 3.0.0,dcat:Distribution,dct:description,optional/other,sh:Violation
DCAT-AP 3.0.0,dcat:Distribution,foaf:page,optional/other,sh:Violation
DCAT-AP 3.0.0,dcat:Distribution,dcat:downloadURL,optional/other,sh:Violation
DCAT-AP 3.0.0,dcat:Distribution,dct:format,optional/other,sh:Violation
DCAT-AP 3.0.0,dcat:Distribution,odrl:hasPolicy,optional/other,sh:Violation
DCAT-AP 3.0.0,dcat:Distribution,dct:language,optional/other,sh:Violation
DCAT-AP 3.0.0,dcat:Distribution,dct:license,optional/other,sh:Violation
DCAT-AP 3.0.0,dcat:Distribution,dct:conformsTo,optional/other,sh:Violation
DCAT-AP 3.0.0,dcat:Distribution,dcat:mediaType,optional/other,sh:Violation
DCAT-AP 3.0.0,dcat:Distribution,dct:modified,optional/other,sh:Violation
DCAT-AP 3.0.0,dcat:Distribution,dcat:packageFormat,optional/other,sh:Violation
DCAT-AP 3.0.0,dcat:Distribution,dct:issued,optional/other,sh:Violation
DCAT-AP 3.0.0,dcat:Distribution,dct:rights,optional/other,sh:Violation
DCAT-AP 3.0.0,dcat:Distribution,dcat:spatialResolutionInMeters,optional/other,sh:Violation
DCAT-AP 3.0.0,dcat:Distribution,adms:status,optional/other,sh:Violation
DCAT-AP 3.0.0,dcat:Distribution,dcat:temporalResolution,optional/other,sh:Violation
DCAT-AP 3.0.0,dcat:Distribution,dct:title,optional/other,sh:Violation
RO-Crate 1.2 context,,http://schema.org/3DModel,named in context,3DModel
RO-Crate 1.2 context,,http://schema.org/AMRadioChannel,named in context,AMRadioChannel
RO-Crate 1.2 context,,http://schema.org/APIReference,named in context,APIReference
RO-Crate 1.2 context,,http://schema.org/Abdomen,named in context,Abdomen
RO-Crate 1.2 context,,http://schema.org/AboutPage,named in context,AboutPage
RO-Crate 1.2 context,,http://schema.org/AcceptAction,named in context,AcceptAction
RO-Crate 1.2 context,,http://schema.org/Accommodation,named in context,Accommodation
RO-Crate 1.2 context,,http://schema.org/AccountingService,named in context,AccountingService
RO-Crate 1.2 context,,http://schema.org/AchieveAction,named in context,AchieveAction
RO-Crate 1.2 context,,http://schema.org/Action,named in context,Action
RO-Crate 1.2 context,,http://schema.org/ActionAccessSpecification,named in context,ActionAccessSpecification
RO-Crate 1.2 context,,http://schema.org/ActionStatusType,named in context,ActionStatusType
RO-Crate 1.2 context,,http://schema.org/ActivateAction,named in context,ActivateAction
RO-Crate 1.2 context,,http://schema.org/ActivationFee,named in context,ActivationFee
RO-Crate 1.2 context,,http://schema.org/ActiveActionStatus,named in context,ActiveActionStatus
RO-Crate 1.2 context,,http://schema.org/ActiveNotRecruiting,named in context,ActiveNotRecruiting
RO-Crate 1.2 context,,http://schema.org/AddAction,named in context,AddAction
RO-Crate 1.2 context,,http://schema.org/AdministrativeArea,named in context,AdministrativeArea
RO-Crate 1.2 context,,http://schema.org/AdultEntertainment,named in context,AdultEntertainment
RO-Crate 1.2 context,,http://schema.org/AdultOrientedEnumeration,named in context,AdultOrientedEnumeration
RO-Crate 1.2 context,,http://schema.org/AdvertiserContentArticle,named in context,AdvertiserContentArticle
RO-Crate 1.2 context,,http://schema.org/AerobicActivity,named in context,AerobicActivity
RO-Crate 1.2 context,,http://schema.org/AggregateOffer,named in context,AggregateOffer
RO-Crate 1.2 context,,http://schema.org/AggregateRating,named in context,AggregateRating
RO-Crate 1.2 context,,http://schema.org/AgreeAction,named in context,AgreeAction
RO-Crate 1.2 context,,http://schema.org/Airline,named in context,Airline
RO-Crate 1.2 context,,http://schema.org/Airport,named in context,Airport
RO-Crate 1.2 context,,http://schema.org/AlbumRelease,named in context,AlbumRelease
RO-Crate 1.2 context,,http://schema.org/AlcoholConsideration,named in context,AlcoholConsideration
RO-Crate 1.2 context,,http://schema.org/AlignmentObject,named in context,AlignmentObject
RO-Crate 1.2 context,,http://schema.org/AllWheelDriveConfiguration,named in context,AllWheelDriveConfiguration
RO-Crate 1.2 context,,http://schema.org/AllergiesHealthAspect,named in context,AllergiesHealthAspect
RO-Crate 1.2 context,,http://schema.org/AllocateAction,named in context,AllocateAction
RO-Crate 1.2 context,,http://schema.org/AmpStory,named in context,AmpStory
RO-Crate 1.2 context,,http://schema.org/AmusementPark,named in context,AmusementPark
RO-Crate 1.2 context,,http://schema.org/AnaerobicActivity,named in context,AnaerobicActivity
RO-Crate 1.2 context,,http://schema.org/AnalysisNewsArticle,named in context,AnalysisNewsArticle
RO-Crate 1.2 context,,http://schema.org/AnatomicalStructure,named in context,AnatomicalStructure
RO-Crate 1.2 context,,http://schema.org/AnatomicalSystem,named in context,AnatomicalSystem
RO-Crate 1.2 context,,http://schema.org/AndroidPlatform,named in context,AndroidPlatform
RO-Crate 1.2 context,,http://schema.org/Anesthesia,named in context,Anesthesia
RO-Crate 1.2 context,,http://schema.org/AnimalShelter,named in context,AnimalShelter
RO-Crate 1.2 context,,http://schema.org/Answer,named in context,Answer
RO-Crate 1.2 context,,http://schema.org/Apartment,named in context,Apartment
RO-Crate 1.2 context,,http://schema.org/ApartmentComplex,named in context,ApartmentComplex
RO-Crate 1.2 context,,http://schema.org/Appearance,named in context,Appearance
RO-Crate 1.2 context,,http://schema.org/AppendAction,named in context,AppendAction
RO-Crate 1.2 context,,http://schema.org/ApplyAction,named in context,ApplyAction
RO-Crate 1.2 context,,http://schema.org/ApprovedIndication,named in context,ApprovedIndication
RO-Crate 1.2 context,,http://schema.org/Aquarium,named in context,Aquarium
RO-Crate 1.2 context,,http://schema.org/ArchiveComponent,named in context,ArchiveComponent
RO-Crate 1.2 context,,http://schema.org/ArchiveOrganization,named in context,ArchiveOrganization
RO-Crate 1.2 context,,http://schema.org/ArriveAction,named in context,ArriveAction
RO-Crate 1.2 context,,http://schema.org/ArtGallery,named in context,ArtGallery
RO-Crate 1.2 context,,http://schema.org/Artery,named in context,Artery
RO-Crate 1.2 context,,http://schema.org/Article,named in context,Article
RO-Crate 1.2 context,,http://schema.org/AskAction,named in context,AskAction
RO-Crate 1.2 context,,http://schema.org/AskPublicNewsArticle,named in context,AskPublicNewsArticle
RO-Crate 1.2 context,,http://schema.org/AssessAction,named in context,AssessAction
RO-Crate 1.2 context,,http://schema.org/AssignAction,named in context,AssignAction
RO-Crate 1.2 context,,http://schema.org/Atlas,named in context,Atlas
RO-Crate 1.2 context,,http://schema.org/Attorney,named in context,Attorney
RO-Crate 1.2 context,,http://schema.org/Audience,named in context,Audience
RO-Crate 1.2 context,,http://schema.org/AudioObject,named in context,AudioObject
RO-Crate 1.2 context,,http://schema.org/AudioObjectSnapshot,named in context,AudioObjectSnapshot
RO-Crate 1.2 context,,http://schema.org/Audiobook,named in context,Audiobook
RO-Crate 1.2 context,,http://schema.org/AudiobookFormat,named in context,AudiobookFormat
RO-Crate 1.2 context,,http://schema.org/AuthoritativeLegalValue,named in context,AuthoritativeLegalValue
RO-Crate 1.2 context,,http://schema.org/AuthorizeAction,named in context,AuthorizeAction
RO-Crate 1.2 context,,http://schema.org/AutoBodyShop,named in context,AutoBodyShop
RO-Crate 1.2 context,,http://schema.org/AutoDealer,named in context,AutoDealer
RO-Crate 1.2 context,,http://schema.org/AutoPartsStore,named in context,AutoPartsStore
RO-Crate 1.2 context,,http://schema.org/AutoRental,named in context,AutoRental
RO-Crate 1.2 context,,http://schema.org/AutoRepair,named in context,AutoRepair
RO-Crate 1.2 context,,http://schema.org/AutoWash,named in context,AutoWash
RO-Crate 1.2 context,,http://schema.org/AutomatedTeller,named in context,AutomatedTeller
RO-Crate 1.2 context,,http://schema.org/AutomotiveBusiness,named in context,AutomotiveBusiness
RO-Crate 1.2 context,,http://schema.org/Ayurvedic,named in context,Ayurvedic
RO-Crate 1.2 context,,http://schema.org/BackOrder,named in context,BackOrder
RO-Crate 1.2 context,,http://schema.org/BackgroundNewsArticle,named in context,BackgroundNewsArticle
RO-Crate 1.2 context,,http://schema.org/Bacteria,named in context,Bacteria
RO-Crate 1.2 context,,http://schema.org/Bakery,named in context,Bakery
RO-Crate 1.2 context,,http://schema.org/Balance,named in context,Balance
RO-Crate 1.2 context,,http://schema.org/BankAccount,named in context,BankAccount
RO-Crate 1.2 context,,http://schema.org/BankOrCreditUnion,named in context,BankOrCreditUnion
RO-Crate 1.2 context,,http://schema.org/BarOrPub,named in context,BarOrPub
RO-Crate 1.2 context,,http://schema.org/Barcode,named in context,Barcode
RO-Crate 1.2 context,,http://schema.org/BasicIncome,named in context,BasicIncome
RO-Crate 1.2 context,,http://schema.org/Beach,named in context,Beach
RO-Crate 1.2 context,,http://schema.org/BeautySalon,named in context,BeautySalon
RO-Crate 1.2 context,,http://schema.org/BedAndBreakfast,named in context,BedAndBreakfast
RO-Crate 1.2 context,,http://schema.org/BedDetails,named in context,BedDetails
RO-Crate 1.2 context,,http://schema.org/BedType,named in context,BedType
RO-Crate 1.2 context,,http://schema.org/BefriendAction,named in context,BefriendAction
RO-Crate 1.2 context,,http://schema.org/BenefitsHealthAspect,named in context,BenefitsHealthAspect
RO-Crate 1.2 context,,http://schema.org/BikeStore,named in context,BikeStore
RO-Crate 1.2 context,,http://schema.org/BioChemEntity,named in context,BioChemEntity
RO-Crate 1.2 context,,http://schema.org/Blog,named in context,Blog
RO-Crate 1.2 context,,http://schema.org/BlogPosting,named in context,BlogPosting
RO-Crate 1.2 context,,http://schema.org/BloodTest,named in context,BloodTest
RO-Crate 1.2 context,,http://schema.org/BoardingPolicyType,named in context,BoardingPolicyType
RO-Crate 1.2 context,,http://schema.org/BoatReservation,named in context,BoatReservation
RO-Crate 1.2 context,,http://schema.org/BoatTerminal,named in context,BoatTerminal
RO-Crate 1.2 context,,http://schema.org/BoatTrip,named in context,BoatTrip
RO-Crate 1.2 context,,http://schema.org/BodyMeasurementArm,named in context,BodyMeasurementArm
RO-Crate 1.2 context,,http://schema.org/BodyMeasurementBust,named in context,BodyMeasurementBust
RO-Crate 1.2 context,,http://schema.org/BodyMeasurementChest,named in context,BodyMeasurementChest
RO-Crate 1.2 context,,http://schema.org/BodyMeasurementFoot,named in context,BodyMeasurementFoot
RO-Crate 1.2 context,,http://schema.org/BodyMeasurementHand,named in context,BodyMeasurementHand
RO-Crate 1.2 context,,http://schema.org/BodyMeasurementHead,named in context,BodyMeasurementHead
RO-Crate 1.2 context,,http://schema.org/BodyMeasurementHeight,named in context,BodyMeasurementHeight
RO-Crate 1.2 context,,http://schema.org/BodyMeasurementHips,named in context,BodyMeasurementHips
RO-Crate 1.2 context,,http://schema.org/BodyMeasurementInsideLeg,named in context,BodyMeasurementInsideLeg
RO-Crate 1.2 context,,http://schema.org/BodyMeasurementNeck,named in context,BodyMeasurementNeck
RO-Crate 1.2 context,,http://schema.org/BodyMeasurementTypeEnumeration,named in context,BodyMeasurementTypeEnumeration
RO-Crate 1.2 context,,http://schema.org/BodyMeasurementUnderbust,named in context,BodyMeasurementUnderbust
RO-Crate 1.2 context,,http://schema.org/BodyMeasurementWaist,named in context,BodyMeasurementWaist
RO-Crate 1.2 context,,http://schema.org/BodyMeasurementWeight,named in context,BodyMeasurementWeight
RO-Crate 1.2 context,,http://schema.org/BodyOfWater,named in context,BodyOfWater
RO-Crate 1.2 context,,http://schema.org/Bone,named in context,Bone
RO-Crate 1.2 context,,http://schema.org/Book,named in context,Book
RO-Crate 1.2 context,,http://schema.org/BookFormatType,named in context,BookFormatType
RO-Crate 1.2 context,,http://schema.org/BookSeries,named in context,BookSeries
RO-Crate 1.2 context,,http://schema.org/BookStore,named in context,BookStore
RO-Crate 1.2 context,,http://schema.org/BookmarkAction,named in context,BookmarkAction
RO-Crate 1.2 context,,http://schema.org/Boolean,named in context,Boolean
RO-Crate 1.2 context,,http://schema.org/BorrowAction,named in context,BorrowAction
RO-Crate 1.2 context,,http://schema.org/BowlingAlley,named in context,BowlingAlley
RO-Crate 1.2 context,,http://schema.org/BrainStructure,named in context,BrainStructure
RO-Crate 1.2 context,,http://schema.org/Brand,named in context,Brand
RO-Crate 1.2 context,,http://schema.org/BreadcrumbList,named in context,BreadcrumbList
RO-Crate 1.2 context,,http://schema.org/Brewery,named in context,Brewery
RO-Crate 1.2 context,,http://schema.org/Bridge,named in context,Bridge
RO-Crate 1.2 context,,http://schema.org/BroadcastChannel,named in context,BroadcastChannel
RO-Crate 1.2 context,,http://schema.org/BroadcastEvent,named in context,BroadcastEvent
RO-Crate 1.2 context,,http://schema.org/BroadcastFrequencySpecification,named in context,BroadcastFrequencySpecification
RO-Crate 1.2 context,,http://schema.org/BroadcastRelease,named in context,BroadcastRelease
RO-Crate 1.2 context,,http://schema.org/BroadcastService,named in context,BroadcastService
RO-Crate 1.2 context,,http://schema.org/BrokerageAccount,named in context,BrokerageAccount
RO-Crate 1.2 context,,http://schema.org/BuddhistTemple,named in context,BuddhistTemple
RO-Crate 1.2 context,,http://schema.org/BusOrCoach,named in context,BusOrCoach
RO-Crate 1.2 context,,http://schema.org/BusReservation,named in context,BusReservation
RO-Crate 1.2 context,,http://schema.org/BusStation,named in context,BusStation
RO-Crate 1.2 context,,http://schema.org/BusStop,named in context,BusStop
RO-Crate 1.2 context,,http://schema.org/BusTrip,named in context,BusTrip
RO-Crate 1.2 context,,http://schema.org/BusinessAudience,named in context,BusinessAudience
RO-Crate 1.2 context,,http://schema.org/BusinessEntityType,named in context,BusinessEntityType
RO-Crate 1.2 context,,http://schema.org/BusinessEvent,named in context,BusinessEvent
RO-Crate 1.2 context,,http://schema.org/BusinessFunction,named in context,BusinessFunction
RO-Crate 1.2 context,,http://schema.org/BusinessSupport,named in context,BusinessSupport
RO-Crate 1.2 context,,http://schema.org/BuyAction,named in context,BuyAction
RO-Crate 1.2 context,,http://schema.org/CDCPMDRecord,named in context,CDCPMDRecord
RO-Crate 1.2 context,,http://schema.org/CDFormat,named in context,CDFormat
RO-Crate 1.2 context,,http://schema.org/CT,named in context,CT
RO-Crate 1.2 context,,http://schema.org/CableOrSatelliteService,named in context,CableOrSatelliteService
RO-Crate 1.2 context,,http://schema.org/CafeOrCoffeeShop,named in context,CafeOrCoffeeShop
RO-Crate 1.2 context,,http://schema.org/Campground,named in context,Campground
RO-Crate 1.2 context,,http://schema.org/CampingPitch,named in context,CampingPitch
RO-Crate 1.2 context,,http://schema.org/Canal,named in context,Canal
RO-Crate 1.2 context,,http://schema.org/CancelAction,named in context,CancelAction
RO-Crate 1.2 context,,http://schema.org/Car,named in context,Car
RO-Crate 1.2 context,,http://schema.org/CarUsageType,named in context,CarUsageType
RO-Crate 1.2 context,,http://schema.org/Cardiovascular,named in context,Cardiovascular
RO-Crate 1.2 context,,http://schema.org/CardiovascularExam,named in context,CardiovascularExam
RO-Crate 1.2 context,,http://schema.org/CaseSeries,named in context,CaseSeries
RO-Crate 1.2 context,,http://schema.org/Casino,named in context,Casino
RO-Crate 1.2 context,,http://schema.org/CassetteFormat,named in context,CassetteFormat
RO-Crate 1.2 context,,http://schema.org/CategoryCode,named in context,CategoryCode
RO-Crate 1.2 context,,http://schema.org/CategoryCodeSet,named in context,CategoryCodeSet
RO-Crate 1.2 context,,http://schema.org/CatholicChurch,named in context,CatholicChurch
RO-Crate 1.2 context,,http://schema.org/CausesHealthAspect,named in context,CausesHealthAspect
RO-Crate 1.2 context,,http://schema.org/Cemetery,named in context,Cemetery
RO-Crate 1.2 context,,http://schema.org/Chapter,named in context,Chapter
RO-Crate 1.2 context,,http://schema.org/CharitableIncorporatedOrganization,named in context,CharitableIncorporatedOrganization
RO-Crate 1.2 context,,http://schema.org/CheckAction,named in context,CheckAction
RO-Crate 1.2 context,,http://schema.org/CheckInAction,named in context,CheckInAction
RO-Crate 1.2 context,,http://schema.org/CheckOutAction,named in context,CheckOutAction
RO-Crate 1.2 context,,http://schema.org/CheckoutPage,named in context,CheckoutPage
RO-Crate 1.2 context,,http://schema.org/ChemicalSubstance,named in context,ChemicalSubstance
RO-Crate 1.2 context,,http://schema.org/ChildCare,named in context,ChildCare
RO-Crate 1.2 context,,http://schema.org/ChildrensEvent,named in context,ChildrensEvent
RO-Crate 1.2 context,,http://schema.org/Chiropractic,named in context,Chiropractic
RO-Crate 1.2 context,,http://schema.org/ChooseAction,named in context,ChooseAction
RO-Crate 1.2 context,,http://schema.org/Church,named in context,Church
RO-Crate 1.2 context,,http://schema.org/City,named in context,City
RO-Crate 1.2 context,,http://schema.org/CityHall,named in context,CityHall
RO-Crate 1.2 context,,http://schema.org/CivicStructure,named in context,CivicStructure
RO-Crate 1.2 context,,http://schema.org/Claim,named in context,Claim
RO-Crate 1.2 context,,http://schema.org/ClaimReview,named in context,ClaimReview
RO-Crate 1.2 context,,http://schema.org/Class,named in context,Class
RO-Crate 1.2 context,,http://schema.org/CleaningFee,named in context,CleaningFee
RO-Crate 1.2 context,,http://schema.org/Clinician,named in context,Clinician
RO-Crate 1.2 context,,http://schema.org/Clip,named in context,Clip
RO-Crate 1.2 context,,http://schema.org/ClothingStore,named in context,ClothingStore
RO-Crate 1.2 context,,http://schema.org/CoOp,named in context,CoOp
RO-Crate 1.2 context,,http://schema.org/Code,named in context,Code
RO-Crate 1.2 context,,http://schema.org/CohortStudy,named in context,CohortStudy
RO-Crate 1.2 context,,http://schema.org/Collection,named in context,Collection
RO-Crate 1.2 context,,http://schema.org/CollectionPage,named in context,CollectionPage
RO-Crate 1.2 context,,http://schema.org/CollegeOrUniversity,named in context,CollegeOrUniversity
RO-Crate 1.2 context,,http://schema.org/ComedyClub,named in context,ComedyClub
RO-Crate 1.2 context,,http://schema.org/ComedyEvent,named in context,ComedyEvent
RO-Crate 1.2 context,,http://schema.org/ComicCoverArt,named in context,ComicCoverArt
RO-Crate 1.2 context,,http://schema.org/ComicIssue,named in context,ComicIssue
RO-Crate 1.2 context,,http://schema.org/ComicSeries,named in context,ComicSeries
RO-Crate 1.2 context,,http://schema.org/ComicStory,named in context,ComicStory
RO-Crate 1.2 context,,http://schema.org/Comment,named in context,Comment
RO-Crate 1.2 context,,http://schema.org/CommentAction,named in context,CommentAction
RO-Crate 1.2 context,,http://schema.org/CommentPermission,named in context,CommentPermission
RO-Crate 1.2 context,,http://schema.org/CommunicateAction,named in context,CommunicateAction
RO-Crate 1.2 context,,http://schema.org/CommunityHealth,named in context,CommunityHealth
RO-Crate 1.2 context,,http://schema.org/CompilationAlbum,named in context,CompilationAlbum
RO-Crate 1.2 context,,http://schema.org/CompleteDataFeed,named in context,CompleteDataFeed
RO-Crate 1.2 context,,http://schema.org/Completed,named in context,Completed
RO-Crate 1.2 context,,http://schema.org/CompletedActionStatus,named in context,CompletedActionStatus
RO-Crate 1.2 context,,http://schema.org/CompoundPriceSpecification,named in context,CompoundPriceSpecification
RO-Crate 1.2 context,,http://schema.org/ComputerLanguage,named in context,ComputerLanguage
RO-Crate 1.2 context,,http://schema.org/ComputerStore,named in context,ComputerStore
RO-Crate 1.2 context,,http://schema.org/ConfirmAction,named in context,ConfirmAction
RO-Crate 1.2 context,,http://schema.org/Consortium,named in context,Consortium
RO-Crate 1.2 context,,http://schema.org/ConstraintNode,named in context,ConstraintNode
RO-Crate 1.2 context,,http://schema.org/ConsumeAction,named in context,ConsumeAction
RO-Crate 1.2 context,,http://schema.org/ContactPage,named in context,ContactPage
RO-Crate 1.2 context,,http://schema.org/ContactPoint,named in context,ContactPoint
RO-Crate 1.2 context,,http://schema.org/ContactPointOption,named in context,ContactPointOption
RO-Crate 1.2 context,,http://schema.org/ContagiousnessHealthAspect,named in context,ContagiousnessHealthAspect
RO-Crate 1.2 context,,http://schema.org/Continent,named in context,Continent
RO-Crate 1.2 context,,http://schema.org/ControlAction,named in context,ControlAction
RO-Crate 1.2 context,,http://schema.org/ConvenienceStore,named in context,ConvenienceStore
RO-Crate 1.2 context,,http://schema.org/Conversation,named in context,Conversation
RO-Crate 1.2 context,,http://schema.org/CookAction,named in context,CookAction
RO-Crate 1.2 context,,http://schema.org/Corporation,named in context,Corporation
RO-Crate 1.2 context,,http://schema.org/CorrectionComment,named in context,CorrectionComment
RO-Crate 1.2 context,,http://schema.org/Country,named in context,Country
RO-Crate 1.2 context,,http://schema.org/Course,named in context,Course
RO-Crate 1.2 context,,http://schema.org/CourseInstance,named in context,CourseInstance
RO-Crate 1.2 context,,http://schema.org/Courthouse,named in context,Courthouse
RO-Crate 1.2 context,,http://schema.org/CoverArt,named in context,CoverArt
RO-Crate 1.2 context,,http://schema.org/CovidTestingFacility,named in context,CovidTestingFacility
RO-Crate 1.2 context,,http://schema.org/CreateAction,named in context,CreateAction
RO-Crate 1.2 context,,http://schema.org/CreativeWork,named in context,CreativeWork
RO-Crate 1.2 context,,http://schema.org/CreativeWorkSeason,named in context,CreativeWorkSeason
RO-Crate 1.2 context,,http://schema.org/CreativeWorkSeries,named in context,CreativeWorkSeries
RO-Crate 1.2 context,,http://schema.org/CreditCard,named in context,CreditCard
RO-Crate 1.2 context,,http://schema.org/Crematorium,named in context,Crematorium
RO-Crate 1.2 context,,http://schema.org/CriticReview,named in context,CriticReview
RO-Crate 1.2 context,,http://schema.org/CrossSectional,named in context,CrossSectional
RO-Crate 1.2 context,,http://schema.org/CssSelectorType,named in context,CssSelectorType
RO-Crate 1.2 context,,http://schema.org/CurrencyConversionService,named in context,CurrencyConversionService
RO-Crate 1.2 context,,http://schema.org/DDxElement,named in context,DDxElement
RO-Crate 1.2 context,,http://schema.org/DJMixAlbum,named in context,DJMixAlbum
RO-Crate 1.2 context,,http://schema.org/DVDFormat,named in context,DVDFormat
RO-Crate 1.2 context,,http://schema.org/DamagedCondition,named in context,DamagedCondition
RO-Crate 1.2 context,,http://schema.org/DanceEvent,named in context,DanceEvent
RO-Crate 1.2 context,,http://schema.org/DanceGroup,named in context,DanceGroup
RO-Crate 1.2 context,,http://schema.org/DangerousGoodConsideration,named in context,DangerousGoodConsideration
RO-Crate 1.2 context,,http://schema.org/DataCatalog,named in context,DataCatalog
RO-Crate 1.2 context,,http://schema.org/DataDownload,named in context,DataDownload
RO-Crate 1.2 context,,http://schema.org/DataFeed,named in context,DataFeed
RO-Crate 1.2 context,,http://schema.org/DataFeedItem,named in context,DataFeedItem
RO-Crate 1.2 context,,http://schema.org/DataType,named in context,DataType
RO-Crate 1.2 context,,http://schema.org/Dataset,named in context,Dataset
RO-Crate 1.2 context,,http://schema.org/Date,named in context,Date
RO-Crate 1.2 context,,http://schema.org/DateTime,named in context,DateTime
RO-Crate 1.2 context,,http://schema.org/DatedMoneySpecification,named in context,DatedMoneySpecification
RO-Crate 1.2 context,,http://schema.org/DayOfWeek,named in context,DayOfWeek
RO-Crate 1.2 context,,http://schema.org/DaySpa,named in context,DaySpa
RO-Crate 1.2 context,,http://schema.org/DeactivateAction,named in context,DeactivateAction
RO-Crate 1.2 context,,http://schema.org/DecontextualizedContent,named in context,DecontextualizedContent
RO-Crate 1.2 context,,http://schema.org/DefenceEstablishment,named in context,DefenceEstablishment
RO-Crate 1.2 context,,http://schema.org/DefinedRegion,named in context,DefinedRegion
RO-Crate 1.2 context,,http://schema.org/DefinedTerm,named in context,DefinedTerm
RO-Crate 1.2 context,,http://schema.org/DefinedTermSet,named in context,DefinedTermSet
RO-Crate 1.2 context,,http://schema.org/DefinitiveLegalValue,named in context,DefinitiveLegalValue
RO-Crate 1.2 context,,http://schema.org/DeleteAction,named in context,DeleteAction
RO-Crate 1.2 context,,http://schema.org/DeliveryChargeSpecification,named in context,DeliveryChargeSpecification
RO-Crate 1.2 context,,http://schema.org/DeliveryEvent,named in context,DeliveryEvent
RO-Crate 1.2 context,,http://schema.org/DeliveryMethod,named in context,DeliveryMethod
RO-Crate 1.2 context,,http://schema.org/DeliveryTimeSettings,named in context,DeliveryTimeSettings
RO-Crate 1.2 context,,http://schema.org/Demand,named in context,Demand
RO-Crate 1.2 context,,http://schema.org/DemoAlbum,named in context,DemoAlbum
RO-Crate 1.2 context,,http://schema.org/DemoGameAvailability,named in context,DemoGameAvailability
RO-Crate 1.2 context,,http://schema.org/Dentist,named in context,Dentist
RO-Crate 1.2 context,,http://schema.org/Dentistry,named in context,Dentistry
RO-Crate 1.2 context,,http://schema.org/DepartAction,named in context,DepartAction
RO-Crate 1.2 context,,http://schema.org/DepartmentStore,named in context,DepartmentStore
RO-Crate 1.2 context,,http://schema.org/DepositAccount,named in context,DepositAccount
RO-Crate 1.2 context,,http://schema.org/Dermatologic,named in context,Dermatologic
RO-Crate 1.2 context,,http://schema.org/Dermatology,named in context,Dermatology
RO-Crate 1.2 context,,http://schema.org/DesktopWebPlatform,named in context,DesktopWebPlatform
RO-Crate 1.2 context,,http://schema.org/DiabeticDiet,named in context,DiabeticDiet
RO-Crate 1.2 context,,http://schema.org/Diagnostic,named in context,Diagnostic
RO-Crate 1.2 context,,http://schema.org/DiagnosticLab,named in context,DiagnosticLab
RO-Crate 1.2 context,,http://schema.org/DiagnosticProcedure,named in context,DiagnosticProcedure
RO-Crate 1.2 context,,http://schema.org/Diet,named in context,Diet
RO-Crate 1.2 context,,http://schema.org/DietNutrition,named in context,DietNutrition
RO-Crate 1.2 context,,http://schema.org/DietarySupplement,named in context,DietarySupplement
RO-Crate 1.2 context,,http://schema.org/DigitalAudioTapeFormat,named in context,DigitalAudioTapeFormat
RO-Crate 1.2 context,,http://schema.org/DigitalDocument,named in context,DigitalDocument
RO-Crate 1.2 context,,http://schema.org/DigitalDocumentPermission,named in context,DigitalDocumentPermission
RO-Crate 1.2 context,,http://schema.org/DigitalDocumentPermissionType,named in context,DigitalDocumentPermissionType
RO-Crate 1.2 context,,http://schema.org/DigitalFormat,named in context,DigitalFormat
RO-Crate 1.2 context,,http://schema.org/DigitalPlatformEnumeration,named in context,DigitalPlatformEnumeration
RO-Crate 1.2 context,,http://schema.org/DisabilitySupport,named in context,DisabilitySupport
RO-Crate 1.2 context,,http://schema.org/DisagreeAction,named in context,DisagreeAction
RO-Crate 1.2 context,,http://schema.org/Discontinued,named in context,Discontinued
RO-Crate 1.2 context,,http://schema.org/DiscoverAction,named in context,DiscoverAction
RO-Crate 1.2 context,,http://schema.org/DiscussionForumPosting,named in context,DiscussionForumPosting
RO-Crate 1.2 context,,http://schema.org/DislikeAction,named in context,DislikeAction
RO-Crate 1.2 context,,http://schema.org/Distance,named in context,Distance
RO-Crate 1.2 context,,http://schema.org/DistanceFee,named in context,DistanceFee
RO-Crate 1.2 context,,http://schema.org/Distillery,named in context,Distillery
RO-Crate 1.2 context,,http://schema.org/DonateAction,named in context,DonateAction
RO-Crate 1.2 context,,http://schema.org/DoseSchedule,named in context,DoseSchedule
RO-Crate 1.2 context,,http://schema.org/DoubleBlindedTrial,named in context,DoubleBlindedTrial
RO-Crate 1.2 context,,http://schema.org/DownloadAction,named in context,DownloadAction
RO-Crate 1.2 context,,http://schema.org/Downpayment,named in context,Downpayment
RO-Crate 1.2 context,,http://schema.org/DrawAction,named in context,DrawAction
RO-Crate 1.2 context,,http://schema.org/Drawing,named in context,Drawing
RO-Crate 1.2 context,,http://schema.org/DrinkAction,named in context,DrinkAction
RO-Crate 1.2 context,,http://schema.org/DriveWheelConfigurationValue,named in context,DriveWheelConfigurationValue
RO-Crate 1.2 context,,http://schema.org/DrivingSchoolVehicleUsage,named in context,DrivingSchoolVehicleUsage
RO-Crate 1.2 context,,http://schema.org/Drug,named in context,Drug
RO-Crate 1.2 context,,http://schema.org/DrugClass,named in context,DrugClass
RO-Crate 1.2 context,,http://schema.org/DrugCost,named in context,DrugCost
RO-Crate 1.2 context,,http://schema.org/DrugCostCategory,named in context,DrugCostCategory
RO-Crate 1.2 context,,http://schema.org/DrugLegalStatus,named in context,DrugLegalStatus
RO-Crate 1.2 context,,http://schema.org/DrugPregnancyCategory,named in context,DrugPregnancyCategory
RO-Crate 1.2 context,,http://schema.org/DrugPrescriptionStatus,named in context,DrugPrescriptionStatus
RO-Crate 1.2 context,,http://schema.org/DrugStrength,named in context,DrugStrength
RO-Crate 1.2 context,,http://schema.org/DryCleaningOrLaundry,named in context,DryCleaningOrLaundry
RO-Crate 1.2 context,,http://schema.org/Duration,named in context,Duration
RO-Crate 1.2 context,,http://schema.org/EBook,named in context,EBook
RO-Crate 1.2 context,,http://schema.org/EPRelease,named in context,EPRelease
RO-Crate 1.2 context,,http://schema.org/EUEnergyEfficiencyCategoryA,named in context,EUEnergyEfficiencyCategoryA
RO-Crate 1.2 context,,http://schema.org/EUEnergyEfficiencyCategoryA1Plus,named in context,EUEnergyEfficiencyCategoryA1Plus
RO-Crate 1.2 context,,http://schema.org/EUEnergyEfficiencyCategoryA2Plus,named in context,EUEnergyEfficiencyCategoryA2Plus
RO-Crate 1.2 context,,http://schema.org/EUEnergyEfficiencyCategoryA3Plus,named in context,EUEnergyEfficiencyCategoryA3Plus
RO-Crate 1.2 context,,http://schema.org/EUEnergyEfficiencyCategoryB,named in context,EUEnergyEfficiencyCategoryB
RO-Crate 1.2 context,,http://schema.org/EUEnergyEfficiencyCategoryC,named in context,EUEnergyEfficiencyCategoryC
RO-Crate 1.2 context,,http://schema.org/EUEnergyEfficiencyCategoryD,named in context,EUEnergyEfficiencyCategoryD
RO-Crate 1.2 context,,http://schema.org/EUEnergyEfficiencyCategoryE,named in context,EUEnergyEfficiencyCategoryE
RO-Crate 1.2 context,,http://schema.org/EUEnergyEfficiencyCategoryF,named in context,EUEnergyEfficiencyCategoryF
RO-Crate 1.2 context,,http://schema.org/EUEnergyEfficiencyCategoryG,named in context,EUEnergyEfficiencyCategoryG
RO-Crate 1.2 context,,http://schema.org/EUEnergyEfficiencyEnumeration,named in context,EUEnergyEfficiencyEnumeration
RO-Crate 1.2 context,,http://schema.org/Ear,named in context,Ear
RO-Crate 1.2 context,,http://schema.org/EatAction,named in context,EatAction
RO-Crate 1.2 context,,http://schema.org/EditedOrCroppedContent,named in context,EditedOrCroppedContent
RO-Crate 1.2 context,,http://schema.org/EducationEvent,named in context,EducationEvent
RO-Crate 1.2 context,,http://schema.org/EducationalAudience,named in context,EducationalAudience
RO-Crate 1.2 context,,http://schema.org/EducationalOccupationalCredential,named in context,EducationalOccupationalCredential
RO-Crate 1.2 context,,http://schema.org/EducationalOccupationalProgram,named in context,EducationalOccupationalProgram
RO-Crate 1.2 context,,http://schema.org/EducationalOrganization,named in context,EducationalOrganization
RO-Crate 1.2 context,,http://schema.org/EffectivenessHealthAspect,named in context,EffectivenessHealthAspect
RO-Crate 1.2 context,,http://schema.org/Electrician,named in context,Electrician
RO-Crate 1.2 context,,http://schema.org/ElectronicsStore,named in context,ElectronicsStore
RO-Crate 1.2 context,,http://schema.org/ElementarySchool,named in context,ElementarySchool
RO-Crate 1.2 context,,http://schema.org/EmailMessage,named in context,EmailMessage
RO-Crate 1.2 context,,http://schema.org/Embassy,named in context,Embassy
RO-Crate 1.2 context,,http://schema.org/Emergency,named in context,Emergency
RO-Crate 1.2 context,,http://schema.org/EmergencyService,named in context,EmergencyService
RO-Crate 1.2 context,,http://schema.org/EmployeeRole,named in context,EmployeeRole
RO-Crate 1.2 context,,http://schema.org/EmployerAggregateRating,named in context,EmployerAggregateRating
RO-Crate 1.2 context,,http://schema.org/EmployerReview,named in context,EmployerReview
RO-Crate 1.2 context,,http://schema.org/EmploymentAgency,named in context,EmploymentAgency
RO-Crate 1.2 context,,http://schema.org/Endocrine,named in context,Endocrine
RO-Crate 1.2 context,,http://schema.org/EndorseAction,named in context,EndorseAction
RO-Crate 1.2 context,,http://schema.org/EndorsementRating,named in context,EndorsementRating
RO-Crate 1.2 context,,http://schema.org/Energy,named in context,Energy
RO-Crate 1.2 context,,http://schema.org/EnergyConsumptionDetails,named in context,EnergyConsumptionDetails
RO-Crate 1.2 context,,http://schema.org/EnergyEfficiencyEnumeration,named in context,EnergyEfficiencyEnumeration
RO-Crate 1.2 context,,http://schema.org/EnergyStarCertified,named in context,EnergyStarCertified
RO-Crate 1.2 context,,http://schema.org/EnergyStarEnergyEfficiencyEnumeration,named in context,EnergyStarEnergyEfficiencyEnumeration
RO-Crate 1.2 context,,http://schema.org/EngineSpecification,named in context,EngineSpecification
RO-Crate 1.2 context,,http://schema.org/EnrollingByInvitation,named in context,EnrollingByInvitation
RO-Crate 1.2 context,,http://schema.org/EntertainmentBusiness,named in context,EntertainmentBusiness
RO-Crate 1.2 context,,http://schema.org/EntryPoint,named in context,EntryPoint
RO-Crate 1.2 context,,http://schema.org/Enumeration,named in context,Enumeration
RO-Crate 1.2 context,,http://schema.org/Episode,named in context,Episode
RO-Crate 1.2 context,,http://schema.org/Event,named in context,Event
RO-Crate 1.2 context,,http://schema.org/EventAttendanceModeEnumeration,named in context,EventAttendanceModeEnumeration
RO-Crate 1.2 context,,http://schema.org/EventCancelled,named in context,EventCancelled
RO-Crate 1.2 context,,http://schema.org/EventMovedOnline,named in context,EventMovedOnline
RO-Crate 1.2 context,,http://schema.org/EventPostponed,named in context,EventPostponed
RO-Crate 1.2 context,,http://schema.org/EventRescheduled,named in context,EventRescheduled
RO-Crate 1.2 context,,http://schema.org/EventReservation,named in context,EventReservation
RO-Crate 1.2 context,,http://schema.org/EventScheduled,named in context,EventScheduled
RO-Crate 1.2 context,,http://schema.org/EventSeries,named in context,EventSeries
RO-Crate 1.2 context,,http://schema.org/EventStatusType,named in context,EventStatusType
RO-Crate 1.2 context,,http://schema.org/EventVenue,named in context,EventVenue
RO-Crate 1.2 context,,http://schema.org/EvidenceLevelA,named in context,EvidenceLevelA
RO-Crate 1.2 context,,http://schema.org/EvidenceLevelB,named in context,EvidenceLevelB
RO-Crate 1.2 context,,http://schema.org/EvidenceLevelC,named in context,EvidenceLevelC
RO-Crate 1.2 context,,http://schema.org/ExampleMeasurementMethodEnum,named in context,ExampleMeasurementMethodEnum
RO-Crate 1.2 context,,http://schema.org/ExchangeRateSpecification,named in context,ExchangeRateSpecification
RO-Crate 1.2 context,,http://schema.org/ExchangeRefund,named in context,ExchangeRefund
RO-Crate 1.2 context,,http://schema.org/ExerciseAction,named in context,ExerciseAction
RO-Crate 1.2 context,,http://schema.org/ExerciseGym,named in context,ExerciseGym
RO-Crate 1.2 context,,http://schema.org/ExercisePlan,named in context,ExercisePlan
RO-Crate 1.2 context,,http://schema.org/ExhibitionEvent,named in context,ExhibitionEvent
RO-Crate 1.2 context,,http://schema.org/Eye,named in context,Eye
RO-Crate 1.2 context,,http://schema.org/FAQPage,named in context,FAQPage
RO-Crate 1.2 context,,http://schema.org/FDAcategoryA,named in context,FDAcategoryA
RO-Crate 1.2 context,,http://schema.org/FDAcategoryB,named in context,FDAcategoryB
RO-Crate 1.2 context,,http://schema.org/FDAcategoryC,named in context,FDAcategoryC
RO-Crate 1.2 context,,http://schema.org/FDAcategoryD,named in context,FDAcategoryD
RO-Crate 1.2 context,,http://schema.org/FDAcategoryX,named in context,FDAcategoryX
RO-Crate 1.2 context,,http://schema.org/FDAnotEvaluated,named in context,FDAnotEvaluated
RO-Crate 1.2 context,,http://schema.org/FMRadioChannel,named in context,FMRadioChannel
RO-Crate 1.2 context,,http://schema.org/FailedActionStatus,named in context,FailedActionStatus
RO-Crate 1.2 context,,http://schema.org/False,named in context,False
RO-Crate 1.2 context,,http://schema.org/FastFoodRestaurant,named in context,FastFoodRestaurant
RO-Crate 1.2 context,,http://schema.org/Female,named in context,Female
RO-Crate 1.2 context,,http://schema.org/Festival,named in context,Festival
RO-Crate 1.2 context,,http://schema.org/FilmAction,named in context,FilmAction
RO-Crate 1.2 context,,http://schema.org/FinancialProduct,named in context,FinancialProduct
RO-Crate 1.2 context,,http://schema.org/FinancialService,named in context,FinancialService
RO-Crate 1.2 context,,http://schema.org/FindAction,named in context,FindAction
RO-Crate 1.2 context,,http://schema.org/FireStation,named in context,FireStation
RO-Crate 1.2 context,,http://schema.org/Flexibility,named in context,Flexibility
RO-Crate 1.2 context,,http://schema.org/Flight,named in context,Flight
RO-Crate 1.2 context,,http://schema.org/FlightReservation,named in context,FlightReservation
RO-Crate 1.2 context,,http://schema.org/Float,named in context,Float
RO-Crate 1.2 context,,http://schema.org/FloorPlan,named in context,FloorPlan
RO-Crate 1.2 context,,http://schema.org/Florist,named in context,Florist
RO-Crate 1.2 context,,http://schema.org/FollowAction,named in context,FollowAction
RO-Crate 1.2 context,,http://schema.org/FoodEstablishment,named in context,FoodEstablishment
RO-Crate 1.2 context,,http://schema.org/FoodEstablishmentReservation,named in context,FoodEstablishmentReservation
RO-Crate 1.2 context,,http://schema.org/FoodEvent,named in context,FoodEvent
RO-Crate 1.2 context,,http://schema.org/FoodService,named in context,FoodService
RO-Crate 1.2 context,,http://schema.org/FourWheelDriveConfiguration,named in context,FourWheelDriveConfiguration
RO-Crate 1.2 context,,http://schema.org/FreeReturn,named in context,FreeReturn
RO-Crate 1.2 context,,http://schema.org/Friday,named in context,Friday
RO-Crate 1.2 context,,http://schema.org/FrontWheelDriveConfiguration,named in context,FrontWheelDriveConfiguration
RO-Crate 1.2 context,,http://schema.org/FullGameAvailability,named in context,FullGameAvailability
RO-Crate 1.2 context,,http://schema.org/FullRefund,named in context,FullRefund
RO-Crate 1.2 context,,http://schema.org/FundingAgency,named in context,FundingAgency
RO-Crate 1.2 context,,http://schema.org/FundingScheme,named in context,FundingScheme
RO-Crate 1.2 context,,http://schema.org/Fungus,named in context,Fungus
RO-Crate 1.2 context,,http://schema.org/FurnitureStore,named in context,FurnitureStore
RO-Crate 1.2 context,,http://schema.org/Game,named in context,Game
RO-Crate 1.2 context,,http://schema.org/GameAvailabilityEnumeration,named in context,GameAvailabilityEnumeration
RO-Crate 1.2 context,,http://schema.org/GamePlayMode,named in context,GamePlayMode
RO-Crate 1.2 context,,http://schema.org/GameServer,named in context,GameServer
RO-Crate 1.2 context,,http://schema.org/GameServerStatus,named in context,GameServerStatus
RO-Crate 1.2 context,,http://schema.org/GardenStore,named in context,GardenStore
RO-Crate 1.2 context,,http://schema.org/GasStation,named in context,GasStation
RO-Crate 1.2 context,,http://schema.org/Gastroenterologic,named in context,Gastroenterologic
RO-Crate 1.2 context,,http://schema.org/GatedResidenceCommunity,named in context,GatedResidenceCommunity
RO-Crate 1.2 context,,http://schema.org/GenderType,named in context,GenderType
RO-Crate 1.2 context,,http://schema.org/Gene,named in context,Gene
RO-Crate 1.2 context,,http://schema.org/GeneralContractor,named in context,GeneralContractor
RO-Crate 1.2 context,,http://schema.org/GenericWebPlatform,named in context,GenericWebPlatform
RO-Crate 1.2 context,,http://schema.org/Genetic,named in context,Genetic
RO-Crate 1.2 context,,http://schema.org/Genitourinary,named in context,Genitourinary
RO-Crate 1.2 context,,http://schema.org/GeoCircle,named in context,GeoCircle
RO-Crate 1.2 context,,http://schema.org/GeoCoordinates,named in context,GeoCoordinates
RO-Crate 1.2 context,,http://schema.org/GeoShape,named in context,GeoShape
RO-Crate 1.2 context,,http://schema.org/GeospatialGeometry,named in context,GeospatialGeometry
RO-Crate 1.2 context,,http://schema.org/Geriatric,named in context,Geriatric
RO-Crate 1.2 context,,http://schema.org/GettingAccessHealthAspect,named in context,GettingAccessHealthAspect
RO-Crate 1.2 context,,http://schema.org/GiveAction,named in context,GiveAction
RO-Crate 1.2 context,,http://schema.org/GlutenFreeDiet,named in context,GlutenFreeDiet
RO-Crate 1.2 context,,http://schema.org/GolfCourse,named in context,GolfCourse
RO-Crate 1.2 context,,http://schema.org/GovernmentBenefitsType,named in context,GovernmentBenefitsType
RO-Crate 1.2 context,,http://schema.org/GovernmentBuilding,named in context,GovernmentBuilding
RO-Crate 1.2 context,,http://schema.org/GovernmentOffice,named in context,GovernmentOffice
RO-Crate 1.2 context,,http://schema.org/GovernmentOrganization,named in context,GovernmentOrganization
RO-Crate 1.2 context,,http://schema.org/GovernmentPermit,named in context,GovernmentPermit
RO-Crate 1.2 context,,http://schema.org/GovernmentService,named in context,GovernmentService
RO-Crate 1.2 context,,http://schema.org/Grant,named in context,Grant
RO-Crate 1.2 context,,http://schema.org/GraphicNovel,named in context,GraphicNovel
RO-Crate 1.2 context,,http://schema.org/GroceryStore,named in context,GroceryStore
RO-Crate 1.2 context,,http://schema.org/GroupBoardingPolicy,named in context,GroupBoardingPolicy
RO-Crate 1.2 context,,http://schema.org/Guide,named in context,Guide
RO-Crate 1.2 context,,http://schema.org/Gynecologic,named in context,Gynecologic
RO-Crate 1.2 context,,http://schema.org/HVACBusiness,named in context,HVACBusiness
RO-Crate 1.2 context,,http://schema.org/Hackathon,named in context,Hackathon
RO-Crate 1.2 context,,http://schema.org/HairSalon,named in context,HairSalon
RO-Crate 1.2 context,,http://schema.org/HalalDiet,named in context,HalalDiet
RO-Crate 1.2 context,,http://schema.org/Hardcover,named in context,Hardcover
RO-Crate 1.2 context,,http://schema.org/HardwareStore,named in context,HardwareStore
RO-Crate 1.2 context,,http://schema.org/Head,named in context,Head
RO-Crate 1.2 context,,http://schema.org/HealthAndBeautyBusiness,named in context,HealthAndBeautyBusiness
RO-Crate 1.2 context,,http://schema.org/HealthAspectEnumeration,named in context,HealthAspectEnumeration
RO-Crate 1.2 context,,http://schema.org/HealthCare,named in context,HealthCare
RO-Crate 1.2 context,,http://schema.org/HealthClub,named in context,HealthClub
RO-Crate 1.2 context,,http://schema.org/HealthInsurancePlan,named in context,HealthInsurancePlan
RO-Crate 1.2 context,,http://schema.org/HealthPlanCostSharingSpecification,named in context,HealthPlanCostSharingSpecification
RO-Crate 1.2 context,,http://schema.org/HealthPlanFormulary,named in context,HealthPlanFormulary
RO-Crate 1.2 context,,http://schema.org/HealthPlanNetwork,named in context,HealthPlanNetwork
RO-Crate 1.2 context,,http://schema.org/HealthTopicContent,named in context,HealthTopicContent
RO-Crate 1.2 context,,http://schema.org/HealthcareConsideration,named in context,HealthcareConsideration
RO-Crate 1.2 context,,http://schema.org/HearingImpairedSupported,named in context,HearingImpairedSupported
RO-Crate 1.2 context,,http://schema.org/Hematologic,named in context,Hematologic
RO-Crate 1.2 context,,http://schema.org/HighSchool,named in context,HighSchool
RO-Crate 1.2 context,,http://schema.org/HinduDiet,named in context,HinduDiet
RO-Crate 1.2 context,,http://schema.org/HinduTemple,named in context,HinduTemple
RO-Crate 1.2 context,,http://schema.org/HobbyShop,named in context,HobbyShop
RO-Crate 1.2 context,,http://schema.org/HomeAndConstructionBusiness,named in context,HomeAndConstructionBusiness
RO-Crate 1.2 context,,http://schema.org/HomeGoodsStore,named in context,HomeGoodsStore
RO-Crate 1.2 context,,http://schema.org/Homeopathic,named in context,Homeopathic
RO-Crate 1.2 context,,http://schema.org/Hospital,named in context,Hospital
RO-Crate 1.2 context,,http://schema.org/Hostel,named in context,Hostel
RO-Crate 1.2 context,,http://schema.org/Hotel,named in context,Hotel
RO-Crate 1.2 context,,http://schema.org/HotelRoom,named in context,HotelRoom
RO-Crate 1.2 context,,http://schema.org/House,named in context,House
RO-Crate 1.2 context,,http://schema.org/HousePainter,named in context,HousePainter
RO-Crate 1.2 context,,http://schema.org/HowItWorksHealthAspect,named in context,HowItWorksHealthAspect
RO-Crate 1.2 context,,http://schema.org/HowOrWhereHealthAspect,named in context,HowOrWhereHealthAspect
RO-Crate 1.2 context,,http://schema.org/HowTo,named in context,HowTo
RO-Crate 1.2 context,,http://schema.org/HowToDirection,named in context,HowToDirection
RO-Crate 1.2 context,,http://schema.org/HowToItem,named in context,HowToItem
RO-Crate 1.2 context,,http://schema.org/HowToSection,named in context,HowToSection
RO-Crate 1.2 context,,http://schema.org/HowToStep,named in context,HowToStep
RO-Crate 1.2 context,,http://schema.org/HowToSupply,named in context,HowToSupply
RO-Crate 1.2 context,,http://schema.org/HowToTip,named in context,HowToTip
RO-Crate 1.2 context,,http://schema.org/HowToTool,named in context,HowToTool
RO-Crate 1.2 context,,http://schema.org/HyperToc,named in context,HyperToc
RO-Crate 1.2 context,,http://schema.org/HyperTocEntry,named in context,HyperTocEntry
RO-Crate 1.2 context,,http://schema.org/IOSPlatform,named in context,IOSPlatform
RO-Crate 1.2 context,,http://schema.org/IceCreamShop,named in context,IceCreamShop
RO-Crate 1.2 context,,http://schema.org/IgnoreAction,named in context,IgnoreAction
RO-Crate 1.2 context,,http://schema.org/ImageGallery,named in context,ImageGallery
RO-Crate 1.2 context,,http://schema.org/ImageObject,named in context,ImageObject
RO-Crate 1.2 context,,http://schema.org/ImageObjectSnapshot,named in context,ImageObjectSnapshot
RO-Crate 1.2 context,,http://schema.org/ImagingTest,named in context,ImagingTest
RO-Crate 1.2 context,,http://schema.org/InForce,named in context,InForce
RO-Crate 1.2 context,,http://schema.org/InStock,named in context,InStock
RO-Crate 1.2 context,,http://schema.org/InStoreOnly,named in context,InStoreOnly
RO-Crate 1.2 context,,http://schema.org/IndividualProduct,named in context,IndividualProduct
RO-Crate 1.2 context,,http://schema.org/Infectious,named in context,Infectious
RO-Crate 1.2 context,,http://schema.org/InfectiousAgentClass,named in context,InfectiousAgentClass
RO-Crate 1.2 context,,http://schema.org/InfectiousDisease,named in context,InfectiousDisease
RO-Crate 1.2 context,,http://schema.org/InformAction,named in context,InformAction
RO-Crate 1.2 context,,http://schema.org/IngredientsHealthAspect,named in context,IngredientsHealthAspect
RO-Crate 1.2 context,,http://schema.org/InsertAction,named in context,InsertAction
RO-Crate 1.2 context,,http://schema.org/InstallAction,named in context,InstallAction
RO-Crate 1.2 context,,http://schema.org/Installment,named in context,Installment
RO-Crate 1.2 context,,http://schema.org/InsuranceAgency,named in context,InsuranceAgency
RO-Crate 1.2 context,,http://schema.org/Intangible,named in context,Intangible
RO-Crate 1.2 context,,http://schema.org/Integer,named in context,Integer
RO-Crate 1.2 context,,http://schema.org/InteractAction,named in context,InteractAction
RO-Crate 1.2 context,,http://schema.org/InteractionCounter,named in context,InteractionCounter
RO-Crate 1.2 context,,http://schema.org/InternationalTrial,named in context,InternationalTrial
RO-Crate 1.2 context,,http://schema.org/InternetCafe,named in context,InternetCafe
RO-Crate 1.2 context,,http://schema.org/InvestmentFund,named in context,InvestmentFund
RO-Crate 1.2 context,,http://schema.org/InvestmentOrDeposit,named in context,InvestmentOrDeposit
RO-Crate 1.2 context,,http://schema.org/InviteAction,named in context,InviteAction
RO-Crate 1.2 context,,http://schema.org/Invoice,named in context,Invoice
RO-Crate 1.2 context,,http://schema.org/InvoicePrice,named in context,InvoicePrice
RO-Crate 1.2 context,,http://schema.org/ItemAvailability,named in context,ItemAvailability
RO-Crate 1.2 context,,http://schema.org/ItemList,named in context,ItemList
RO-Crate 1.2 context,,http://schema.org/ItemListOrderAscending,named in context,ItemListOrderAscending
RO-Crate 1.2 context,,http://schema.org/ItemListOrderDescending,named in context,ItemListOrderDescending
RO-Crate 1.2 context,,http://schema.org/ItemListOrderType,named in context,ItemListOrderType
RO-Crate 1.2 context,,http://schema.org/ItemListUnordered,named in context,ItemListUnordered
RO-Crate 1.2 context,,http://schema.org/ItemPage,named in context,ItemPage
RO-Crate 1.2 context,,http://schema.org/JewelryStore,named in context,JewelryStore
RO-Crate 1.2 context,,http://schema.org/JobPosting,named in context,JobPosting
RO-Crate 1.2 context,,http://schema.org/JoinAction,named in context,JoinAction
RO-Crate 1.2 context,,http://schema.org/Joint,named in context,Joint
RO-Crate 1.2 context,,http://schema.org/KosherDiet,named in context,KosherDiet
RO-Crate 1.2 context,,http://schema.org/LaboratoryScience,named in context,LaboratoryScience
RO-Crate 1.2 context,,http://schema.org/LakeBodyOfWater,named in context,LakeBodyOfWater
RO-Crate 1.2 context,,http://schema.org/Landform,named in context,Landform
RO-Crate 1.2 context,,http://schema.org/LandmarksOrHistoricalBuildings,named in context,LandmarksOrHistoricalBuildings
RO-Crate 1.2 context,,http://schema.org/Language,named in context,Language
RO-Crate 1.2 context,,http://schema.org/LaserDiscFormat,named in context,LaserDiscFormat
RO-Crate 1.2 context,,http://schema.org/LearningResource,named in context,LearningResource
RO-Crate 1.2 context,,http://schema.org/LeaveAction,named in context,LeaveAction
RO-Crate 1.2 context,,http://schema.org/LeftHandDriving,named in context,LeftHandDriving
RO-Crate 1.2 context,,http://schema.org/LegalForceStatus,named in context,LegalForceStatus
RO-Crate 1.2 context,,http://schema.org/LegalService,named in context,LegalService
RO-Crate 1.2 context,,http://schema.org/LegalValueLevel,named in context,LegalValueLevel
RO-Crate 1.2 context,,http://schema.org/Legislation,named in context,Legislation
RO-Crate 1.2 context,,http://schema.org/LegislationObject,named in context,LegislationObject
RO-Crate 1.2 context,,http://schema.org/LegislativeBuilding,named in context,LegislativeBuilding
RO-Crate 1.2 context,,http://schema.org/LeisureTimeActivity,named in context,LeisureTimeActivity
RO-Crate 1.2 context,,http://schema.org/LendAction,named in context,LendAction
RO-Crate 1.2 context,,http://schema.org/Library,named in context,Library
RO-Crate 1.2 context,,http://schema.org/LibrarySystem,named in context,LibrarySystem
RO-Crate 1.2 context,,http://schema.org/LifestyleModification,named in context,LifestyleModification
RO-Crate 1.2 context,,http://schema.org/Ligament,named in context,Ligament
RO-Crate 1.2 context,,http://schema.org/LikeAction,named in context,LikeAction
RO-Crate 1.2 context,,http://schema.org/LimitedAvailability,named in context,LimitedAvailability
RO-Crate 1.2 context,,http://schema.org/LimitedByGuaranteeCharity,named in context,LimitedByGuaranteeCharity
RO-Crate 1.2 context,,http://schema.org/LinkRole,named in context,LinkRole
RO-Crate 1.2 context,,http://schema.org/LiquorStore,named in context,LiquorStore
RO-Crate 1.2 context,,http://schema.org/ListItem,named in context,ListItem
RO-Crate 1.2 context,,http://schema.org/ListPrice,named in context,ListPrice
RO-Crate 1.2 context,,http://schema.org/ListenAction,named in context,ListenAction
RO-Crate 1.2 context,,http://schema.org/LiteraryEvent,named in context,LiteraryEvent
RO-Crate 1.2 context,,http://schema.org/LiveAlbum,named in context,LiveAlbum
RO-Crate 1.2 context,,http://schema.org/LiveBlogPosting,named in context,LiveBlogPosting
RO-Crate 1.2 context,,http://schema.org/LivingWithHealthAspect,named in context,LivingWithHealthAspect
RO-Crate 1.2 context,,http://schema.org/LoanOrCredit,named in context,LoanOrCredit
RO-Crate 1.2 context,,http://schema.org/LocalBusiness,named in context,LocalBusiness
RO-Crate 1.2 context,,http://schema.org/LocationFeatureSpecification,named in context,LocationFeatureSpecification
RO-Crate 1.2 context,,http://schema.org/LockerDelivery,named in context,LockerDelivery
RO-Crate 1.2 context,,http://schema.org/Locksmith,named in context,Locksmith
RO-Crate 1.2 context,,http://schema.org/LodgingBusiness,named in context,LodgingBusiness
RO-Crate 1.2 context,,http://schema.org/LodgingReservation,named in context,LodgingReservation
RO-Crate 1.2 context,,http://schema.org/Longitudinal,named in context,Longitudinal
RO-Crate 1.2 context,,http://schema.org/LoseAction,named in context,LoseAction
RO-Crate 1.2 context,,http://schema.org/LowCalorieDiet,named in context,LowCalorieDiet
RO-Crate 1.2 context,,http://schema.org/LowFatDiet,named in context,LowFatDiet
RO-Crate 1.2 context,,http://schema.org/LowLactoseDiet,named in context,LowLactoseDiet
RO-Crate 1.2 context,,http://schema.org/LowSaltDiet,named in context,LowSaltDiet
RO-Crate 1.2 context,,http://schema.org/Lung,named in context,Lung
RO-Crate 1.2 context,,http://schema.org/LymphaticVessel,named in context,LymphaticVessel
RO-Crate 1.2 context,,http://schema.org/MRI,named in context,MRI
RO-Crate 1.2 context,,http://schema.org/MSRP,named in context,MSRP
RO-Crate 1.2 context,,http://schema.org/Male,named in context,Male
RO-Crate 1.2 context,,http://schema.org/Manuscript,named in context,Manuscript
RO-Crate 1.2 context,,http://schema.org/Map,named in context,Map
RO-Crate 1.2 context,,http://schema.org/MapCategoryType,named in context,MapCategoryType
RO-Crate 1.2 context,,http://schema.org/MarryAction,named in context,MarryAction
RO-Crate 1.2 context,,http://schema.org/Mass,named in context,Mass
RO-Crate 1.2 context,,http://schema.org/MathSolver,named in context,MathSolver
RO-Crate 1.2 context,,http://schema.org/MaximumDoseSchedule,named in context,MaximumDoseSchedule
RO-Crate 1.2 context,,http://schema.org/MayTreatHealthAspect,named in context,MayTreatHealthAspect
RO-Crate 1.2 context,,http://schema.org/MeasurementMethodEnum,named in context,MeasurementMethodEnum
RO-Crate 1.2 context,,http://schema.org/MeasurementTypeEnumeration,named in context,MeasurementTypeEnumeration
RO-Crate 1.2 context,,http://schema.org/MediaGallery,named in context,MediaGallery
RO-Crate 1.2 context,,http://schema.org/MediaManipulationRatingEnumeration,named in context,MediaManipulationRatingEnumeration
RO-Crate 1.2 context,,http://schema.org/MediaObject,named in context,MediaObject
RO-Crate 1.2 context,,http://schema.org/MediaReview,named in context,MediaReview
RO-Crate 1.2 context,,http://schema.org/MediaReviewItem,named in context,MediaReviewItem
RO-Crate 1.2 context,,http://schema.org/MediaSubscription,named in context,MediaSubscription
RO-Crate 1.2 context,,http://schema.org/MedicalAudience,named in context,MedicalAudience
RO-Crate 1.2 context,,http://schema.org/MedicalAudienceType,named in context,MedicalAudienceType
RO-Crate 1.2 context,,http://schema.org/MedicalBusiness,named in context,MedicalBusiness
RO-Crate 1.2 context,,http://schema.org/MedicalCause,named in context,MedicalCause
RO-Crate 1.2 context,,http://schema.org/MedicalClinic,named in context,MedicalClinic
RO-Crate 1.2 context,,http://schema.org/MedicalCode,named in context,MedicalCode
RO-Crate 1.2 context,,http://schema.org/MedicalCondition,named in context,MedicalCondition
RO-Crate 1.2 context,,http://schema.org/MedicalConditionStage,named in context,MedicalConditionStage
RO-Crate 1.2 context,,http://schema.org/MedicalContraindication,named in context,MedicalContraindication
RO-Crate 1.2 context,,http://schema.org/MedicalDevice,named in context,MedicalDevice
RO-Crate 1.2 context,,http://schema.org/MedicalDevicePurpose,named in context,MedicalDevicePurpose
RO-Crate 1.2 context,,http://schema.org/MedicalEntity,named in context,MedicalEntity
RO-Crate 1.2 context,,http://schema.org/MedicalEnumeration,named in context,MedicalEnumeration
RO-Crate 1.2 context,,http://schema.org/MedicalEvidenceLevel,named in context,MedicalEvidenceLevel
RO-Crate 1.2 context,,http://schema.org/MedicalGuideline,named in context,MedicalGuideline
RO-Crate 1.2 context,,http://schema.org/MedicalGuidelineContraindication,named in context,MedicalGuidelineContraindication
RO-Crate 1.2 context,,http://schema.org/MedicalGuidelineRecommendation,named in context,MedicalGuidelineRecommendation
RO-Crate 1.2 context,,http://schema.org/MedicalImagingTechnique,named in context,MedicalImagingTechnique
RO-Crate 1.2 context,,http://schema.org/MedicalIndication,named in context,MedicalIndication
RO-Crate 1.2 context,,http://schema.org/MedicalIntangible,named in context,MedicalIntangible
RO-Crate 1.2 context,,http://schema.org/MedicalObservationalStudy,named in context,MedicalObservationalStudy
RO-Crate 1.2 context,,http://schema.org/MedicalObservationalStudyDesign,named in context,MedicalObservationalStudyDesign
RO-Crate 1.2 context,,http://schema.org/MedicalOrganization,named in context,MedicalOrganization
RO-Crate 1.2 context,,http://schema.org/MedicalProcedure,named in context,MedicalProcedure
RO-Crate 1.2 context,,http://schema.org/MedicalProcedureType,named in context,MedicalProcedureType
RO-Crate 1.2 context,,http://schema.org/MedicalResearcher,named in context,MedicalResearcher
RO-Crate 1.2 context,,http://schema.org/MedicalRiskCalculator,named in context,MedicalRiskCalculator
RO-Crate 1.2 context,,http://schema.org/MedicalRiskEstimator,named in context,MedicalRiskEstimator
RO-Crate 1.2 context,,http://schema.org/MedicalRiskFactor,named in context,MedicalRiskFactor
RO-Crate 1.2 context,,http://schema.org/MedicalRiskScore,named in context,MedicalRiskScore
RO-Crate 1.2 context,,http://schema.org/MedicalScholarlyArticle,named in context,MedicalScholarlyArticle
RO-Crate 1.2 context,,http://schema.org/MedicalSign,named in context,MedicalSign
RO-Crate 1.2 context,,http://schema.org/MedicalSignOrSymptom,named in context,MedicalSignOrSymptom
RO-Crate 1.2 context,,http://schema.org/MedicalSpecialty,named in context,MedicalSpecialty
RO-Crate 1.2 context,,http://schema.org/MedicalStudy,named in context,MedicalStudy
RO-Crate 1.2 context,,http://schema.org/MedicalStudyStatus,named in context,MedicalStudyStatus
RO-Crate 1.2 context,,http://schema.org/MedicalSymptom,named in context,MedicalSymptom
RO-Crate 1.2 context,,http://schema.org/MedicalTest,named in context,MedicalTest
RO-Crate 1.2 context,,http://schema.org/MedicalTestPanel,named in context,MedicalTestPanel
RO-Crate 1.2 context,,http://schema.org/MedicalTherapy,named in context,MedicalTherapy
RO-Crate 1.2 context,,http://schema.org/MedicalTrial,named in context,MedicalTrial
RO-Crate 1.2 context,,http://schema.org/MedicalTrialDesign,named in context,MedicalTrialDesign
RO-Crate 1.2 context,,http://schema.org/MedicalWebPage,named in context,MedicalWebPage
RO-Crate 1.2 context,,http://schema.org/MedicineSystem,named in context,MedicineSystem
RO-Crate 1.2 context,,http://schema.org/MeetingRoom,named in context,MeetingRoom
RO-Crate 1.2 context,,http://schema.org/MensClothingStore,named in context,MensClothingStore
RO-Crate 1.2 context,,http://schema.org/Menu,named in context,Menu
RO-Crate 1.2 context,,http://schema.org/MenuItem,named in context,MenuItem
RO-Crate 1.2 context,,http://schema.org/MenuSection,named in context,MenuSection
RO-Crate 1.2 context,,http://schema.org/MerchantReturnEnumeration,named in context,MerchantReturnEnumeration
RO-Crate 1.2 context,,http://schema.org/MerchantReturnFiniteReturnWindow,named in context,MerchantReturnFiniteReturnWindow
RO-Crate 1.2 context,,http://schema.org/MerchantReturnNotPermitted,named in context,MerchantReturnNotPermitted
RO-Crate 1.2 context,,http://schema.org/MerchantReturnPolicy,named in context,MerchantReturnPolicy
RO-Crate 1.2 context,,http://schema.org/MerchantReturnPolicySeasonalOverride,named in context,MerchantReturnPolicySeasonalOverride
RO-Crate 1.2 context,,http://schema.org/MerchantReturnUnlimitedWindow,named in context,MerchantReturnUnlimitedWindow
RO-Crate 1.2 context,,http://schema.org/MerchantReturnUnspecified,named in context,MerchantReturnUnspecified
RO-Crate 1.2 context,,http://schema.org/Message,named in context,Message
RO-Crate 1.2 context,,http://schema.org/MiddleSchool,named in context,MiddleSchool
RO-Crate 1.2 context,,http://schema.org/Midwifery,named in context,Midwifery
RO-Crate 1.2 context,,http://schema.org/MinimumAdvertisedPrice,named in context,MinimumAdvertisedPrice
RO-Crate 1.2 context,,http://schema.org/MisconceptionsHealthAspect,named in context,MisconceptionsHealthAspect
RO-Crate 1.2 context,,http://schema.org/MixedEventAttendanceMode,named in context,MixedEventAttendanceMode
RO-Crate 1.2 context,,http://schema.org/MixtapeAlbum,named in context,MixtapeAlbum
RO-Crate 1.2 context,,http://schema.org/MobileApplication,named in context,MobileApplication
RO-Crate 1.2 context,,http://schema.org/MobilePhoneStore,named in context,MobilePhoneStore
RO-Crate 1.2 context,,http://schema.org/MobileWebPlatform,named in context,MobileWebPlatform
RO-Crate 1.2 context,,http://schema.org/MolecularEntity,named in context,MolecularEntity
RO-Crate 1.2 context,,http://schema.org/Monday,named in context,Monday
RO-Crate 1.2 context,,http://schema.org/MonetaryAmount,named in context,MonetaryAmount
RO-Crate 1.2 context,,http://schema.org/MonetaryAmountDistribution,named in context,MonetaryAmountDistribution
RO-Crate 1.2 context,,http://schema.org/MonetaryGrant,named in context,MonetaryGrant
RO-Crate 1.2 context,,http://schema.org/MoneyTransfer,named in context,MoneyTransfer
RO-Crate 1.2 context,,http://schema.org/MortgageLoan,named in context,MortgageLoan
RO-Crate 1.2 context,,http://schema.org/Mosque,named in context,Mosque
RO-Crate 1.2 context,,http://schema.org/Motel,named in context,Motel
RO-Crate 1.2 context,,http://schema.org/Motorcycle,named in context,Motorcycle
RO-Crate 1.2 context,,http://schema.org/MotorcycleDealer,named in context,MotorcycleDealer
RO-Crate 1.2 context,,http://schema.org/MotorcycleRepair,named in context,MotorcycleRepair
RO-Crate 1.2 context,,http://schema.org/MotorizedBicycle,named in context,MotorizedBicycle
RO-Crate 1.2 context,,http://schema.org/Mountain,named in context,Mountain
RO-Crate 1.2 context,,http://schema.org/MoveAction,named in context,MoveAction
RO-Crate 1.2 context,,http://schema.org/Movie,named in context,Movie
RO-Crate 1.2 context,,http://schema.org/MovieClip,named in context,MovieClip
RO-Crate 1.2 context,,http://schema.org/MovieRentalStore,named in context,MovieRentalStore
RO-Crate 1.2 context,,http://schema.org/MovieSeries,named in context,MovieSeries
RO-Crate 1.2 context,,http://schema.org/MovieTheater,named in context,MovieTheater
RO-Crate 1.2 context,,http://schema.org/MovingCompany,named in context,MovingCompany
RO-Crate 1.2 context,,http://schema.org/MultiCenterTrial,named in context,MultiCenterTrial
RO-Crate 1.2 context,,http://schema.org/MultiPlayer,named in context,MultiPlayer
RO-Crate 1.2 context,,http://schema.org/MulticellularParasite,named in context,MulticellularParasite
RO-Crate 1.2 context,,http://schema.org/Muscle,named in context,Muscle
RO-Crate 1.2 context,,http://schema.org/Musculoskeletal,named in context,Musculoskeletal
RO-Crate 1.2 context,,http://schema.org/MusculoskeletalExam,named in context,MusculoskeletalExam
RO-Crate 1.2 context,,http://schema.org/Museum,named in context,Museum
RO-Crate 1.2 context,,http://schema.org/MusicAlbum,named in context,MusicAlbum
RO-Crate 1.2 context,,http://schema.org/MusicAlbumProductionType,named in context,MusicAlbumProductionType
RO-Crate 1.2 context,,http://schema.org/MusicAlbumReleaseType,named in context,MusicAlbumReleaseType
RO-Crate 1.2 context,,http://schema.org/MusicComposition,named in context,MusicComposition
RO-Crate 1.2 context,,http://schema.org/MusicEvent,named in context,MusicEvent
RO-Crate 1.2 context,,http://schema.org/MusicGroup,named in context,MusicGroup
RO-Crate 1.2 context,,http://schema.org/MusicPlaylist,named in context,MusicPlaylist
RO-Crate 1.2 context,,http://schema.org/MusicRecording,named in context,MusicRecording
RO-Crate 1.2 context,,http://schema.org/MusicRelease,named in context,MusicRelease
RO-Crate 1.2 context,,http://schema.org/MusicReleaseFormatType,named in context,MusicReleaseFormatType
RO-Crate 1.2 context,,http://schema.org/MusicStore,named in context,MusicStore
RO-Crate 1.2 context,,http://schema.org/MusicVenue,named in context,MusicVenue
RO-Crate 1.2 context,,http://schema.org/MusicVideoObject,named in context,MusicVideoObject
RO-Crate 1.2 context,,http://schema.org/NGO,named in context,NGO
RO-Crate 1.2 context,,http://schema.org/NLNonprofitType,named in context,NLNonprofitType
RO-Crate 1.2 context,,http://schema.org/NailSalon,named in context,NailSalon
RO-Crate 1.2 context,,http://schema.org/NarcoticConsideration,named in context,NarcoticConsideration
RO-Crate 1.2 context,,http://schema.org/Neck,named in context,Neck
RO-Crate 1.2 context,,http://schema.org/Nerve,named in context,Nerve
RO-Crate 1.2 context,,http://schema.org/Neuro,named in context,Neuro
RO-Crate 1.2 context,,http://schema.org/Neurologic,named in context,Neurologic
RO-Crate 1.2 context,,http://schema.org/NewCondition,named in context,NewCondition
RO-Crate 1.2 context,,http://schema.org/NewsArticle,named in context,NewsArticle
RO-Crate 1.2 context,,http://schema.org/NewsMediaOrganization,named in context,NewsMediaOrganization
RO-Crate 1.2 context,,http://schema.org/Newspaper,named in context,Newspaper
RO-Crate 1.2 context,,http://schema.org/NightClub,named in context,NightClub
RO-Crate 1.2 context,,http://schema.org/NoninvasiveProcedure,named in context,NoninvasiveProcedure
RO-Crate 1.2 context,,http://schema.org/Nonprofit501a,named in context,Nonprofit501a
RO-Crate 1.2 context,,http://schema.org/Nonprofit501c1,named in context,Nonprofit501c1
RO-Crate 1.2 context,,http://schema.org/Nonprofit501c10,named in context,Nonprofit501c10
RO-Crate 1.2 context,,http://schema.org/Nonprofit501c11,named in context,Nonprofit501c11
RO-Crate 1.2 context,,http://schema.org/Nonprofit501c12,named in context,Nonprofit501c12
RO-Crate 1.2 context,,http://schema.org/Nonprofit501c13,named in context,Nonprofit501c13
RO-Crate 1.2 context,,http://schema.org/Nonprofit501c14,named in context,Nonprofit501c14
RO-Crate 1.2 context,,http://schema.org/Nonprofit501c15,named in context,Nonprofit501c15
RO-Crate 1.2 context,,http://schema.org/Nonprofit501c16,named in context,Nonprofit501c16
RO-Crate 1.2 context,,http://schema.org/Nonprofit501c17,named in context,Nonprofit501c17
RO-Crate 1.2 context,,http://schema.org/Nonprofit501c18,named in context,Nonprofit501c18
RO-Crate 1.2 context,,http://schema.org/Nonprofit501c19,named in context,Nonprofit501c19
RO-Crate 1.2 context,,http://schema.org/Nonprofit501c2,named in context,Nonprofit501c2
RO-Crate 1.2 context,,http://schema.org/Nonprofit501c20,named in context,Nonprofit501c20
RO-Crate 1.2 context,,http://schema.org/Nonprofit501c21,named in context,Nonprofit501c21
RO-Crate 1.2 context,,http://schema.org/Nonprofit501c22,named in context,Nonprofit501c22
RO-Crate 1.2 context,,http://schema.org/Nonprofit501c23,named in context,Nonprofit501c23
RO-Crate 1.2 context,,http://schema.org/Nonprofit501c24,named in context,Nonprofit501c24
RO-Crate 1.2 context,,http://schema.org/Nonprofit501c25,named in context,Nonprofit501c25
RO-Crate 1.2 context,,http://schema.org/Nonprofit501c26,named in context,Nonprofit501c26
RO-Crate 1.2 context,,http://schema.org/Nonprofit501c27,named in context,Nonprofit501c27
RO-Crate 1.2 context,,http://schema.org/Nonprofit501c28,named in context,Nonprofit501c28
RO-Crate 1.2 context,,http://schema.org/Nonprofit501c3,named in context,Nonprofit501c3
RO-Crate 1.2 context,,http://schema.org/Nonprofit501c4,named in context,Nonprofit501c4
RO-Crate 1.2 context,,http://schema.org/Nonprofit501c5,named in context,Nonprofit501c5
RO-Crate 1.2 context,,http://schema.org/Nonprofit501c6,named in context,Nonprofit501c6
RO-Crate 1.2 context,,http://schema.org/Nonprofit501c7,named in context,Nonprofit501c7
RO-Crate 1.2 context,,http://schema.org/Nonprofit501c8,named in context,Nonprofit501c8
RO-Crate 1.2 context,,http://schema.org/Nonprofit501c9,named in context,Nonprofit501c9
RO-Crate 1.2 context,,http://schema.org/Nonprofit501d,named in context,Nonprofit501d
RO-Crate 1.2 context,,http://schema.org/Nonprofit501e,named in context,Nonprofit501e
RO-Crate 1.2 context,,http://schema.org/Nonprofit501f,named in context,Nonprofit501f
RO-Crate 1.2 context,,http://schema.org/Nonprofit501k,named in context,Nonprofit501k
RO-Crate 1.2 context,,http://schema.org/Nonprofit501n,named in context,Nonprofit501n
RO-Crate 1.2 context,,http://schema.org/Nonprofit501q,named in context,Nonprofit501q
RO-Crate 1.2 context,,http://schema.org/Nonprofit527,named in context,Nonprofit527
RO-Crate 1.2 context,,http://schema.org/NonprofitANBI,named in context,NonprofitANBI
RO-Crate 1.2 context,,http://schema.org/NonprofitSBBI,named in context,NonprofitSBBI
RO-Crate 1.2 context,,http://schema.org/NonprofitType,named in context,NonprofitType
RO-Crate 1.2 context,,http://schema.org/Nose,named in context,Nose
RO-Crate 1.2 context,,http://schema.org/NotInForce,named in context,NotInForce
RO-Crate 1.2 context,,http://schema.org/NotYetRecruiting,named in context,NotYetRecruiting
RO-Crate 1.2 context,,http://schema.org/Notary,named in context,Notary
RO-Crate 1.2 context,,http://schema.org/NoteDigitalDocument,named in context,NoteDigitalDocument
RO-Crate 1.2 context,,http://schema.org/Number,named in context,Number
RO-Crate 1.2 context,,http://schema.org/Nursing,named in context,Nursing
RO-Crate 1.2 context,,http://schema.org/NutritionInformation,named in context,NutritionInformation
RO-Crate 1.2 context,,http://schema.org/OTC,named in context,OTC
RO-Crate 1.2 context,,http://schema.org/Observation,named in context,Observation
RO-Crate 1.2 context,,http://schema.org/Observational,named in context,Observational
RO-Crate 1.2 context,,http://schema.org/Obstetric,named in context,Obstetric
RO-Crate 1.2 context,,http://schema.org/Occupation,named in context,Occupation
RO-Crate 1.2 context,,http://schema.org/OccupationalActivity,named in context,OccupationalActivity
RO-Crate 1.2 context,,http://schema.org/OccupationalExperienceRequirements,named in context,OccupationalExperienceRequirements
RO-Crate 1.2 context,,http://schema.org/OccupationalTherapy,named in context,OccupationalTherapy
RO-Crate 1.2 context,,http://schema.org/OceanBodyOfWater,named in context,OceanBodyOfWater
RO-Crate 1.2 context,,http://schema.org/Offer,named in context,Offer
RO-Crate 1.2 context,,http://schema.org/OfferCatalog,named in context,OfferCatalog
RO-Crate 1.2 context,,http://schema.org/OfferForLease,named in context,OfferForLease
RO-Crate 1.2 context,,http://schema.org/OfferForPurchase,named in context,OfferForPurchase
RO-Crate 1.2 context,,http://schema.org/OfferItemCondition,named in context,OfferItemCondition
RO-Crate 1.2 context,,http://schema.org/OfferShippingDetails,named in context,OfferShippingDetails
RO-Crate 1.2 context,,http://schema.org/OfficeEquipmentStore,named in context,OfficeEquipmentStore
RO-Crate 1.2 context,,http://schema.org/OfficialLegalValue,named in context,OfficialLegalValue
RO-Crate 1.2 context,,http://schema.org/OfflineEventAttendanceMode,named in context,OfflineEventAttendanceMode
RO-Crate 1.2 context,,http://schema.org/OfflinePermanently,named in context,OfflinePermanently
RO-Crate 1.2 context,,http://schema.org/OfflineTemporarily,named in context,OfflineTemporarily
RO-Crate 1.2 context,,http://schema.org/OnDemandEvent,named in context,OnDemandEvent
RO-Crate 1.2 context,,http://schema.org/OnSitePickup,named in context,OnSitePickup
RO-Crate 1.2 context,,http://schema.org/Oncologic,named in context,Oncologic
RO-Crate 1.2 context,,http://schema.org/OneTimePayments,named in context,OneTimePayments
RO-Crate 1.2 context,,http://schema.org/Online,named in context,Online
RO-Crate 1.2 context,,http://schema.org/OnlineBusiness,named in context,OnlineBusiness
RO-Crate 1.2 context,,http://schema.org/OnlineEventAttendanceMode,named in context,OnlineEventAttendanceMode
RO-Crate 1.2 context,,http://schema.org/OnlineFull,named in context,OnlineFull
RO-Crate 1.2 context,,http://schema.org/OnlineOnly,named in context,OnlineOnly
RO-Crate 1.2 context,,http://schema.org/OnlineStore,named in context,OnlineStore
RO-Crate 1.2 context,,http://schema.org/OpenTrial,named in context,OpenTrial
RO-Crate 1.2 context,,http://schema.org/OpeningHoursSpecification,named in context,OpeningHoursSpecification
RO-Crate 1.2 context,,http://schema.org/OpinionNewsArticle,named in context,OpinionNewsArticle
RO-Crate 1.2 context,,http://schema.org/Optician,named in context,Optician
RO-Crate 1.2 context,,http://schema.org/Optometric,named in context,Optometric
RO-Crate 1.2 context,,http://schema.org/Order,named in context,Order
RO-Crate 1.2 context,,http://schema.org/OrderAction,named in context,OrderAction
RO-Crate 1.2 context,,http://schema.org/OrderCancelled,named in context,OrderCancelled
RO-Crate 1.2 context,,http://schema.org/OrderDelivered,named in context,OrderDelivered
RO-Crate 1.2 context,,http://schema.org/OrderInTransit,named in context,OrderInTransit
RO-Crate 1.2 context,,http://schema.org/OrderItem,named in context,OrderItem
RO-Crate 1.2 context,,http://schema.org/OrderPaymentDue,named in context,OrderPaymentDue
RO-Crate 1.2 context,,http://schema.org/OrderPickupAvailable,named in context,OrderPickupAvailable
RO-Crate 1.2 context,,http://schema.org/OrderProblem,named in context,OrderProblem
RO-Crate 1.2 context,,http://schema.org/OrderProcessing,named in context,OrderProcessing
RO-Crate 1.2 context,,http://schema.org/OrderReturned,named in context,OrderReturned
RO-Crate 1.2 context,,http://schema.org/OrderStatus,named in context,OrderStatus
RO-Crate 1.2 context,,http://schema.org/Organization,named in context,Organization
RO-Crate 1.2 context,,http://schema.org/OrganizationRole,named in context,OrganizationRole
RO-Crate 1.2 context,,http://schema.org/OrganizeAction,named in context,OrganizeAction
RO-Crate 1.2 context,,http://schema.org/OriginalMediaContent,named in context,OriginalMediaContent
RO-Crate 1.2 context,,http://schema.org/OriginalShippingFees,named in context,OriginalShippingFees
RO-Crate 1.2 context,,http://schema.org/Osteopathic,named in context,Osteopathic
RO-Crate 1.2 context,,http://schema.org/Otolaryngologic,named in context,Otolaryngologic
RO-Crate 1.2 context,,http://schema.org/OutOfStock,named in context,OutOfStock
RO-Crate 1.2 context,,http://schema.org/OutletStore,named in context,OutletStore
RO-Crate 1.2 context,,http://schema.org/OverviewHealthAspect,named in context,OverviewHealthAspect
RO-Crate 1.2 context,,http://schema.org/OwnershipInfo,named in context,OwnershipInfo
RO-Crate 1.2 context,,http://schema.org/PET,named in context,PET
RO-Crate 1.2 context,,http://schema.org/PaidLeave,named in context,PaidLeave
RO-Crate 1.2 context,,http://schema.org/PaintAction,named in context,PaintAction
RO-Crate 1.2 context,,http://schema.org/Painting,named in context,Painting
RO-Crate 1.2 context,,http://schema.org/PalliativeProcedure,named in context,PalliativeProcedure
RO-Crate 1.2 context,,http://schema.org/Paperback,named in context,Paperback
RO-Crate 1.2 context,,http://schema.org/ParcelDelivery,named in context,ParcelDelivery
RO-Crate 1.2 context,,http://schema.org/ParcelService,named in context,ParcelService
RO-Crate 1.2 context,,http://schema.org/ParentAudience,named in context,ParentAudience
RO-Crate 1.2 context,,http://schema.org/ParentalSupport,named in context,ParentalSupport
RO-Crate 1.2 context,,http://schema.org/Park,named in context,Park
RO-Crate 1.2 context,,http://schema.org/ParkingFacility,named in context,ParkingFacility
RO-Crate 1.2 context,,http://schema.org/ParkingMap,named in context,ParkingMap
RO-Crate 1.2 context,,http://schema.org/PartiallyInForce,named in context,PartiallyInForce
RO-Crate 1.2 context,,http://schema.org/Pathology,named in context,Pathology
RO-Crate 1.2 context,,http://schema.org/PathologyTest,named in context,PathologyTest
RO-Crate 1.2 context,,http://schema.org/Patient,named in context,Patient
RO-Crate 1.2 context,,http://schema.org/PatientExperienceHealthAspect,named in context,PatientExperienceHealthAspect
RO-Crate 1.2 context,,http://schema.org/PawnShop,named in context,PawnShop
RO-Crate 1.2 context,,http://schema.org/PayAction,named in context,PayAction
RO-Crate 1.2 context,,http://schema.org/PaymentAutomaticallyApplied,named in context,PaymentAutomaticallyApplied
RO-Crate 1.2 context,,http://schema.org/PaymentCard,named in context,PaymentCard
RO-Crate 1.2 context,,http://schema.org/PaymentChargeSpecification,named in context,PaymentChargeSpecification
RO-Crate 1.2 context,,http://schema.org/PaymentComplete,named in context,PaymentComplete
RO-Crate 1.2 context,,http://schema.org/PaymentDeclined,named in context,PaymentDeclined
RO-Crate 1.2 context,,http://schema.org/PaymentDue,named in context,PaymentDue
RO-Crate 1.2 context,,http://schema.org/PaymentMethod,named in context,PaymentMethod
RO-Crate 1.2 context,,http://schema.org/PaymentPastDue,named in context,PaymentPastDue
RO-Crate 1.2 context,,http://schema.org/PaymentService,named in context,PaymentService
RO-Crate 1.2 context,,http://schema.org/PaymentStatusType,named in context,PaymentStatusType
RO-Crate 1.2 context,,http://schema.org/Pediatric,named in context,Pediatric
RO-Crate 1.2 context,,http://schema.org/PeopleAudience,named in context,PeopleAudience
RO-Crate 1.2 context,,http://schema.org/PercutaneousProcedure,named in context,PercutaneousProcedure
RO-Crate 1.2 context,,http://schema.org/PerformAction,named in context,PerformAction
RO-Crate 1.2 context,,http://schema.org/PerformanceRole,named in context,PerformanceRole
RO-Crate 1.2 context,,http://schema.org/PerformingArtsTheater,named in context,PerformingArtsTheater
RO-Crate 1.2 context,,http://schema.org/PerformingGroup,named in context,PerformingGroup
RO-Crate 1.2 context,,http://schema.org/Periodical,named in context,Periodical
RO-Crate 1.2 context,,http://schema.org/Permit,named in context,Permit
RO-Crate 1.2 context,,http://schema.org/Person,named in context,Person
RO-Crate 1.2 context,,http://schema.org/PetStore,named in context,PetStore
RO-Crate 1.2 context,,http://schema.org/Pharmacy,named in context,Pharmacy
RO-Crate 1.2 context,,http://schema.org/PharmacySpecialty,named in context,PharmacySpecialty
RO-Crate 1.2 context,,http://schema.org/Photograph,named in context,Photograph
RO-Crate 1.2 context,,http://schema.org/PhotographAction,named in context,PhotographAction
RO-Crate 1.2 context,,http://schema.org/PhysicalActivity,named in context,PhysicalActivity
RO-Crate 1.2 context,,http://schema.org/PhysicalActivityCategory,named in context,PhysicalActivityCategory
RO-Crate 1.2 context,,http://schema.org/PhysicalExam,named in context,PhysicalExam
RO-Crate 1.2 context,,http://schema.org/PhysicalTherapy,named in context,PhysicalTherapy
RO-Crate 1.2 context,,http://schema.org/Physician,named in context,Physician
RO-Crate 1.2 context,,http://schema.org/Physiotherapy,named in context,Physiotherapy
RO-Crate 1.2 context,,http://schema.org/Place,named in context,Place
RO-Crate 1.2 context,,http://schema.org/PlaceOfWorship,named in context,PlaceOfWorship
RO-Crate 1.2 context,,http://schema.org/PlaceboControlledTrial,named in context,PlaceboControlledTrial
RO-Crate 1.2 context,,http://schema.org/PlanAction,named in context,PlanAction
RO-Crate 1.2 context,,http://schema.org/PlasticSurgery,named in context,PlasticSurgery
RO-Crate 1.2 context,,http://schema.org/Play,named in context,Play
RO-Crate 1.2 context,,http://schema.org/PlayAction,named in context,PlayAction
RO-Crate 1.2 context,,http://schema.org/PlayGameAction,named in context,PlayGameAction
RO-Crate 1.2 context,,http://schema.org/Playground,named in context,Playground
RO-Crate 1.2 context,,http://schema.org/Plumber,named in context,Plumber
RO-Crate 1.2 context,,http://schema.org/PodcastEpisode,named in context,PodcastEpisode
RO-Crate 1.2 context,,http://schema.org/PodcastSeason,named in context,PodcastSeason
RO-Crate 1.2 context,,http://schema.org/PodcastSeries,named in context,PodcastSeries
RO-Crate 1.2 context,,http://schema.org/Podiatric,named in context,Podiatric
RO-Crate 1.2 context,,http://schema.org/PoliceStation,named in context,PoliceStation
RO-Crate 1.2 context,,http://schema.org/PoliticalParty,named in context,PoliticalParty
RO-Crate 1.2 context,,http://schema.org/Pond,named in context,Pond
RO-Crate 1.2 context,,http://schema.org/PostOffice,named in context,PostOffice
RO-Crate 1.2 context,,http://schema.org/PostalAddress,named in context,PostalAddress
RO-Crate 1.2 context,,http://schema.org/PostalCodeRangeSpecification,named in context,PostalCodeRangeSpecification
RO-Crate 1.2 context,,http://schema.org/Poster,named in context,Poster
RO-Crate 1.2 context,,http://schema.org/PotentialActionStatus,named in context,PotentialActionStatus
RO-Crate 1.2 context,,http://schema.org/PreOrder,named in context,PreOrder
RO-Crate 1.2 context,,http://schema.org/PreOrderAction,named in context,PreOrderAction
RO-Crate 1.2 context,,http://schema.org/PreSale,named in context,PreSale
RO-Crate 1.2 context,,http://schema.org/PregnancyHealthAspect,named in context,PregnancyHealthAspect
RO-Crate 1.2 context,,http://schema.org/PrependAction,named in context,PrependAction
RO-Crate 1.2 context,,http://schema.org/Preschool,named in context,Preschool
RO-Crate 1.2 context,,http://schema.org/PrescriptionOnly,named in context,PrescriptionOnly
RO-Crate 1.2 context,,http://schema.org/PresentationDigitalDocument,named in context,PresentationDigitalDocument
RO-Crate 1.2 context,,http://schema.org/PreventionHealthAspect,named in context,PreventionHealthAspect
RO-Crate 1.2 context,,http://schema.org/PreventionIndication,named in context,PreventionIndication
RO-Crate 1.2 context,,http://schema.org/PriceComponentTypeEnumeration,named in context,PriceComponentTypeEnumeration
RO-Crate 1.2 context,,http://schema.org/PriceSpecification,named in context,PriceSpecification
RO-Crate 1.2 context,,http://schema.org/PriceTypeEnumeration,named in context,PriceTypeEnumeration
RO-Crate 1.2 context,,http://schema.org/PrimaryCare,named in context,PrimaryCare
RO-Crate 1.2 context,,http://schema.org/Prion,named in context,Prion
RO-Crate 1.2 context,,http://schema.org/Product,named in context,Product
RO-Crate 1.2 context,,http://schema.org/ProductCollection,named in context,ProductCollection
RO-Crate 1.2 context,,http://schema.org/ProductGroup,named in context,ProductGroup
RO-Crate 1.2 context,,http://schema.org/ProductModel,named in context,ProductModel
RO-Crate 1.2 context,,http://schema.org/ProductReturnEnumeration,named in context,ProductReturnEnumeration
RO-Crate 1.2 context,,http://schema.org/ProductReturnFiniteReturnWindow,named in context,ProductReturnFiniteReturnWindow
RO-Crate 1.2 context,,http://schema.org/ProductReturnNotPermitted,named in context,ProductReturnNotPermitted
RO-Crate 1.2 context,,http://schema.org/ProductReturnPolicy,named in context,ProductReturnPolicy
RO-Crate 1.2 context,,http://schema.org/ProductReturnUnlimitedWindow,named in context,ProductReturnUnlimitedWindow
RO-Crate 1.2 context,,http://schema.org/ProductReturnUnspecified,named in context,ProductReturnUnspecified
RO-Crate 1.2 context,,http://schema.org/ProfessionalService,named in context,ProfessionalService
RO-Crate 1.2 context,,http://schema.org/ProfilePage,named in context,ProfilePage
RO-Crate 1.2 context,,http://schema.org/PrognosisHealthAspect,named in context,PrognosisHealthAspect
RO-Crate 1.2 context,,http://schema.org/ProgramMembership,named in context,ProgramMembership
RO-Crate 1.2 context,,http://schema.org/Project,named in context,Project
RO-Crate 1.2 context,,http://schema.org/PronounceableText,named in context,PronounceableText
RO-Crate 1.2 context,,http://schema.org/Property,named in context,Property
RO-Crate 1.2 context,,http://schema.org/PropertyValue,named in context,PropertyValue
RO-Crate 1.2 context,,http://schema.org/PropertyValueSpecification,named in context,PropertyValueSpecification
RO-Crate 1.2 context,,http://schema.org/Protein,named in context,Protein
RO-Crate 1.2 context,,http://schema.org/Protozoa,named in context,Protozoa
RO-Crate 1.2 context,,http://schema.org/Psychiatric,named in context,Psychiatric
RO-Crate 1.2 context,,http://schema.org/PsychologicalTreatment,named in context,PsychologicalTreatment
RO-Crate 1.2 context,,http://schema.org/PublicHealth,named in context,PublicHealth
RO-Crate 1.2 context,,http://schema.org/PublicHolidays,named in context,PublicHolidays
RO-Crate 1.2 context,,http://schema.org/PublicSwimmingPool,named in context,PublicSwimmingPool
RO-Crate 1.2 context,,http://schema.org/PublicToilet,named in context,PublicToilet
RO-Crate 1.2 context,,http://schema.org/PublicationEvent,named in context,PublicationEvent
RO-Crate 1.2 context,,http://schema.org/PublicationIssue,named in context,PublicationIssue
RO-Crate 1.2 context,,http://schema.org/PublicationVolume,named in context,PublicationVolume
RO-Crate 1.2 context,,http://schema.org/Pulmonary,named in context,Pulmonary
RO-Crate 1.2 context,,http://schema.org/QAPage,named in context,QAPage
RO-Crate 1.2 context,,http://schema.org/QualitativeValue,named in context,QualitativeValue
RO-Crate 1.2 context,,http://schema.org/QuantitativeValue,named in context,QuantitativeValue
RO-Crate 1.2 context,,http://schema.org/QuantitativeValueDistribution,named in context,QuantitativeValueDistribution
RO-Crate 1.2 context,,http://schema.org/Quantity,named in context,Quantity
RO-Crate 1.2 context,,http://schema.org/Question,named in context,Question
RO-Crate 1.2 context,,http://schema.org/Quiz,named in context,Quiz
RO-Crate 1.2 context,,http://schema.org/Quotation,named in context,Quotation
RO-Crate 1.2 context,,http://schema.org/QuoteAction,named in context,QuoteAction
RO-Crate 1.2 context,,http://schema.org/RVPark,named in context,RVPark
RO-Crate 1.2 context,,http://schema.org/RadiationTherapy,named in context,RadiationTherapy
RO-Crate 1.2 context,,http://schema.org/RadioBroadcastService,named in context,RadioBroadcastService
RO-Crate 1.2 context,,http://schema.org/RadioChannel,named in context,RadioChannel
RO-Crate 1.2 context,,http://schema.org/RadioClip,named in context,RadioClip
RO-Crate 1.2 context,,http://schema.org/RadioEpisode,named in context,RadioEpisode
RO-Crate 1.2 context,,http://schema.org/RadioSeason,named in context,RadioSeason
RO-Crate 1.2 context,,http://schema.org/RadioSeries,named in context,RadioSeries
RO-Crate 1.2 context,,http://schema.org/RadioStation,named in context,RadioStation
RO-Crate 1.2 context,,http://schema.org/Radiography,named in context,Radiography
RO-Crate 1.2 context,,http://schema.org/RandomizedTrial,named in context,RandomizedTrial
RO-Crate 1.2 context,,http://schema.org/Rating,named in context,Rating
RO-Crate 1.2 context,,http://schema.org/ReactAction,named in context,ReactAction
RO-Crate 1.2 context,,http://schema.org/ReadAction,named in context,ReadAction
RO-Crate 1.2 context,,http://schema.org/ReadPermission,named in context,ReadPermission
RO-Crate 1.2 context,,http://schema.org/RealEstateAgent,named in context,RealEstateAgent
RO-Crate 1.2 context,,http://schema.org/RealEstateListing,named in context,RealEstateListing
RO-Crate 1.2 context,,http://schema.org/RearWheelDriveConfiguration,named in context,RearWheelDriveConfiguration
RO-Crate 1.2 context,,http://schema.org/ReceiveAction,named in context,ReceiveAction
RO-Crate 1.2 context,,http://schema.org/Recipe,named in context,Recipe
RO-Crate 1.2 context,,http://schema.org/Recommendation,named in context,Recommendation
RO-Crate 1.2 context,,http://schema.org/RecommendedDoseSchedule,named in context,RecommendedDoseSchedule
RO-Crate 1.2 context,,http://schema.org/Recruiting,named in context,Recruiting
RO-Crate 1.2 context,,http://schema.org/RecyclingCenter,named in context,RecyclingCenter
RO-Crate 1.2 context,,http://schema.org/ReducedRelevanceForChildrenConsideration,named in context,ReducedRelevanceForChildrenConsideration
RO-Crate 1.2 context,,http://schema.org/RefundTypeEnumeration,named in context,RefundTypeEnumeration
RO-Crate 1.2 context,,http://schema.org/RefurbishedCondition,named in context,RefurbishedCondition
RO-Crate 1.2 context,,http://schema.org/RegisterAction,named in context,RegisterAction
RO-Crate 1.2 context,,http://schema.org/Registry,named in context,Registry
RO-Crate 1.2 context,,http://schema.org/ReimbursementCap,named in context,ReimbursementCap
RO-Crate 1.2 context,,http://schema.org/RejectAction,named in context,RejectAction
RO-Crate 1.2 context,,http://schema.org/RelatedTopicsHealthAspect,named in context,RelatedTopicsHealthAspect
RO-Crate 1.2 context,,http://schema.org/RemixAlbum,named in context,RemixAlbum
RO-Crate 1.2 context,,http://schema.org/Renal,named in context,Renal
RO-Crate 1.2 context,,http://schema.org/RentAction,named in context,RentAction
RO-Crate 1.2 context,,http://schema.org/RentalCarReservation,named in context,RentalCarReservation
RO-Crate 1.2 context,,http://schema.org/RentalVehicleUsage,named in context,RentalVehicleUsage
RO-Crate 1.2 context,,http://schema.org/RepaymentSpecification,named in context,RepaymentSpecification
RO-Crate 1.2 context,,http://schema.org/ReplaceAction,named in context,ReplaceAction
RO-Crate 1.2 context,,http://schema.org/ReplyAction,named in context,ReplyAction
RO-Crate 1.2 context,,http://schema.org/Report,named in context,Report
RO-Crate 1.2 context,,http://schema.org/ReportageNewsArticle,named in context,ReportageNewsArticle
RO-Crate 1.2 context,,http://schema.org/ReportedDoseSchedule,named in context,ReportedDoseSchedule
RO-Crate 1.2 context,,http://schema.org/ResearchOrganization,named in context,ResearchOrganization
RO-Crate 1.2 context,,http://schema.org/ResearchProject,named in context,ResearchProject
RO-Crate 1.2 context,,http://schema.org/Researcher,named in context,Researcher
RO-Crate 1.2 context,,http://schema.org/Reservation,named in context,Reservation
RO-Crate 1.2 context,,http://schema.org/ReservationCancelled,named in context,ReservationCancelled
RO-Crate 1.2 context,,http://schema.org/ReservationConfirmed,named in context,ReservationConfirmed
RO-Crate 1.2 context,,http://schema.org/ReservationHold,named in context,ReservationHold
RO-Crate 1.2 context,,http://schema.org/ReservationPackage,named in context,ReservationPackage
RO-Crate 1.2 context,,http://schema.org/ReservationPending,named in context,ReservationPending
RO-Crate 1.2 context,,http://schema.org/ReservationStatusType,named in context,ReservationStatusType
RO-Crate 1.2 context,,http://schema.org/ReserveAction,named in context,ReserveAction
RO-Crate 1.2 context,,http://schema.org/Reservoir,named in context,Reservoir
RO-Crate 1.2 context,,http://schema.org/Residence,named in context,Residence
RO-Crate 1.2 context,,http://schema.org/Resort,named in context,Resort
RO-Crate 1.2 context,,http://schema.org/RespiratoryTherapy,named in context,RespiratoryTherapy
RO-Crate 1.2 context,,http://schema.org/Restaurant,named in context,Restaurant
RO-Crate 1.2 context,,http://schema.org/RestockingFees,named in context,RestockingFees
RO-Crate 1.2 context,,http://schema.org/RestrictedDiet,named in context,RestrictedDiet
RO-Crate 1.2 context,,http://schema.org/ResultsAvailable,named in context,ResultsAvailable
RO-Crate 1.2 context,,http://schema.org/ResultsNotAvailable,named in context,ResultsNotAvailable
RO-Crate 1.2 context,,http://schema.org/ResumeAction,named in context,ResumeAction
RO-Crate 1.2 context,,http://schema.org/Retail,named in context,Retail
RO-Crate 1.2 context,,http://schema.org/ReturnAction,named in context,ReturnAction
RO-Crate 1.2 context,,http://schema.org/ReturnAtKiosk,named in context,ReturnAtKiosk
RO-Crate 1.2 context,,http://schema.org/ReturnByMail,named in context,ReturnByMail
RO-Crate 1.2 context,,http://schema.org/ReturnFeesCustomerResponsibility,named in context,ReturnFeesCustomerResponsibility
RO-Crate 1.2 context,,http://schema.org/ReturnFeesEnumeration,named in context,ReturnFeesEnumeration
RO-Crate 1.2 context,,http://schema.org/ReturnInStore,named in context,ReturnInStore
RO-Crate 1.2 context,,http://schema.org/ReturnLabelCustomerResponsibility,named in context,ReturnLabelCustomerResponsibility
RO-Crate 1.2 context,,http://schema.org/ReturnLabelDownloadAndPrint,named in context,ReturnLabelDownloadAndPrint
RO-Crate 1.2 context,,http://schema.org/ReturnLabelInBox,named in context,ReturnLabelInBox
RO-Crate 1.2 context,,http://schema.org/ReturnLabelSourceEnumeration,named in context,ReturnLabelSourceEnumeration
RO-Crate 1.2 context,,http://schema.org/ReturnMethodEnumeration,named in context,ReturnMethodEnumeration
RO-Crate 1.2 context,,http://schema.org/ReturnShippingFees,named in context,ReturnShippingFees
RO-Crate 1.2 context,,http://schema.org/Review,named in context,Review
RO-Crate 1.2 context,,http://schema.org/ReviewAction,named in context,ReviewAction
RO-Crate 1.2 context,,http://schema.org/ReviewNewsArticle,named in context,ReviewNewsArticle
RO-Crate 1.2 context,,http://schema.org/Rheumatologic,named in context,Rheumatologic
RO-Crate 1.2 context,,http://schema.org/RightHandDriving,named in context,RightHandDriving
RO-Crate 1.2 context,,http://schema.org/RisksOrComplicationsHealthAspect,named in context,RisksOrComplicationsHealthAspect
RO-Crate 1.2 context,,http://schema.org/RiverBodyOfWater,named in context,RiverBodyOfWater
RO-Crate 1.2 context,,http://schema.org/Role,named in context,Role
RO-Crate 1.2 context,,http://schema.org/RoofingContractor,named in context,RoofingContractor
RO-Crate 1.2 context,,http://schema.org/Room,named in context,Room
RO-Crate 1.2 context,,http://schema.org/RsvpAction,named in context,RsvpAction
RO-Crate 1.2 context,,http://schema.org/RsvpResponseMaybe,named in context,RsvpResponseMaybe
RO-Crate 1.2 context,,http://schema.org/RsvpResponseNo,named in context,RsvpResponseNo
RO-Crate 1.2 context,,http://schema.org/RsvpResponseType,named in context,RsvpResponseType
RO-Crate 1.2 context,,http://schema.org/RsvpResponseYes,named in context,RsvpResponseYes
RO-Crate 1.2 context,,http://schema.org/SRP,named in context,SRP
RO-Crate 1.2 context,,http://schema.org/SafetyHealthAspect,named in context,SafetyHealthAspect
RO-Crate 1.2 context,,http://schema.org/SaleEvent,named in context,SaleEvent
RO-Crate 1.2 context,,http://schema.org/SalePrice,named in context,SalePrice
RO-Crate 1.2 context,,http://schema.org/SatireOrParodyContent,named in context,SatireOrParodyContent
RO-Crate 1.2 context,,http://schema.org/SatiricalArticle,named in context,SatiricalArticle
RO-Crate 1.2 context,,http://schema.org/Saturday,named in context,Saturday
RO-Crate 1.2 context,,http://schema.org/Schedule,named in context,Schedule
RO-Crate 1.2 context,,http://schema.org/ScheduleAction,named in context,ScheduleAction
RO-Crate 1.2 context,,http://schema.org/ScholarlyArticle,named in context,ScholarlyArticle
RO-Crate 1.2 context,,http://schema.org/School,named in context,School
RO-Crate 1.2 context,,http://schema.org/SchoolDistrict,named in context,SchoolDistrict
RO-Crate 1.2 context,,http://schema.org/ScreeningEvent,named in context,ScreeningEvent
RO-Crate 1.2 context,,http://schema.org/ScreeningHealthAspect,named in context,ScreeningHealthAspect
RO-Crate 1.2 context,,http://schema.org/Sculpture,named in context,Sculpture
RO-Crate 1.2 context,,http://schema.org/SeaBodyOfWater,named in context,SeaBodyOfWater
RO-Crate 1.2 context,,http://schema.org/SearchAction,named in context,SearchAction
RO-Crate 1.2 context,,http://schema.org/SearchRescueOrganization,named in context,SearchRescueOrganization
RO-Crate 1.2 context,,http://schema.org/SearchResultsPage,named in context,SearchResultsPage
RO-Crate 1.2 context,,http://schema.org/Season,named in context,Season
RO-Crate 1.2 context,,http://schema.org/Seat,named in context,Seat
RO-Crate 1.2 context,,http://schema.org/SeatingMap,named in context,SeatingMap
RO-Crate 1.2 context,,http://schema.org/SeeDoctorHealthAspect,named in context,SeeDoctorHealthAspect
RO-Crate 1.2 context,,http://schema.org/SeekToAction,named in context,SeekToAction
RO-Crate 1.2 context,,http://schema.org/SelfCareHealthAspect,named in context,SelfCareHealthAspect
RO-Crate 1.2 context,,http://schema.org/SelfStorage,named in context,SelfStorage
RO-Crate 1.2 context,,http://schema.org/SellAction,named in context,SellAction
RO-Crate 1.2 context,,http://schema.org/SendAction,named in context,SendAction
RO-Crate 1.2 context,,http://schema.org/Series,named in context,Series
RO-Crate 1.2 context,,http://schema.org/Service,named in context,Service
RO-Crate 1.2 context,,http://schema.org/ServiceChannel,named in context,ServiceChannel
RO-Crate 1.2 context,,http://schema.org/SexualContentConsideration,named in context,SexualContentConsideration
RO-Crate 1.2 context,,http://schema.org/ShareAction,named in context,ShareAction
RO-Crate 1.2 context,,http://schema.org/SheetMusic,named in context,SheetMusic
RO-Crate 1.2 context,,http://schema.org/ShippingDeliveryTime,named in context,ShippingDeliveryTime
RO-Crate 1.2 context,,http://schema.org/ShippingRateSettings,named in context,ShippingRateSettings
RO-Crate 1.2 context,,http://schema.org/ShoeStore,named in context,ShoeStore
RO-Crate 1.2 context,,http://schema.org/ShoppingCenter,named in context,ShoppingCenter
RO-Crate 1.2 context,,http://schema.org/ShortStory,named in context,ShortStory
RO-Crate 1.2 context,,http://schema.org/SideEffectsHealthAspect,named in context,SideEffectsHealthAspect
RO-Crate 1.2 context,,http://schema.org/SingleBlindedTrial,named in context,SingleBlindedTrial
RO-Crate 1.2 context,,http://schema.org/SingleCenterTrial,named in context,SingleCenterTrial
RO-Crate 1.2 context,,http://schema.org/SingleFamilyResidence,named in context,SingleFamilyResidence
RO-Crate 1.2 context,,http://schema.org/SinglePlayer,named in context,SinglePlayer
RO-Crate 1.2 context,,http://schema.org/SingleRelease,named in context,SingleRelease
RO-Crate 1.2 context,,http://schema.org/SiteNavigationElement,named in context,SiteNavigationElement
RO-Crate 1.2 context,,http://schema.org/SizeGroupEnumeration,named in context,SizeGroupEnumeration
RO-Crate 1.2 context,,http://schema.org/SizeSpecification,named in context,SizeSpecification
RO-Crate 1.2 context,,http://schema.org/SizeSystemEnumeration,named in context,SizeSystemEnumeration
RO-Crate 1.2 context,,http://schema.org/SizeSystemImperial,named in context,SizeSystemImperial
RO-Crate 1.2 context,,http://schema.org/SizeSystemMetric,named in context,SizeSystemMetric
RO-Crate 1.2 context,,http://schema.org/SkiResort,named in context,SkiResort
RO-Crate 1.2 context,,http://schema.org/Skin,named in context,Skin
RO-Crate 1.2 context,,http://schema.org/SocialEvent,named in context,SocialEvent
RO-Crate 1.2 context,,http://schema.org/SocialMediaPosting,named in context,SocialMediaPosting
RO-Crate 1.2 context,,http://schema.org/SoftwareApplication,named in context,SoftwareApplication
RO-Crate 1.2 context,,http://schema.org/SoftwareSourceCode,named in context,SoftwareSourceCode
RO-Crate 1.2 context,,http://schema.org/SoldOut,named in context,SoldOut
RO-Crate 1.2 context,,http://schema.org/SolveMathAction,named in context,SolveMathAction
RO-Crate 1.2 context,,http://schema.org/SomeProducts,named in context,SomeProducts
RO-Crate 1.2 context,,http://schema.org/SoundtrackAlbum,named in context,SoundtrackAlbum
RO-Crate 1.2 context,,http://schema.org/SpeakableSpecification,named in context,SpeakableSpecification
RO-Crate 1.2 context,,http://schema.org/SpecialAnnouncement,named in context,SpecialAnnouncement
RO-Crate 1.2 context,,http://schema.org/Specialty,named in context,Specialty
RO-Crate 1.2 context,,http://schema.org/SpeechPathology,named in context,SpeechPathology
RO-Crate 1.2 context,,http://schema.org/SpokenWordAlbum,named in context,SpokenWordAlbum
RO-Crate 1.2 context,,http://schema.org/SportingGoodsStore,named in context,SportingGoodsStore
RO-Crate 1.2 context,,http://schema.org/SportsActivityLocation,named in context,SportsActivityLocation
RO-Crate 1.2 context,,http://schema.org/SportsClub,named in context,SportsClub
RO-Crate 1.2 context,,http://schema.org/SportsEvent,named in context,SportsEvent
RO-Crate 1.2 context,,http://schema.org/SportsOrganization,named in context,SportsOrganization
RO-Crate 1.2 context,,http://schema.org/SportsTeam,named in context,SportsTeam
RO-Crate 1.2 context,,http://schema.org/SpreadsheetDigitalDocument,named in context,SpreadsheetDigitalDocument
RO-Crate 1.2 context,,http://schema.org/StadiumOrArena,named in context,StadiumOrArena
RO-Crate 1.2 context,,http://schema.org/StagedContent,named in context,StagedContent
RO-Crate 1.2 context,,http://schema.org/StagesHealthAspect,named in context,StagesHealthAspect
RO-Crate 1.2 context,,http://schema.org/State,named in context,State
RO-Crate 1.2 context,,http://schema.org/Statement,named in context,Statement
RO-Crate 1.2 context,,http://schema.org/StatisticalPopulation,named in context,StatisticalPopulation
RO-Crate 1.2 context,,http://schema.org/StatisticalVariable,named in context,StatisticalVariable
RO-Crate 1.2 context,,http://schema.org/StatusEnumeration,named in context,StatusEnumeration
RO-Crate 1.2 context,,http://schema.org/SteeringPositionValue,named in context,SteeringPositionValue
RO-Crate 1.2 context,,http://schema.org/Store,named in context,Store
RO-Crate 1.2 context,,http://schema.org/StoreCreditRefund,named in context,StoreCreditRefund
RO-Crate 1.2 context,,http://schema.org/StrengthTraining,named in context,StrengthTraining
RO-Crate 1.2 context,,http://schema.org/StructuredValue,named in context,StructuredValue
RO-Crate 1.2 context,,http://schema.org/StudioAlbum,named in context,StudioAlbum
RO-Crate 1.2 context,,http://schema.org/StupidType,named in context,StupidType
RO-Crate 1.2 context,,http://schema.org/SubscribeAction,named in context,SubscribeAction
RO-Crate 1.2 context,,http://schema.org/Subscription,named in context,Subscription
RO-Crate 1.2 context,,http://schema.org/Substance,named in context,Substance
RO-Crate 1.2 context,,http://schema.org/SubwayStation,named in context,SubwayStation
RO-Crate 1.2 context,,http://schema.org/Suite,named in context,Suite
RO-Crate 1.2 context,,http://schema.org/Sunday,named in context,Sunday
RO-Crate 1.2 context,,http://schema.org/SuperficialAnatomy,named in context,SuperficialAnatomy
RO-Crate 1.2 context,,http://schema.org/Surgical,named in context,Surgical
RO-Crate 1.2 context,,http://schema.org/SurgicalProcedure,named in context,SurgicalProcedure
RO-Crate 1.2 context,,http://schema.org/SuspendAction,named in context,SuspendAction
RO-Crate 1.2 context,,http://schema.org/Suspended,named in context,Suspended
RO-Crate 1.2 context,,http://schema.org/Syllabus,named in context,Syllabus
RO-Crate 1.2 context,,http://schema.org/SymptomsHealthAspect,named in context,SymptomsHealthAspect
RO-Crate 1.2 context,,http://schema.org/Synagogue,named in context,Synagogue
RO-Crate 1.2 context,,http://schema.org/TVClip,named in context,TVClip
RO-Crate 1.2 context,,http://schema.org/TVEpisode,named in context,TVEpisode
RO-Crate 1.2 context,,http://schema.org/TVSeason,named in context,TVSeason
RO-Crate 1.2 context,,http://schema.org/TVSeries,named in context,TVSeries
RO-Crate 1.2 context,,http://schema.org/Table,named in context,Table
RO-Crate 1.2 context,,http://schema.org/TakeAction,named in context,TakeAction
RO-Crate 1.2 context,,http://schema.org/TattooParlor,named in context,TattooParlor
RO-Crate 1.2 context,,http://schema.org/Taxi,named in context,Taxi
RO-Crate 1.2 context,,http://schema.org/TaxiReservation,named in context,TaxiReservation
RO-Crate 1.2 context,,http://schema.org/TaxiService,named in context,TaxiService
RO-Crate 1.2 context,,http://schema.org/TaxiStand,named in context,TaxiStand
RO-Crate 1.2 context,,http://schema.org/TaxiVehicleUsage,named in context,TaxiVehicleUsage
RO-Crate 1.2 context,,http://schema.org/Taxon,named in context,Taxon
RO-Crate 1.2 context,,http://schema.org/TechArticle,named in context,TechArticle
RO-Crate 1.2 context,,http://schema.org/TelevisionChannel,named in context,TelevisionChannel
RO-Crate 1.2 context,,http://schema.org/TelevisionStation,named in context,TelevisionStation
RO-Crate 1.2 context,,http://schema.org/TennisComplex,named in context,TennisComplex
RO-Crate 1.2 context,,http://schema.org/Terminated,named in context,Terminated
RO-Crate 1.2 context,,http://schema.org/Text,named in context,Text
RO-Crate 1.2 context,,http://schema.org/TextDigitalDocument,named in context,TextDigitalDocument
RO-Crate 1.2 context,,http://schema.org/TextObject,named in context,TextObject
RO-Crate 1.2 context,,http://schema.org/TheaterEvent,named in context,TheaterEvent
RO-Crate 1.2 context,,http://schema.org/TheaterGroup,named in context,TheaterGroup
RO-Crate 1.2 context,,http://schema.org/Therapeutic,named in context,Therapeutic
RO-Crate 1.2 context,,http://schema.org/TherapeuticProcedure,named in context,TherapeuticProcedure
RO-Crate 1.2 context,,http://schema.org/Thesis,named in context,Thesis
RO-Crate 1.2 context,,http://schema.org/Thing,named in context,Thing
RO-Crate 1.2 context,,http://schema.org/Throat,named in context,Throat
RO-Crate 1.2 context,,http://schema.org/Thursday,named in context,Thursday
RO-Crate 1.2 context,,http://schema.org/Ticket,named in context,Ticket
RO-Crate 1.2 context,,http://schema.org/TieAction,named in context,TieAction
RO-Crate 1.2 context,,http://schema.org/Time,named in context,Time
RO-Crate 1.2 context,,http://schema.org/TipAction,named in context,TipAction
RO-Crate 1.2 context,,http://schema.org/TireShop,named in context,TireShop
RO-Crate 1.2 context,,http://schema.org/TobaccoNicotineConsideration,named in context,TobaccoNicotineConsideration
RO-Crate 1.2 context,,http://schema.org/TollFree,named in context,TollFree
RO-Crate 1.2 context,,http://schema.org/TouristAttraction,named in context,TouristAttraction
RO-Crate 1.2 context,,http://schema.org/TouristDestination,named in context,TouristDestination
RO-Crate 1.2 context,,http://schema.org/TouristInformationCenter,named in context,TouristInformationCenter
RO-Crate 1.2 context,,http://schema.org/TouristTrip,named in context,TouristTrip
RO-Crate 1.2 context,,http://schema.org/Toxicologic,named in context,Toxicologic
RO-Crate 1.2 context,,http://schema.org/ToyStore,named in context,ToyStore
RO-Crate 1.2 context,,http://schema.org/TrackAction,named in context,TrackAction
RO-Crate 1.2 context,,http://schema.org/TradeAction,named in context,TradeAction
RO-Crate 1.2 context,,http://schema.org/TraditionalChinese,named in context,TraditionalChinese
RO-Crate 1.2 context,,http://schema.org/TrainReservation,named in context,TrainReservation
RO-Crate 1.2 context,,http://schema.org/TrainStation,named in context,TrainStation
RO-Crate 1.2 context,,http://schema.org/TrainTrip,named in context,TrainTrip
RO-Crate 1.2 context,,http://schema.org/TransferAction,named in context,TransferAction
RO-Crate 1.2 context,,http://schema.org/TransformedContent,named in context,TransformedContent
RO-Crate 1.2 context,,http://schema.org/TransitMap,named in context,TransitMap
RO-Crate 1.2 context,,http://schema.org/TravelAction,named in context,TravelAction
RO-Crate 1.2 context,,http://schema.org/TravelAgency,named in context,TravelAgency
RO-Crate 1.2 context,,http://schema.org/TreatmentIndication,named in context,TreatmentIndication
RO-Crate 1.2 context,,http://schema.org/TreatmentsHealthAspect,named in context,TreatmentsHealthAspect
RO-Crate 1.2 context,,http://schema.org/Trip,named in context,Trip
RO-Crate 1.2 context,,http://schema.org/TripleBlindedTrial,named in context,TripleBlindedTrial
RO-Crate 1.2 context,,http://schema.org/True,named in context,True
RO-Crate 1.2 context,,http://schema.org/Tuesday,named in context,Tuesday
RO-Crate 1.2 context,,http://schema.org/TypeAndQuantityNode,named in context,TypeAndQuantityNode
RO-Crate 1.2 context,,http://schema.org/TypesHealthAspect,named in context,TypesHealthAspect
RO-Crate 1.2 context,,http://schema.org/UKNonprofitType,named in context,UKNonprofitType
RO-Crate 1.2 context,,http://schema.org/UKTrust,named in context,UKTrust
RO-Crate 1.2 context,,http://schema.org/URL,named in context,URL
RO-Crate 1.2 context,,http://schema.org/USNonprofitType,named in context,USNonprofitType
RO-Crate 1.2 context,,http://schema.org/Ultrasound,named in context,Ultrasound
RO-Crate 1.2 context,,http://schema.org/UnRegisterAction,named in context,UnRegisterAction
RO-Crate 1.2 context,,http://schema.org/UnclassifiedAdultConsideration,named in context,UnclassifiedAdultConsideration
RO-Crate 1.2 context,,http://schema.org/UnemploymentSupport,named in context,UnemploymentSupport
RO-Crate 1.2 context,,http://schema.org/UnincorporatedAssociationCharity,named in context,UnincorporatedAssociationCharity
RO-Crate 1.2 context,,http://schema.org/UnitPriceSpecification,named in context,UnitPriceSpecification
RO-Crate 1.2 context,,http://schema.org/UnofficialLegalValue,named in context,UnofficialLegalValue
RO-Crate 1.2 context,,http://schema.org/UpdateAction,named in context,UpdateAction
RO-Crate 1.2 context,,http://schema.org/Urologic,named in context,Urologic
RO-Crate 1.2 context,,http://schema.org/UsageOrScheduleHealthAspect,named in context,UsageOrScheduleHealthAspect
RO-Crate 1.2 context,,http://schema.org/UseAction,named in context,UseAction
RO-Crate 1.2 context,,http://schema.org/UsedCondition,named in context,UsedCondition
RO-Crate 1.2 context,,http://schema.org/UserBlocks,named in context,UserBlocks
RO-Crate 1.2 context,,http://schema.org/UserCheckins,named in context,UserCheckins
RO-Crate 1.2 context,,http://schema.org/UserComments,named in context,UserComments
RO-Crate 1.2 context,,http://schema.org/UserDownloads,named in context,UserDownloads
RO-Crate 1.2 context,,http://schema.org/UserInteraction,named in context,UserInteraction
RO-Crate 1.2 context,,http://schema.org/UserLikes,named in context,UserLikes
RO-Crate 1.2 context,,http://schema.org/UserPageVisits,named in context,UserPageVisits
RO-Crate 1.2 context,,http://schema.org/UserPlays,named in context,UserPlays
RO-Crate 1.2 context,,http://schema.org/UserPlusOnes,named in context,UserPlusOnes
RO-Crate 1.2 context,,http://schema.org/UserReview,named in context,UserReview
RO-Crate 1.2 context,,http://schema.org/UserTweets,named in context,UserTweets
RO-Crate 1.2 context,,http://schema.org/VacationRental,named in context,VacationRental
RO-Crate 1.2 context,,http://schema.org/VeganDiet,named in context,VeganDiet
RO-Crate 1.2 context,,http://schema.org/VegetarianDiet,named in context,VegetarianDiet
RO-Crate 1.2 context,,http://schema.org/Vehicle,named in context,Vehicle
RO-Crate 1.2 context,,http://schema.org/Vein,named in context,Vein
RO-Crate 1.2 context,,http://schema.org/VenueMap,named in context,VenueMap
RO-Crate 1.2 context,,http://schema.org/Vessel,named in context,Vessel
RO-Crate 1.2 context,,http://schema.org/VeterinaryCare,named in context,VeterinaryCare
RO-Crate 1.2 context,,http://schema.org/VideoGallery,named in context,VideoGallery
RO-Crate 1.2 context,,http://schema.org/VideoGame,named in context,VideoGame
RO-Crate 1.2 context,,http://schema.org/VideoGameClip,named in context,VideoGameClip
RO-Crate 1.2 context,,http://schema.org/VideoGameSeries,named in context,VideoGameSeries
RO-Crate 1.2 context,,http://schema.org/VideoObject,named in context,VideoObject
RO-Crate 1.2 context,,http://schema.org/VideoObjectSnapshot,named in context,VideoObjectSnapshot
RO-Crate 1.2 context,,http://schema.org/ViewAction,named in context,ViewAction
RO-Crate 1.2 context,,http://schema.org/VinylFormat,named in context,VinylFormat
RO-Crate 1.2 context,,http://schema.org/ViolenceConsideration,named in context,ViolenceConsideration
RO-Crate 1.2 context,,http://schema.org/VirtualLocation,named in context,VirtualLocation
RO-Crate 1.2 context,,http://schema.org/Virus,named in context,Virus
RO-Crate 1.2 context,,http://schema.org/VisualArtsEvent,named in context,VisualArtsEvent
RO-Crate 1.2 context,,http://schema.org/VisualArtwork,named in context,VisualArtwork
RO-Crate 1.2 context,,http://schema.org/VitalSign,named in context,VitalSign
RO-Crate 1.2 context,,http://schema.org/Volcano,named in context,Volcano
RO-Crate 1.2 context,,http://schema.org/VoteAction,named in context,VoteAction
RO-Crate 1.2 context,,http://schema.org/WPAdBlock,named in context,WPAdBlock
RO-Crate 1.2 context,,http://schema.org/WPFooter,named in context,WPFooter
RO-Crate 1.2 context,,http://schema.org/WPHeader,named in context,WPHeader
RO-Crate 1.2 context,,http://schema.org/WPSideBar,named in context,WPSideBar
RO-Crate 1.2 context,,http://schema.org/WantAction,named in context,WantAction
RO-Crate 1.2 context,,http://schema.org/WarrantyPromise,named in context,WarrantyPromise
RO-Crate 1.2 context,,http://schema.org/WarrantyScope,named in context,WarrantyScope
RO-Crate 1.2 context,,http://schema.org/WatchAction,named in context,WatchAction
RO-Crate 1.2 context,,http://schema.org/Waterfall,named in context,Waterfall
RO-Crate 1.2 context,,http://schema.org/WeaponConsideration,named in context,WeaponConsideration
RO-Crate 1.2 context,,http://schema.org/WearAction,named in context,WearAction
RO-Crate 1.2 context,,http://schema.org/WearableMeasurementBack,named in context,WearableMeasurementBack
RO-Crate 1.2 context,,http://schema.org/WearableMeasurementChestOrBust,named in context,WearableMeasurementChestOrBust
RO-Crate 1.2 context,,http://schema.org/WearableMeasurementCollar,named in context,WearableMeasurementCollar
RO-Crate 1.2 context,,http://schema.org/WearableMeasurementCup,named in context,WearableMeasurementCup
RO-Crate 1.2 context,,http://schema.org/WearableMeasurementHeight,named in context,WearableMeasurementHeight
RO-Crate 1.2 context,,http://schema.org/WearableMeasurementHips,named in context,WearableMeasurementHips
RO-Crate 1.2 context,,http://schema.org/WearableMeasurementInseam,named in context,WearableMeasurementInseam
RO-Crate 1.2 context,,http://schema.org/WearableMeasurementLength,named in context,WearableMeasurementLength
RO-Crate 1.2 context,,http://schema.org/WearableMeasurementOutsideLeg,named in context,WearableMeasurementOutsideLeg
RO-Crate 1.2 context,,http://schema.org/WearableMeasurementSleeve,named in context,WearableMeasurementSleeve
RO-Crate 1.2 context,,http://schema.org/WearableMeasurementTypeEnumeration,named in context,WearableMeasurementTypeEnumeration
RO-Crate 1.2 context,,http://schema.org/WearableMeasurementWaist,named in context,WearableMeasurementWaist
RO-Crate 1.2 context,,http://schema.org/WearableMeasurementWidth,named in context,WearableMeasurementWidth
RO-Crate 1.2 context,,http://schema.org/WearableSizeGroupBig,named in context,WearableSizeGroupBig
RO-Crate 1.2 context,,http://schema.org/WearableSizeGroupBoys,named in context,WearableSizeGroupBoys
RO-Crate 1.2 context,,http://schema.org/WearableSizeGroupEnumeration,named in context,WearableSizeGroupEnumeration
RO-Crate 1.2 context,,http://schema.org/WearableSizeGroupExtraShort,named in context,WearableSizeGroupExtraShort
RO-Crate 1.2 context,,http://schema.org/WearableSizeGroupExtraTall,named in context,WearableSizeGroupExtraTall
RO-Crate 1.2 context,,http://schema.org/WearableSizeGroupGirls,named in context,WearableSizeGroupGirls
RO-Crate 1.2 context,,http://schema.org/WearableSizeGroupHusky,named in context,WearableSizeGroupHusky
RO-Crate 1.2 context,,http://schema.org/WearableSizeGroupInfants,named in context,WearableSizeGroupInfants
RO-Crate 1.2 context,,http://schema.org/WearableSizeGroupJuniors,named in context,WearableSizeGroupJuniors
RO-Crate 1.2 context,,http://schema.org/WearableSizeGroupMaternity,named in context,WearableSizeGroupMaternity
RO-Crate 1.2 context,,http://schema.org/WearableSizeGroupMens,named in context,WearableSizeGroupMens
RO-Crate 1.2 context,,http://schema.org/WearableSizeGroupMisses,named in context,WearableSizeGroupMisses
RO-Crate 1.2 context,,http://schema.org/WearableSizeGroupPetite,named in context,WearableSizeGroupPetite
RO-Crate 1.2 context,,http://schema.org/WearableSizeGroupPlus,named in context,WearableSizeGroupPlus
RO-Crate 1.2 context,,http://schema.org/WearableSizeGroupRegular,named in context,WearableSizeGroupRegular
RO-Crate 1.2 context,,http://schema.org/WearableSizeGroupShort,named in context,WearableSizeGroupShort
RO-Crate 1.2 context,,http://schema.org/WearableSizeGroupTall,named in context,WearableSizeGroupTall
RO-Crate 1.2 context,,http://schema.org/WearableSizeGroupWomens,named in context,WearableSizeGroupWomens
RO-Crate 1.2 context,,http://schema.org/WearableSizeSystemAU,named in context,WearableSizeSystemAU
RO-Crate 1.2 context,,http://schema.org/WearableSizeSystemBR,named in context,WearableSizeSystemBR
RO-Crate 1.2 context,,http://schema.org/WearableSizeSystemCN,named in context,WearableSizeSystemCN
RO-Crate 1.2 context,,http://schema.org/WearableSizeSystemContinental,named in context,WearableSizeSystemContinental
RO-Crate 1.2 context,,http://schema.org/WearableSizeSystemDE,named in context,WearableSizeSystemDE
RO-Crate 1.2 context,,http://schema.org/WearableSizeSystemEN13402,named in context,WearableSizeSystemEN13402
RO-Crate 1.2 context,,http://schema.org/WearableSizeSystemEnumeration,named in context,WearableSizeSystemEnumeration
RO-Crate 1.2 context,,http://schema.org/WearableSizeSystemEurope,named in context,WearableSizeSystemEurope
RO-Crate 1.2 context,,http://schema.org/WearableSizeSystemFR,named in context,WearableSizeSystemFR
RO-Crate 1.2 context,,http://schema.org/WearableSizeSystemGS1,named in context,WearableSizeSystemGS1
RO-Crate 1.2 context,,http://schema.org/WearableSizeSystemIT,named in context,WearableSizeSystemIT
RO-Crate 1.2 context,,http://schema.org/WearableSizeSystemJP,named in context,WearableSizeSystemJP
RO-Crate 1.2 context,,http://schema.org/WearableSizeSystemMX,named in context,WearableSizeSystemMX
RO-Crate 1.2 context,,http://schema.org/WearableSizeSystemUK,named in context,WearableSizeSystemUK
RO-Crate 1.2 context,,http://schema.org/WearableSizeSystemUS,named in context,WearableSizeSystemUS
RO-Crate 1.2 context,,http://schema.org/WebAPI,named in context,WebAPI
RO-Crate 1.2 context,,http://schema.org/WebApplication,named in context,WebApplication
RO-Crate 1.2 context,,http://schema.org/WebContent,named in context,WebContent
RO-Crate 1.2 context,,http://schema.org/WebPage,named in context,WebPage
RO-Crate 1.2 context,,http://schema.org/WebPageElement,named in context,WebPageElement
RO-Crate 1.2 context,,http://schema.org/WebSite,named in context,WebSite
RO-Crate 1.2 context,,http://schema.org/Wednesday,named in context,Wednesday
RO-Crate 1.2 context,,http://schema.org/WesternConventional,named in context,WesternConventional
RO-Crate 1.2 context,,http://schema.org/Wholesale,named in context,Wholesale
RO-Crate 1.2 context,,http://schema.org/WholesaleStore,named in context,WholesaleStore
RO-Crate 1.2 context,,http://schema.org/WinAction,named in context,WinAction
RO-Crate 1.2 context,,http://schema.org/Winery,named in context,Winery
RO-Crate 1.2 context,,http://schema.org/Withdrawn,named in context,Withdrawn
RO-Crate 1.2 context,,http://schema.org/WorkBasedProgram,named in context,WorkBasedProgram
RO-Crate 1.2 context,,http://schema.org/WorkersUnion,named in context,WorkersUnion
RO-Crate 1.2 context,,http://schema.org/WriteAction,named in context,WriteAction
RO-Crate 1.2 context,,http://schema.org/WritePermission,named in context,WritePermission
RO-Crate 1.2 context,,http://schema.org/XPathType,named in context,XPathType
RO-Crate 1.2 context,,http://schema.org/XRay,named in context,XRay
RO-Crate 1.2 context,,http://schema.org/ZoneBoardingPolicy,named in context,ZoneBoardingPolicy
RO-Crate 1.2 context,,http://schema.org/Zoo,named in context,Zoo
RO-Crate 1.2 context,,http://schema.org/about,named in context,about
RO-Crate 1.2 context,,http://schema.org/abridged,named in context,abridged
RO-Crate 1.2 context,,http://schema.org/abstract,named in context,abstract
RO-Crate 1.2 context,,http://schema.org/accelerationTime,named in context,accelerationTime
RO-Crate 1.2 context,,http://schema.org/acceptedAnswer,named in context,acceptedAnswer
RO-Crate 1.2 context,,http://schema.org/acceptedOffer,named in context,acceptedOffer
RO-Crate 1.2 context,,http://schema.org/acceptedPaymentMethod,named in context,acceptedPaymentMethod
RO-Crate 1.2 context,,http://schema.org/acceptsReservations,named in context,acceptsReservations
RO-Crate 1.2 context,,http://schema.org/accessCode,named in context,accessCode
RO-Crate 1.2 context,,http://schema.org/accessMode,named in context,accessMode
RO-Crate 1.2 context,,http://schema.org/accessModeSufficient,named in context,accessModeSufficient
RO-Crate 1.2 context,,http://schema.org/accessibilityAPI,named in context,accessibilityAPI
RO-Crate 1.2 context,,http://schema.org/accessibilityControl,named in context,accessibilityControl
RO-Crate 1.2 context,,http://schema.org/accessibilityFeature,named in context,accessibilityFeature
RO-Crate 1.2 context,,http://schema.org/accessibilityHazard,named in context,accessibilityHazard
RO-Crate 1.2 context,,http://schema.org/accessibilitySummary,named in context,accessibilitySummary
RO-Crate 1.2 context,,http://schema.org/accommodationCategory,named in context,accommodationCategory
RO-Crate 1.2 context,,http://schema.org/accommodationFloorPlan,named in context,accommodationFloorPlan
RO-Crate 1.2 context,,http://schema.org/accountId,named in context,accountId
RO-Crate 1.2 context,,http://schema.org/accountMinimumInflow,named in context,accountMinimumInflow
RO-Crate 1.2 context,,http://schema.org/accountOverdraftLimit,named in context,accountOverdraftLimit
RO-Crate 1.2 context,,http://schema.org/accountablePerson,named in context,accountablePerson
RO-Crate 1.2 context,,http://schema.org/acquireLicensePage,named in context,acquireLicensePage
RO-Crate 1.2 context,,http://schema.org/acquiredFrom,named in context,acquiredFrom
RO-Crate 1.2 context,,http://schema.org/acrissCode,named in context,acrissCode
RO-Crate 1.2 context,,http://schema.org/actionAccessibilityRequirement,named in context,actionAccessibilityRequirement
RO-Crate 1.2 context,,http://schema.org/actionApplication,named in context,actionApplication
RO-Crate 1.2 context,,http://schema.org/actionOption,named in context,actionOption
RO-Crate 1.2 context,,http://schema.org/actionPlatform,named in context,actionPlatform
RO-Crate 1.2 context,,http://schema.org/actionStatus,named in context,actionStatus
RO-Crate 1.2 context,,http://schema.org/actionableFeedbackPolicy,named in context,actionableFeedbackPolicy
RO-Crate 1.2 context,,http://schema.org/activeIngredient,named in context,activeIngredient
RO-Crate 1.2 context,,http://schema.org/activityDuration,named in context,activityDuration
RO-Crate 1.2 context,,http://schema.org/activityFrequency,named in context,activityFrequency
RO-Crate 1.2 context,,http://schema.org/actor,named in context,actor
RO-Crate 1.2 context,,http://schema.org/actors,named in context,actors
RO-Crate 1.2 context,,http://schema.org/addOn,named in context,addOn
RO-Crate 1.2 context,,http://schema.org/additionalName,named in context,additionalName
RO-Crate 1.2 context,,http://schema.org/additionalNumberOfGuests,named in context,additionalNumberOfGuests
RO-Crate 1.2 context,,http://schema.org/additionalProperty,named in context,additionalProperty
RO-Crate 1.2 context,,http://schema.org/additionalType,named in context,additionalType
RO-Crate 1.2 context,,http://schema.org/additionalVariable,named in context,additionalVariable
RO-Crate 1.2 context,,http://schema.org/address,named in context,address
RO-Crate 1.2 context,,http://schema.org/addressCountry,named in context,addressCountry
RO-Crate 1.2 context,,http://schema.org/addressLocality,named in context,addressLocality
RO-Crate 1.2 context,,http://schema.org/addressRegion,named in context,addressRegion
RO-Crate 1.2 context,,http://schema.org/administrationRoute,named in context,administrationRoute
RO-Crate 1.2 context,,http://schema.org/advanceBookingRequirement,named in context,advanceBookingRequirement
RO-Crate 1.2 context,,http://schema.org/adverseOutcome,named in context,adverseOutcome
RO-Crate 1.2 context,,http://schema.org/affectedBy,named in context,affectedBy
RO-Crate 1.2 context,,http://schema.org/affiliation,named in context,affiliation
RO-Crate 1.2 context,,http://schema.org/afterMedia,named in context,afterMedia
RO-Crate 1.2 context,,http://schema.org/agent,named in context,agent
RO-Crate 1.2 context,,http://schema.org/aggregateRating,named in context,aggregateRating
RO-Crate 1.2 context,,http://schema.org/aircraft,named in context,aircraft
RO-Crate 1.2 context,,http://schema.org/album,named in context,album
RO-Crate 1.2 context,,http://schema.org/albumProductionType,named in context,albumProductionType
RO-Crate 1.2 context,,http://schema.org/albumRelease,named in context,albumRelease
RO-Crate 1.2 context,,http://schema.org/albumReleaseType,named in context,albumReleaseType
RO-Crate 1.2 context,,http://schema.org/albums,named in context,albums
RO-Crate 1.2 context,,http://schema.org/alcoholWarning,named in context,alcoholWarning
RO-Crate 1.2 context,,http://schema.org/algorithm,named in context,algorithm
RO-Crate 1.2 context,,http://schema.org/alignmentType,named in context,alignmentType
RO-Crate 1.2 context,,http://schema.org/alternateName,named in context,alternateName
RO-Crate 1.2 context,,http://schema.org/alternativeHeadline,named in context,alternativeHeadline
RO-Crate 1.2 context,,http://schema.org/alternativeOf,named in context,alternativeOf
RO-Crate 1.2 context,,http://schema.org/alumni,named in context,alumni
RO-Crate 1.2 context,,http://schema.org/alumniOf,named in context,alumniOf
RO-Crate 1.2 context,,http://schema.org/amenityFeature,named in context,amenityFeature
RO-Crate 1.2 context,,http://schema.org/amount,named in context,amount
RO-Crate 1.2 context,,http://schema.org/amountOfThisGood,named in context,amountOfThisGood
RO-Crate 1.2 context,,http://schema.org/announcementLocation,named in context,announcementLocation
RO-Crate 1.2 context,,http://schema.org/annualPercentageRate,named in context,annualPercentageRate
RO-Crate 1.2 context,,http://schema.org/answerCount,named in context,answerCount
RO-Crate 1.2 context,,http://schema.org/answerExplanation,named in context,answerExplanation
RO-Crate 1.2 context,,http://schema.org/antagonist,named in context,antagonist
RO-Crate 1.2 context,,http://schema.org/appearance,named in context,appearance
RO-Crate 1.2 context,,http://schema.org/applicableCountry,named in context,applicableCountry
RO-Crate 1.2 context,,http://schema.org/applicableLocation,named in context,applicableLocation
RO-Crate 1.2 context,,http://schema.org/applicantLocationRequirements,named in context,applicantLocationRequirements
RO-Crate 1.2 context,,http://schema.org/application,named in context,application
RO-Crate 1.2 context,,http://schema.org/applicationCategory,named in context,applicationCategory
RO-Crate 1.2 context,,http://schema.org/applicationContact,named in context,applicationContact
RO-Crate 1.2 context,,http://schema.org/applicationDeadline,named in context,applicationDeadline
RO-Crate 1.2 context,,http://schema.org/applicationStartDate,named in context,applicationStartDate
RO-Crate 1.2 context,,http://schema.org/applicationSubCategory,named in context,applicationSubCategory
RO-Crate 1.2 context,,http://schema.org/applicationSuite,named in context,applicationSuite
RO-Crate 1.2 context,,http://schema.org/appliesToDeliveryMethod,named in context,appliesToDeliveryMethod
RO-Crate 1.2 context,,http://schema.org/appliesToPaymentMethod,named in context,appliesToPaymentMethod
RO-Crate 1.2 context,,http://schema.org/archiveHeld,named in context,archiveHeld
RO-Crate 1.2 context,,http://schema.org/archivedAt,named in context,archivedAt
RO-Crate 1.2 context,,http://schema.org/area,named in context,area
RO-Crate 1.2 context,,http://schema.org/areaServed,named in context,areaServed
RO-Crate 1.2 context,,http://schema.org/arrivalAirport,named in context,arrivalAirport
RO-Crate 1.2 context,,http://schema.org/arrivalBoatTerminal,named in context,arrivalBoatTerminal
RO-Crate 1.2 context,,http://schema.org/arrivalBusStop,named in context,arrivalBusStop
RO-Crate 1.2 context,,http://schema.org/arrivalGate,named in context,arrivalGate
RO-Crate 1.2 context,,http://schema.org/arrivalPlatform,named in context,arrivalPlatform
RO-Crate 1.2 context,,http://schema.org/arrivalStation,named in context,arrivalStation
RO-Crate 1.2 context,,http://schema.org/arrivalTerminal,named in context,arrivalTerminal
RO-Crate 1.2 context,,http://schema.org/arrivalTime,named in context,arrivalTime
RO-Crate 1.2 context,,http://schema.org/artEdition,named in context,artEdition
RO-Crate 1.2 context,,http://schema.org/artMedium,named in context,artMedium
RO-Crate 1.2 context,,http://schema.org/arterialBranch,named in context,arterialBranch
RO-Crate 1.2 context,,http://schema.org/artform,named in context,artform
RO-Crate 1.2 context,,http://schema.org/articleBody,named in context,articleBody
RO-Crate 1.2 context,,http://schema.org/articleSection,named in context,articleSection
RO-Crate 1.2 context,,http://schema.org/artist,named in context,artist
RO-Crate 1.2 context,,http://schema.org/artworkSurface,named in context,artworkSurface
RO-Crate 1.2 context,,http://schema.org/asin,named in context,asin
RO-Crate 1.2 context,,http://schema.org/aspect,named in context,aspect
RO-Crate 1.2 context,,http://schema.org/assembly,named in context,assembly
RO-Crate 1.2 context,,http://schema.org/assemblyVersion,named in context,assemblyVersion
RO-Crate 1.2 context,,http://schema.org/assesses,named in context,assesses
RO-Crate 1.2 context,,http://schema.org/associatedAnatomy,named in context,associatedAnatomy
RO-Crate 1.2 context,,http://schema.org/associatedArticle,named in context,associatedArticle
RO-Crate 1.2 context,,http://schema.org/associatedClaimReview,named in context,associatedClaimReview
RO-Crate 1.2 context,,http://schema.org/associatedDisease,named in context,associatedDisease
RO-Crate 1.2 context,,http://schema.org/associatedMedia,named in context,associatedMedia
RO-Crate 1.2 context,,http://schema.org/associatedMediaReview,named in context,associatedMediaReview
RO-Crate 1.2 context,,http://schema.org/associatedPathophysiology,named in context,associatedPathophysiology
RO-Crate 1.2 context,,http://schema.org/associatedReview,named in context,associatedReview
RO-Crate 1.2 context,,http://schema.org/athlete,named in context,athlete
RO-Crate 1.2 context,,http://schema.org/attendee,named in context,attendee
RO-Crate 1.2 context,,http://schema.org/attendees,named in context,attendees
RO-Crate 1.2 context,,http://schema.org/audience,named in context,audience
RO-Crate 1.2 context,,http://schema.org/audienceType,named in context,audienceType
RO-Crate 1.2 context,,http://schema.org/audio,named in context,audio
RO-Crate 1.2 context,,http://schema.org/authenticator,named in context,authenticator
RO-Crate 1.2 context,,http://schema.org/author,named in context,author
RO-Crate 1.2 context,,http://schema.org/availability,named in context,availability
RO-Crate 1.2 context,,http://schema.org/availabilityEnds,named in context,availabilityEnds
RO-Crate 1.2 context,,http://schema.org/availabilityStarts,named in context,availabilityStarts
RO-Crate 1.2 context,,http://schema.org/availableAtOrFrom,named in context,availableAtOrFrom
RO-Crate 1.2 context,,http://schema.org/availableChannel,named in context,availableChannel
RO-Crate 1.2 context,,http://schema.org/availableDeliveryMethod,named in context,availableDeliveryMethod
RO-Crate 1.2 context,,http://schema.org/availableFrom,named in context,availableFrom
RO-Crate 1.2 context,,http://schema.org/availableIn,named in context,availableIn
RO-Crate 1.2 context,,http://schema.org/availableLanguage,named in context,availableLanguage
RO-Crate 1.2 context,,http://schema.org/availableOnDevice,named in context,availableOnDevice
RO-Crate 1.2 context,,http://schema.org/availableService,named in context,availableService
RO-Crate 1.2 context,,http://schema.org/availableStrength,named in context,availableStrength
RO-Crate 1.2 context,,http://schema.org/availableTest,named in context,availableTest
RO-Crate 1.2 context,,http://schema.org/availableThrough,named in context,availableThrough
RO-Crate 1.2 context,,http://schema.org/award,named in context,award
RO-Crate 1.2 context,,http://schema.org/awards,named in context,awards
RO-Crate 1.2 context,,http://schema.org/awayTeam,named in context,awayTeam
RO-Crate 1.2 context,,http://schema.org/backstory,named in context,backstory
RO-Crate 1.2 context,,http://schema.org/bankAccountType,named in context,bankAccountType
RO-Crate 1.2 context,,http://schema.org/baseSalary,named in context,baseSalary
RO-Crate 1.2 context,,http://schema.org/bccRecipient,named in context,bccRecipient
RO-Crate 1.2 context,,http://schema.org/bed,named in context,bed
RO-Crate 1.2 context,,http://schema.org/beforeMedia,named in context,beforeMedia
RO-Crate 1.2 context,,http://schema.org/beneficiaryBank,named in context,beneficiaryBank
RO-Crate 1.2 context,,http://schema.org/benefits,named in context,benefits
RO-Crate 1.2 context,,http://schema.org/benefitsSummaryUrl,named in context,benefitsSummaryUrl
RO-Crate 1.2 context,,http://schema.org/bestRating,named in context,bestRating
RO-Crate 1.2 context,,http://schema.org/billingAddress,named in context,billingAddress
RO-Crate 1.2 context,,http://schema.org/billingDuration,named in context,billingDuration
RO-Crate 1.2 context,,http://schema.org/billingIncrement,named in context,billingIncrement
RO-Crate 1.2 context,,http://schema.org/billingPeriod,named in context,billingPeriod
RO-Crate 1.2 context,,http://schema.org/billingStart,named in context,billingStart
RO-Crate 1.2 context,,http://schema.org/bioChemInteraction,named in context,bioChemInteraction
RO-Crate 1.2 context,,http://schema.org/bioChemSimilarity,named in context,bioChemSimilarity
RO-Crate 1.2 context,,http://schema.org/biologicalRole,named in context,biologicalRole
RO-Crate 1.2 context,,http://schema.org/biomechnicalClass,named in context,biomechnicalClass
RO-Crate 1.2 context,,http://schema.org/birthDate,named in context,birthDate
RO-Crate 1.2 context,,http://schema.org/birthPlace,named in context,birthPlace
RO-Crate 1.2 context,,http://schema.org/bitrate,named in context,bitrate
RO-Crate 1.2 context,,http://schema.org/blogPost,named in context,blogPost
RO-Crate 1.2 context,,http://schema.org/blogPosts,named in context,blogPosts
RO-Crate 1.2 context,,http://schema.org/bloodSupply,named in context,bloodSupply
RO-Crate 1.2 context,,http://schema.org/boardingGroup,named in context,boardingGroup
RO-Crate 1.2 context,,http://schema.org/boardingPolicy,named in context,boardingPolicy
RO-Crate 1.2 context,,http://schema.org/bodyLocation,named in context,bodyLocation
RO-Crate 1.2 context,,http://schema.org/bodyType,named in context,bodyType
RO-Crate 1.2 context,,http://schema.org/bookEdition,named in context,bookEdition
RO-Crate 1.2 context,,http://schema.org/bookFormat,named in context,bookFormat
RO-Crate 1.2 context,,http://schema.org/bookingAgent,named in context,bookingAgent
RO-Crate 1.2 context,,http://schema.org/bookingTime,named in context,bookingTime
RO-Crate 1.2 context,,http://schema.org/borrower,named in context,borrower
RO-Crate 1.2 context,,http://schema.org/box,named in context,box
RO-Crate 1.2 context,,http://schema.org/branch,named in context,branch
RO-Crate 1.2 context,,http://schema.org/branchCode,named in context,branchCode
RO-Crate 1.2 context,,http://schema.org/branchOf,named in context,branchOf
RO-Crate 1.2 context,,http://schema.org/brand,named in context,brand
RO-Crate 1.2 context,,http://schema.org/breadcrumb,named in context,breadcrumb
RO-Crate 1.2 context,,http://schema.org/breastfeedingWarning,named in context,breastfeedingWarning
RO-Crate 1.2 context,,http://schema.org/broadcastAffiliateOf,named in context,broadcastAffiliateOf
RO-Crate 1.2 context,,http://schema.org/broadcastChannelId,named in context,broadcastChannelId
RO-Crate 1.2 context,,http://schema.org/broadcastDisplayName,named in context,broadcastDisplayName
RO-Crate 1.2 context,,http://schema.org/broadcastFrequency,named in context,broadcastFrequency
RO-Crate 1.2 context,,http://schema.org/broadcastFrequencyValue,named in context,broadcastFrequencyValue
RO-Crate 1.2 context,,http://schema.org/broadcastOfEvent,named in context,broadcastOfEvent
RO-Crate 1.2 context,,http://schema.org/broadcastServiceTier,named in context,broadcastServiceTier
RO-Crate 1.2 context,,http://schema.org/broadcastSignalModulation,named in context,broadcastSignalModulation
RO-Crate 1.2 context,,http://schema.org/broadcastSubChannel,named in context,broadcastSubChannel
RO-Crate 1.2 context,,http://schema.org/broadcastTimezone,named in context,broadcastTimezone
RO-Crate 1.2 context,,http://schema.org/broadcaster,named in context,broadcaster
RO-Crate 1.2 context,,http://schema.org/broker,named in context,broker
RO-Crate 1.2 context,,http://schema.org/browserRequirements,named in context,browserRequirements
RO-Crate 1.2 context,,http://schema.org/busName,named in context,busName
RO-Crate 1.2 context,,http://schema.org/busNumber,named in context,busNumber
RO-Crate 1.2 context,,http://schema.org/businessDays,named in context,businessDays
RO-Crate 1.2 context,,http://schema.org/businessFunction,named in context,businessFunction
RO-Crate 1.2 context,,http://schema.org/buyer,named in context,buyer
RO-Crate 1.2 context,,http://schema.org/byArtist,named in context,byArtist
RO-Crate 1.2 context,,http://schema.org/byDay,named in context,byDay
RO-Crate 1.2 context,,http://schema.org/byMonth,named in context,byMonth
RO-Crate 1.2 context,,http://schema.org/byMonthDay,named in context,byMonthDay
RO-Crate 1.2 context,,http://schema.org/byMonthWeek,named in context,byMonthWeek
RO-Crate 1.2 context,,http://schema.org/callSign,named in context,callSign
RO-Crate 1.2 context,,http://schema.org/calories,named in context,calories
RO-Crate 1.2 context,,http://schema.org/candidate,named in context,candidate
RO-Crate 1.2 context,,http://schema.org/caption,named in context,caption
RO-Crate 1.2 context,,http://schema.org/carbohydrateContent,named in context,carbohydrateContent
RO-Crate 1.2 context,,http://schema.org/cargoVolume,named in context,cargoVolume
RO-Crate 1.2 context,,http://schema.org/carrier,named in context,carrier
RO-Crate 1.2 context,,http://schema.org/carrierRequirements,named in context,carrierRequirements
RO-Crate 1.2 context,,http://schema.org/cashBack,named in context,cashBack
RO-Crate 1.2 context,,http://schema.org/catalog,named in context,catalog
RO-Crate 1.2 context,,http://schema.org/catalogNumber,named in context,catalogNumber
RO-Crate 1.2 context,,http://schema.org/category,named in context,category
RO-Crate 1.2 context,,http://schema.org/causeOf,named in context,causeOf
RO-Crate 1.2 context,,http://schema.org/ccRecipient,named in context,ccRecipient
RO-Crate 1.2 context,,http://schema.org/character,named in context,character
RO-Crate 1.2 context,,http://schema.org/characterAttribute,named in context,characterAttribute
RO-Crate 1.2 context,,http://schema.org/characterName,named in context,characterName
RO-Crate 1.2 context,,http://schema.org/cheatCode,named in context,cheatCode
RO-Crate 1.2 context,,http://schema.org/checkinTime,named in context,checkinTime
RO-Crate 1.2 context,,http://schema.org/checkoutPageURLTemplate,named in context,checkoutPageURLTemplate
RO-Crate 1.2 context,,http://schema.org/checkoutTime,named in context,checkoutTime
RO-Crate 1.2 context,,http://schema.org/chemicalComposition,named in context,chemicalComposition
RO-Crate 1.2 context,,http://schema.org/chemicalRole,named in context,chemicalRole
RO-Crate 1.2 context,,http://schema.org/childMaxAge,named in context,childMaxAge
RO-Crate 1.2 context,,http://schema.org/childMinAge,named in context,childMinAge
RO-Crate 1.2 context,,http://schema.org/childTaxon,named in context,childTaxon
RO-Crate 1.2 context,,http://schema.org/children,named in context,children
RO-Crate 1.2 context,,http://schema.org/cholesterolContent,named in context,cholesterolContent
RO-Crate 1.2 context,,http://schema.org/circle,named in context,circle
RO-Crate 1.2 context,,http://schema.org/citation,named in context,citation
RO-Crate 1.2 context,,http://schema.org/claimInterpreter,named in context,claimInterpreter
RO-Crate 1.2 context,,http://schema.org/claimReviewed,named in context,claimReviewed
RO-Crate 1.2 context,,http://schema.org/clincalPharmacology,named in context,clincalPharmacology
RO-Crate 1.2 context,,http://schema.org/clinicalPharmacology,named in context,clinicalPharmacology
RO-Crate 1.2 context,,http://schema.org/clipNumber,named in context,clipNumber
RO-Crate 1.2 context,,http://schema.org/closes,named in context,closes
RO-Crate 1.2 context,,http://schema.org/coach,named in context,coach
RO-Crate 1.2 context,,http://schema.org/code,named in context,code
RO-Crate 1.2 context,,http://schema.org/codeRepository,named in context,codeRepository
RO-Crate 1.2 context,,http://schema.org/codeSampleType,named in context,codeSampleType
RO-Crate 1.2 context,,http://schema.org/codeValue,named in context,codeValue
RO-Crate 1.2 context,,http://schema.org/codingSystem,named in context,codingSystem
RO-Crate 1.2 context,,http://schema.org/colleague,named in context,colleague
RO-Crate 1.2 context,,http://schema.org/colleagues,named in context,colleagues
RO-Crate 1.2 context,,http://schema.org/collection,named in context,collection
RO-Crate 1.2 context,,http://schema.org/collectionSize,named in context,collectionSize
RO-Crate 1.2 context,,http://schema.org/color,named in context,color
RO-Crate 1.2 context,,http://schema.org/colorist,named in context,colorist
RO-Crate 1.2 context,,http://schema.org/comment,named in context,comment
RO-Crate 1.2 context,,http://schema.org/commentCount,named in context,commentCount
RO-Crate 1.2 context,,http://schema.org/commentText,named in context,commentText
RO-Crate 1.2 context,,http://schema.org/commentTime,named in context,commentTime
RO-Crate 1.2 context,,http://schema.org/competencyRequired,named in context,competencyRequired
RO-Crate 1.2 context,,http://schema.org/competitor,named in context,competitor
RO-Crate 1.2 context,,http://schema.org/composer,named in context,composer
RO-Crate 1.2 context,,http://schema.org/comprisedOf,named in context,comprisedOf
RO-Crate 1.2 context,,http://schema.org/conditionsOfAccess,named in context,conditionsOfAccess
RO-Crate 1.2 context,,http://schema.org/confirmationNumber,named in context,confirmationNumber
RO-Crate 1.2 context,,http://schema.org/connectedTo,named in context,connectedTo
RO-Crate 1.2 context,,http://schema.org/constraintProperty,named in context,constraintProperty
RO-Crate 1.2 context,,http://schema.org/contactOption,named in context,contactOption
RO-Crate 1.2 context,,http://schema.org/contactPoint,named in context,contactPoint
RO-Crate 1.2 context,,http://schema.org/contactPoints,named in context,contactPoints
RO-Crate 1.2 context,,http://schema.org/contactType,named in context,contactType
RO-Crate 1.2 context,,http://schema.org/contactlessPayment,named in context,contactlessPayment
RO-Crate 1.2 context,,http://schema.org/containedIn,named in context,containedIn
RO-Crate 1.2 context,,http://schema.org/containedInPlace,named in context,containedInPlace
RO-Crate 1.2 context,,http://schema.org/containsPlace,named in context,containsPlace
RO-Crate 1.2 context,,http://schema.org/containsSeason,named in context,containsSeason
RO-Crate 1.2 context,,http://schema.org/contentLocation,named in context,contentLocation
RO-Crate 1.2 context,,http://schema.org/contentRating,named in context,contentRating
RO-Crate 1.2 context,,http://schema.org/contentReferenceTime,named in context,contentReferenceTime
RO-Crate 1.2 context,,http://schema.org/contentSize,named in context,contentSize
RO-Crate 1.2 context,,http://schema.org/contentType,named in context,contentType
RO-Crate 1.2 context,,http://schema.org/contentUrl,named in context,contentUrl
RO-Crate 1.2 context,,http://schema.org/contraindication,named in context,contraindication
RO-Crate 1.2 context,,http://schema.org/contributor,named in context,contributor
RO-Crate 1.2 context,,http://schema.org/cookTime,named in context,cookTime
RO-Crate 1.2 context,,http://schema.org/cookingMethod,named in context,cookingMethod
RO-Crate 1.2 context,,http://schema.org/copyrightHolder,named in context,copyrightHolder
RO-Crate 1.2 context,,http://schema.org/copyrightNotice,named in context,copyrightNotice
RO-Crate 1.2 context,,http://schema.org/copyrightYear,named in context,copyrightYear
RO-Crate 1.2 context,,http://schema.org/correction,named in context,correction
RO-Crate 1.2 context,,http://schema.org/correctionsPolicy,named in context,correctionsPolicy
RO-Crate 1.2 context,,http://schema.org/costCategory,named in context,costCategory
RO-Crate 1.2 context,,http://schema.org/costCurrency,named in context,costCurrency
RO-Crate 1.2 context,,http://schema.org/costOrigin,named in context,costOrigin
RO-Crate 1.2 context,,http://schema.org/costPerUnit,named in context,costPerUnit
RO-Crate 1.2 context,,http://schema.org/countriesNotSupported,named in context,countriesNotSupported
RO-Crate 1.2 context,,http://schema.org/countriesSupported,named in context,countriesSupported
RO-Crate 1.2 context,,http://schema.org/countryOfAssembly,named in context,countryOfAssembly
RO-Crate 1.2 context,,http://schema.org/countryOfLastProcessing,named in context,countryOfLastProcessing
RO-Crate 1.2 context,,http://schema.org/countryOfOrigin,named in context,countryOfOrigin
RO-Crate 1.2 context,,http://schema.org/course,named in context,course
RO-Crate 1.2 context,,http://schema.org/courseCode,named in context,courseCode
RO-Crate 1.2 context,,http://schema.org/courseMode,named in context,courseMode
RO-Crate 1.2 context,,http://schema.org/coursePrerequisites,named in context,coursePrerequisites
RO-Crate 1.2 context,,http://schema.org/courseSchedule,named in context,courseSchedule
RO-Crate 1.2 context,,http://schema.org/courseWorkload,named in context,courseWorkload
RO-Crate 1.2 context,,http://schema.org/coverageEndTime,named in context,coverageEndTime
RO-Crate 1.2 context,,http://schema.org/coverageStartTime,named in context,coverageStartTime
RO-Crate 1.2 context,,http://schema.org/creativeWorkStatus,named in context,creativeWorkStatus
RO-Crate 1.2 context,,http://schema.org/creator,named in context,creator
RO-Crate 1.2 context,,http://schema.org/credentialCategory,named in context,credentialCategory
RO-Crate 1.2 context,,http://schema.org/creditText,named in context,creditText
RO-Crate 1.2 context,,http://schema.org/creditedTo,named in context,creditedTo
RO-Crate 1.2 context,,http://schema.org/cssSelector,named in context,cssSelector
RO-Crate 1.2 context,,http://schema.org/currenciesAccepted,named in context,currenciesAccepted
RO-Crate 1.2 context,,http://schema.org/currency,named in context,currency
RO-Crate 1.2 context,,http://schema.org/currentExchangeRate,named in context,currentExchangeRate
RO-Crate 1.2 context,,http://schema.org/customer,named in context,customer
RO-Crate 1.2 context,,http://schema.org/customerRemorseReturnFees,named in context,customerRemorseReturnFees
RO-Crate 1.2 context,,http://schema.org/customerRemorseReturnLabelSource,named in context,customerRemorseReturnLabelSource
RO-Crate 1.2 context,,http://schema.org/customerRemorseReturnShippingFeesAmount,named in context,customerRemorseReturnShippingFeesAmount
RO-Crate 1.2 context,,http://schema.org/cutoffTime,named in context,cutoffTime
RO-Crate 1.2 context,,http://schema.org/cvdCollectionDate,named in context,cvdCollectionDate
RO-Crate 1.2 context,,http://schema.org/cvdFacilityCounty,named in context,cvdFacilityCounty
RO-Crate 1.2 context,,http://schema.org/cvdFacilityId,named in context,cvdFacilityId
RO-Crate 1.2 context,,http://schema.org/cvdNumBeds,named in context,cvdNumBeds
RO-Crate 1.2 context,,http://schema.org/cvdNumBedsOcc,named in context,cvdNumBedsOcc
RO-Crate 1.2 context,,http://schema.org/cvdNumC19Died,named in context,cvdNumC19Died
RO-Crate 1.2 context,,http://schema.org/cvdNumC19HOPats,named in context,cvdNumC19HOPats
RO-Crate 1.2 context,,http://schema.org/cvdNumC19HospPats,named in context,cvdNumC19HospPats
RO-Crate 1.2 context,,http://schema.org/cvdNumC19MechVentPats,named in context,cvdNumC19MechVentPats
RO-Crate 1.2 context,,http://schema.org/cvdNumC19OFMechVentPats,named in context,cvdNumC19OFMechVentPats
RO-Crate 1.2 context,,http://schema.org/cvdNumC19OverflowPats,named in context,cvdNumC19OverflowPats
RO-Crate 1.2 context,,http://schema.org/cvdNumICUBeds,named in context,cvdNumICUBeds
RO-Crate 1.2 context,,http://schema.org/cvdNumICUBedsOcc,named in context,cvdNumICUBedsOcc
RO-Crate 1.2 context,,http://schema.org/cvdNumTotBeds,named in context,cvdNumTotBeds
RO-Crate 1.2 context,,http://schema.org/cvdNumVent,named in context,cvdNumVent
RO-Crate 1.2 context,,http://schema.org/cvdNumVentUse,named in context,cvdNumVentUse
RO-Crate 1.2 context,,http://schema.org/dataFeedElement,named in context,dataFeedElement
RO-Crate 1.2 context,,http://schema.org/dataset,named in context,dataset
RO-Crate 1.2 context,,http://schema.org/datasetTimeInterval,named in context,datasetTimeInterval
RO-Crate 1.2 context,,http://schema.org/dateCreated,named in context,dateCreated
RO-Crate 1.2 context,,http://schema.org/dateDeleted,named in context,dateDeleted
RO-Crate 1.2 context,,http://schema.org/dateIssued,named in context,dateIssued
RO-Crate 1.2 context,,http://schema.org/dateModified,named in context,dateModified
RO-Crate 1.2 context,,http://schema.org/datePosted,named in context,datePosted
RO-Crate 1.2 context,,http://schema.org/datePublished,named in context,datePublished
RO-Crate 1.2 context,,http://schema.org/dateRead,named in context,dateRead
RO-Crate 1.2 context,,http://schema.org/dateReceived,named in context,dateReceived
RO-Crate 1.2 context,,http://schema.org/dateSent,named in context,dateSent
RO-Crate 1.2 context,,http://schema.org/dateVehicleFirstRegistered,named in context,dateVehicleFirstRegistered
RO-Crate 1.2 context,,http://schema.org/dateline,named in context,dateline
RO-Crate 1.2 context,,http://schema.org/dayOfWeek,named in context,dayOfWeek
RO-Crate 1.2 context,,http://schema.org/deathDate,named in context,deathDate
RO-Crate 1.2 context,,http://schema.org/deathPlace,named in context,deathPlace
RO-Crate 1.2 context,,http://schema.org/defaultValue,named in context,defaultValue
RO-Crate 1.2 context,,http://schema.org/deliveryAddress,named in context,deliveryAddress
RO-Crate 1.2 context,,http://schema.org/deliveryLeadTime,named in context,deliveryLeadTime
RO-Crate 1.2 context,,http://schema.org/deliveryMethod,named in context,deliveryMethod
RO-Crate 1.2 context,,http://schema.org/deliveryStatus,named in context,deliveryStatus
RO-Crate 1.2 context,,http://schema.org/deliveryTime,named in context,deliveryTime
RO-Crate 1.2 context,,http://schema.org/department,named in context,department
RO-Crate 1.2 context,,http://schema.org/departureAirport,named in context,departureAirport
RO-Crate 1.2 context,,http://schema.org/departureBoatTerminal,named in context,departureBoatTerminal
RO-Crate 1.2 context,,http://schema.org/departureBusStop,named in context,departureBusStop
RO-Crate 1.2 context,,http://schema.org/departureGate,named in context,departureGate
RO-Crate 1.2 context,,http://schema.org/departurePlatform,named in context,departurePlatform
RO-Crate 1.2 context,,http://schema.org/departureStation,named in context,departureStation
RO-Crate 1.2 context,,http://schema.org/departureTerminal,named in context,departureTerminal
RO-Crate 1.2 context,,http://schema.org/departureTime,named in context,departureTime
RO-Crate 1.2 context,,http://schema.org/dependencies,named in context,dependencies
RO-Crate 1.2 context,,http://schema.org/depth,named in context,depth
RO-Crate 1.2 context,,http://schema.org/description,named in context,description
RO-Crate 1.2 context,,http://schema.org/device,named in context,device
RO-Crate 1.2 context,,http://schema.org/diagnosis,named in context,diagnosis
RO-Crate 1.2 context,,http://schema.org/diagram,named in context,diagram
RO-Crate 1.2 context,,http://schema.org/diet,named in context,diet
RO-Crate 1.2 context,,http://schema.org/dietFeatures,named in context,dietFeatures
RO-Crate 1.2 context,,http://schema.org/differentialDiagnosis,named in context,differentialDiagnosis
RO-Crate 1.2 context,,http://schema.org/directApply,named in context,directApply
RO-Crate 1.2 context,,http://schema.org/director,named in context,director
RO-Crate 1.2 context,,http://schema.org/directors,named in context,directors
RO-Crate 1.2 context,,http://schema.org/disambiguatingDescription,named in context,disambiguatingDescription
RO-Crate 1.2 context,,http://schema.org/discount,named in context,discount
RO-Crate 1.2 context,,http://schema.org/discountCode,named in context,discountCode
RO-Crate 1.2 context,,http://schema.org/discountCurrency,named in context,discountCurrency
RO-Crate 1.2 context,,http://schema.org/discusses,named in context,discusses
RO-Crate 1.2 context,,http://schema.org/discussionUrl,named in context,discussionUrl
RO-Crate 1.2 context,,http://schema.org/diseasePreventionInfo,named in context,diseasePreventionInfo
RO-Crate 1.2 context,,http://schema.org/diseaseSpreadStatistics,named in context,diseaseSpreadStatistics
RO-Crate 1.2 context,,http://schema.org/dissolutionDate,named in context,dissolutionDate
RO-Crate 1.2 context,,http://schema.org/distance,named in context,distance
RO-Crate 1.2 context,,http://schema.org/distinguishingSign,named in context,distinguishingSign
RO-Crate 1.2 context,,http://schema.org/distribution,named in context,distribution
RO-Crate 1.2 context,,http://schema.org/diversityPolicy,named in context,diversityPolicy
RO-Crate 1.2 context,,http://schema.org/diversityStaffingReport,named in context,diversityStaffingReport
RO-Crate 1.2 context,,http://schema.org/documentation,named in context,documentation
RO-Crate 1.2 context,,http://schema.org/doesNotShip,named in context,doesNotShip
RO-Crate 1.2 context,,http://schema.org/domainIncludes,named in context,domainIncludes
RO-Crate 1.2 context,,http://schema.org/domiciledMortgage,named in context,domiciledMortgage
RO-Crate 1.2 context,,http://schema.org/doorTime,named in context,doorTime
RO-Crate 1.2 context,,http://schema.org/dosageForm,named in context,dosageForm
RO-Crate 1.2 context,,http://schema.org/doseSchedule,named in context,doseSchedule
RO-Crate 1.2 context,,http://schema.org/doseUnit,named in context,doseUnit
RO-Crate 1.2 context,,http://schema.org/doseValue,named in context,doseValue
RO-Crate 1.2 context,,http://schema.org/downPayment,named in context,downPayment
RO-Crate 1.2 context,,http://schema.org/downloadUrl,named in context,downloadUrl
RO-Crate 1.2 context,,http://schema.org/downvoteCount,named in context,downvoteCount
RO-Crate 1.2 context,,http://schema.org/drainsTo,named in context,drainsTo
RO-Crate 1.2 context,,http://schema.org/driveWheelConfiguration,named in context,driveWheelConfiguration
RO-Crate 1.2 context,,http://schema.org/dropoffLocation,named in context,dropoffLocation
RO-Crate 1.2 context,,http://schema.org/dropoffTime,named in context,dropoffTime
RO-Crate 1.2 context,,http://schema.org/drug,named in context,drug
RO-Crate 1.2 context,,http://schema.org/drugClass,named in context,drugClass
RO-Crate 1.2 context,,http://schema.org/drugUnit,named in context,drugUnit
RO-Crate 1.2 context,,http://schema.org/duns,named in context,duns
RO-Crate 1.2 context,,http://schema.org/duplicateTherapy,named in context,duplicateTherapy
RO-Crate 1.2 context,,http://schema.org/duration,named in context,duration
RO-Crate 1.2 context,,http://schema.org/durationOfWarranty,named in context,durationOfWarranty
RO-Crate 1.2 context,,http://schema.org/duringMedia,named in context,duringMedia
RO-Crate 1.2 context,,http://schema.org/earlyPrepaymentPenalty,named in context,earlyPrepaymentPenalty
RO-Crate 1.2 context,,http://schema.org/editEIDR,named in context,editEIDR
RO-Crate 1.2 context,,http://schema.org/editor,named in context,editor
RO-Crate 1.2 context,,http://schema.org/eduQuestionType,named in context,eduQuestionType
RO-Crate 1.2 context,,http://schema.org/educationRequirements,named in context,educationRequirements
RO-Crate 1.2 context,,http://schema.org/educationalAlignment,named in context,educationalAlignment
RO-Crate 1.2 context,,http://schema.org/educationalCredentialAwarded,named in context,educationalCredentialAwarded
RO-Crate 1.2 context,,http://schema.org/educationalFramework,named in context,educationalFramework
RO-Crate 1.2 context,,http://schema.org/educationalLevel,named in context,educationalLevel
RO-Crate 1.2 context,,http://schema.org/educationalProgramMode,named in context,educationalProgramMode
RO-Crate 1.2 context,,http://schema.org/educationalRole,named in context,educationalRole
RO-Crate 1.2 context,,http://schema.org/educationalUse,named in context,educationalUse
RO-Crate 1.2 context,,http://schema.org/elevation,named in context,elevation
RO-Crate 1.2 context,,http://schema.org/eligibilityToWorkRequirement,named in context,eligibilityToWorkRequirement
RO-Crate 1.2 context,,http://schema.org/eligibleCustomerType,named in context,eligibleCustomerType
RO-Crate 1.2 context,,http://schema.org/eligibleDuration,named in context,eligibleDuration
RO-Crate 1.2 context,,http://schema.org/eligibleQuantity,named in context,eligibleQuantity
RO-Crate 1.2 context,,http://schema.org/eligibleRegion,named in context,eligibleRegion
RO-Crate 1.2 context,,http://schema.org/eligibleTransactionVolume,named in context,eligibleTransactionVolume
RO-Crate 1.2 context,,http://schema.org/email,named in context,email
RO-Crate 1.2 context,,http://schema.org/embedUrl,named in context,embedUrl
RO-Crate 1.2 context,,http://schema.org/embeddedTextCaption,named in context,embeddedTextCaption
RO-Crate 1.2 context,,http://schema.org/emissionsCO2,named in context,emissionsCO2
RO-Crate 1.2 context,,http://schema.org/employee,named in context,employee
RO-Crate 1.2 context,,http://schema.org/employees,named in context,employees
RO-Crate 1.2 context,,http://schema.org/employerOverview,named in context,employerOverview
RO-Crate 1.2 context,,http://schema.org/employmentType,named in context,employmentType
RO-Crate 1.2 context,,http://schema.org/employmentUnit,named in context,employmentUnit
RO-Crate 1.2 context,,http://schema.org/encodesBioChemEntity,named in context,encodesBioChemEntity
RO-Crate 1.2 context,,http://schema.org/encodesCreativeWork,named in context,encodesCreativeWork
RO-Crate 1.2 context,,http://schema.org/encoding,named in context,encoding
RO-Crate 1.2 context,,http://schema.org/encodingFormat,named in context,encodingFormat
RO-Crate 1.2 context,,http://schema.org/encodingType,named in context,encodingType
RO-Crate 1.2 context,,http://schema.org/encodings,named in context,encodings
RO-Crate 1.2 context,,http://schema.org/endDate,named in context,endDate
RO-Crate 1.2 context,,http://schema.org/endOffset,named in context,endOffset
RO-Crate 1.2 context,,http://schema.org/endTime,named in context,endTime
RO-Crate 1.2 context,,http://schema.org/endorsee,named in context,endorsee
RO-Crate 1.2 context,,http://schema.org/endorsers,named in context,endorsers
RO-Crate 1.2 context,,http://schema.org/energyEfficiencyScaleMax,named in context,energyEfficiencyScaleMax
RO-Crate 1.2 context,,http://schema.org/energyEfficiencyScaleMin,named in context,energyEfficiencyScaleMin
RO-Crate 1.2 context,,http://schema.org/engineDisplacement,named in context,engineDisplacement
RO-Crate 1.2 context,,http://schema.org/enginePower,named in context,enginePower
RO-Crate 1.2 context,,http://schema.org/engineType,named in context,engineType
RO-Crate 1.2 context,,http://schema.org/entertainmentBusiness,named in context,entertainmentBusiness
RO-Crate 1.2 context,,http://schema.org/epidemiology,named in context,epidemiology
RO-Crate 1.2 context,,http://schema.org/episode,named in context,episode
RO-Crate 1.2 context,,http://schema.org/episodeNumber,named in context,episodeNumber
RO-Crate 1.2 context,,http://schema.org/episodes,named in context,episodes
RO-Crate 1.2 context,,http://schema.org/equal,named in context,equal
RO-Crate 1.2 context,,http://schema.org/error,named in context,error
RO-Crate 1.2 context,,http://schema.org/estimatedCost,named in context,estimatedCost
RO-Crate 1.2 context,,http://schema.org/estimatedFlightDuration,named in context,estimatedFlightDuration
RO-Crate 1.2 context,,http://schema.org/estimatedSalary,named in context,estimatedSalary
RO-Crate 1.2 context,,http://schema.org/estimatesRiskOf,named in context,estimatesRiskOf
RO-Crate 1.2 context,,http://schema.org/ethicsPolicy,named in context,ethicsPolicy
RO-Crate 1.2 context,,http://schema.org/event,named in context,event
RO-Crate 1.2 context,,http://schema.org/eventAttendanceMode,named in context,eventAttendanceMode
RO-Crate 1.2 context,,http://schema.org/eventSchedule,named in context,eventSchedule
RO-Crate 1.2 context,,http://schema.org/eventStatus,named in context,eventStatus
RO-Crate 1.2 context,,http://schema.org/events,named in context,events
RO-Crate 1.2 context,,http://schema.org/evidenceLevel,named in context,evidenceLevel
RO-Crate 1.2 context,,http://schema.org/evidenceOrigin,named in context,evidenceOrigin
RO-Crate 1.2 context,,http://schema.org/exampleOfWork,named in context,exampleOfWork
RO-Crate 1.2 context,,http://schema.org/exceptDate,named in context,exceptDate
RO-Crate 1.2 context,,http://schema.org/exchangeRateSpread,named in context,exchangeRateSpread
RO-Crate 1.2 context,,http://schema.org/executableLibraryName,named in context,executableLibraryName
RO-Crate 1.2 context,,http://schema.org/exerciseCourse,named in context,exerciseCourse
RO-Crate 1.2 context,,http://schema.org/exercisePlan,named in context,exercisePlan
RO-Crate 1.2 context,,http://schema.org/exerciseRelatedDiet,named in context,exerciseRelatedDiet
RO-Crate 1.2 context,,http://schema.org/exerciseType,named in context,exerciseType
RO-Crate 1.2 context,,http://schema.org/exifData,named in context,exifData
RO-Crate 1.2 context,,http://schema.org/expectedArrivalFrom,named in context,expectedArrivalFrom
RO-Crate 1.2 context,,http://schema.org/expectedArrivalUntil,named in context,expectedArrivalUntil
RO-Crate 1.2 context,,http://schema.org/expectedPrognosis,named in context,expectedPrognosis
RO-Crate 1.2 context,,http://schema.org/expectsAcceptanceOf,named in context,expectsAcceptanceOf
RO-Crate 1.2 context,,http://schema.org/experienceInPlaceOfEducation,named in context,experienceInPlaceOfEducation
RO-Crate 1.2 context,,http://schema.org/experienceRequirements,named in context,experienceRequirements
RO-Crate 1.2 context,,http://schema.org/expertConsiderations,named in context,expertConsiderations
RO-Crate 1.2 context,,http://schema.org/expires,named in context,expires
RO-Crate 1.2 context,,http://schema.org/expressedIn,named in context,expressedIn
RO-Crate 1.2 context,,http://schema.org/familyName,named in context,familyName
RO-Crate 1.2 context,,http://schema.org/fatContent,named in context,fatContent
RO-Crate 1.2 context,,http://schema.org/faxNumber,named in context,faxNumber
RO-Crate 1.2 context,,http://schema.org/featureList,named in context,featureList
RO-Crate 1.2 context,,http://schema.org/feesAndCommissionsSpecification,named in context,feesAndCommissionsSpecification
RO-Crate 1.2 context,,http://schema.org/fiberContent,named in context,fiberContent
RO-Crate 1.2 context,,http://schema.org/fileFormat,named in context,fileFormat
RO-Crate 1.2 context,,http://schema.org/fileSize,named in context,fileSize
RO-Crate 1.2 context,,http://schema.org/financialAidEligible,named in context,financialAidEligible
RO-Crate 1.2 context,,http://schema.org/firstAppearance,named in context,firstAppearance
RO-Crate 1.2 context,,http://schema.org/firstPerformance,named in context,firstPerformance
RO-Crate 1.2 context,,http://schema.org/flightDistance,named in context,flightDistance
RO-Crate 1.2 context,,http://schema.org/flightNumber,named in context,flightNumber
RO-Crate 1.2 context,,http://schema.org/floorLevel,named in context,floorLevel
RO-Crate 1.2 context,,http://schema.org/floorLimit,named in context,floorLimit
RO-Crate 1.2 context,,http://schema.org/floorSize,named in context,floorSize
RO-Crate 1.2 context,,http://schema.org/followee,named in context,followee
RO-Crate 1.2 context,,http://schema.org/follows,named in context,follows
RO-Crate 1.2 context,,http://schema.org/followup,named in context,followup
RO-Crate 1.2 context,,http://schema.org/foodEstablishment,named in context,foodEstablishment
RO-Crate 1.2 context,,http://schema.org/foodEvent,named in context,foodEvent
RO-Crate 1.2 context,,http://schema.org/foodWarning,named in context,foodWarning
RO-Crate 1.2 context,,http://schema.org/founder,named in context,founder
RO-Crate 1.2 context,,http://schema.org/founders,named in context,founders
RO-Crate 1.2 context,,http://schema.org/foundingDate,named in context,foundingDate
RO-Crate 1.2 context,,http://schema.org/foundingLocation,named in context,foundingLocation
RO-Crate 1.2 context,,http://schema.org/free,named in context,free
RO-Crate 1.2 context,,http://schema.org/freeShippingThreshold,named in context,freeShippingThreshold
RO-Crate 1.2 context,,http://schema.org/frequency,named in context,frequency
RO-Crate 1.2 context,,http://schema.org/fromLocation,named in context,fromLocation
RO-Crate 1.2 context,,http://schema.org/fuelCapacity,named in context,fuelCapacity
RO-Crate 1.2 context,,http://schema.org/fuelConsumption,named in context,fuelConsumption
RO-Crate 1.2 context,,http://schema.org/fuelEfficiency,named in context,fuelEfficiency
RO-Crate 1.2 context,,http://schema.org/fuelType,named in context,fuelType
RO-Crate 1.2 context,,http://schema.org/functionalClass,named in context,functionalClass
RO-Crate 1.2 context,,http://schema.org/fundedItem,named in context,fundedItem
RO-Crate 1.2 context,,http://schema.org/funder,named in context,funder
RO-Crate 1.2 context,,http://schema.org/funding,named in context,funding
RO-Crate 1.2 context,,http://schema.org/game,named in context,game
RO-Crate 1.2 context,,http://schema.org/gameAvailabilityType,named in context,gameAvailabilityType
RO-Crate 1.2 context,,http://schema.org/gameEdition,named in context,gameEdition
RO-Crate 1.2 context,,http://schema.org/gameItem,named in context,gameItem
RO-Crate 1.2 context,,http://schema.org/gameLocation,named in context,gameLocation
RO-Crate 1.2 context,,http://schema.org/gamePlatform,named in context,gamePlatform
RO-Crate 1.2 context,,http://schema.org/gameServer,named in context,gameServer
RO-Crate 1.2 context,,http://schema.org/gameTip,named in context,gameTip
RO-Crate 1.2 context,,http://schema.org/gender,named in context,gender
RO-Crate 1.2 context,,http://schema.org/genre,named in context,genre
RO-Crate 1.2 context,,http://schema.org/geo,named in context,geo
RO-Crate 1.2 context,,http://schema.org/geoContains,named in context,geoContains
RO-Crate 1.2 context,,http://schema.org/geoCoveredBy,named in context,geoCoveredBy
RO-Crate 1.2 context,,http://schema.org/geoCovers,named in context,geoCovers
RO-Crate 1.2 context,,http://schema.org/geoCrosses,named in context,geoCrosses
RO-Crate 1.2 context,,http://schema.org/geoDisjoint,named in context,geoDisjoint
RO-Crate 1.2 context,,http://schema.org/geoEquals,named in context,geoEquals
RO-Crate 1.2 context,,http://schema.org/geoIntersects,named in context,geoIntersects
RO-Crate 1.2 context,,http://schema.org/geoMidpoint,named in context,geoMidpoint
RO-Crate 1.2 context,,http://schema.org/geoOverlaps,named in context,geoOverlaps
RO-Crate 1.2 context,,http://schema.org/geoRadius,named in context,geoRadius
RO-Crate 1.2 context,,http://schema.org/geoTouches,named in context,geoTouches
RO-Crate 1.2 context,,http://schema.org/geoWithin,named in context,geoWithin
RO-Crate 1.2 context,,http://schema.org/geographicArea,named in context,geographicArea
RO-Crate 1.2 context,,http://schema.org/gettingTestedInfo,named in context,gettingTestedInfo
RO-Crate 1.2 context,,http://schema.org/givenName,named in context,givenName
RO-Crate 1.2 context,,http://schema.org/globalLocationNumber,named in context,globalLocationNumber
RO-Crate 1.2 context,,http://schema.org/governmentBenefitsInfo,named in context,governmentBenefitsInfo
RO-Crate 1.2 context,,http://schema.org/gracePeriod,named in context,gracePeriod
RO-Crate 1.2 context,,http://schema.org/grantee,named in context,grantee
RO-Crate 1.2 context,,http://schema.org/greater,named in context,greater
RO-Crate 1.2 context,,http://schema.org/greaterOrEqual,named in context,greaterOrEqual
RO-Crate 1.2 context,,http://schema.org/gtin,named in context,gtin
RO-Crate 1.2 context,,http://schema.org/gtin12,named in context,gtin12
RO-Crate 1.2 context,,http://schema.org/gtin13,named in context,gtin13
RO-Crate 1.2 context,,http://schema.org/gtin14,named in context,gtin14
RO-Crate 1.2 context,,http://schema.org/gtin8,named in context,gtin8
RO-Crate 1.2 context,,http://schema.org/guideline,named in context,guideline
RO-Crate 1.2 context,,http://schema.org/guidelineDate,named in context,guidelineDate
RO-Crate 1.2 context,,http://schema.org/guidelineSubject,named in context,guidelineSubject
RO-Crate 1.2 context,,http://schema.org/handlingTime,named in context,handlingTime
RO-Crate 1.2 context,,http://schema.org/hasAdultConsideration,named in context,hasAdultConsideration
RO-Crate 1.2 context,,http://schema.org/hasBioChemEntityPart,named in context,hasBioChemEntityPart
RO-Crate 1.2 context,,http://schema.org/hasBioPolymerSequence,named in context,hasBioPolymerSequence
RO-Crate 1.2 context,,http://schema.org/hasBroadcastChannel,named in context,hasBroadcastChannel
RO-Crate 1.2 context,,http://schema.org/hasCategoryCode,named in context,hasCategoryCode
RO-Crate 1.2 context,,http://schema.org/hasCourse,named in context,hasCourse
RO-Crate 1.2 context,,http://schema.org/hasCourseInstance,named in context,hasCourseInstance
RO-Crate 1.2 context,,http://schema.org/hasCredential,named in context,hasCredential
RO-Crate 1.2 context,,http://schema.org/hasDefinedTerm,named in context,hasDefinedTerm
RO-Crate 1.2 context,,http://schema.org/hasDeliveryMethod,named in context,hasDeliveryMethod
RO-Crate 1.2 context,,http://schema.org/hasDigitalDocumentPermission,named in context,hasDigitalDocumentPermission
RO-Crate 1.2 context,,http://schema.org/hasDriveThroughService,named in context,hasDriveThroughService
RO-Crate 1.2 context,,http://schema.org/hasEnergyConsumptionDetails,named in context,hasEnergyConsumptionDetails
RO-Crate 1.2 context,,http://schema.org/hasEnergyEfficiencyCategory,named in context,hasEnergyEfficiencyCategory
RO-Crate 1.2 context,,http://schema.org/hasHealthAspect,named in context,hasHealthAspect
RO-Crate 1.2 context,,http://schema.org/hasMap,named in context,hasMap
RO-Crate 1.2 context,,http://schema.org/hasMeasurement,named in context,hasMeasurement
RO-Crate 1.2 context,,http://schema.org/hasMenu,named in context,hasMenu
RO-Crate 1.2 context,,http://schema.org/hasMenuItem,named in context,hasMenuItem
RO-Crate 1.2 context,,http://schema.org/hasMenuSection,named in context,hasMenuSection
RO-Crate 1.2 context,,http://schema.org/hasMerchantReturnPolicy,named in context,hasMerchantReturnPolicy
RO-Crate 1.2 context,,http://schema.org/hasMolecularFunction,named in context,hasMolecularFunction
RO-Crate 1.2 context,,http://schema.org/hasOccupation,named in context,hasOccupation
RO-Crate 1.2 context,,http://schema.org/hasOfferCatalog,named in context,hasOfferCatalog
RO-Crate 1.2 context,,http://schema.org/hasPOS,named in context,hasPOS
RO-Crate 1.2 context,,http://schema.org/hasPart,named in context,hasPart
RO-Crate 1.2 context,,http://schema.org/hasProductReturnPolicy,named in context,hasProductReturnPolicy
RO-Crate 1.2 context,,http://schema.org/hasRepresentation,named in context,hasRepresentation
RO-Crate 1.2 context,,http://schema.org/hasVariant,named in context,hasVariant
RO-Crate 1.2 context,,http://schema.org/headline,named in context,headline
RO-Crate 1.2 context,,http://schema.org/healthCondition,named in context,healthCondition
RO-Crate 1.2 context,,http://schema.org/healthPlanCoinsuranceOption,named in context,healthPlanCoinsuranceOption
RO-Crate 1.2 context,,http://schema.org/healthPlanCoinsuranceRate,named in context,healthPlanCoinsuranceRate
RO-Crate 1.2 context,,http://schema.org/healthPlanCopay,named in context,healthPlanCopay
RO-Crate 1.2 context,,http://schema.org/healthPlanCopayOption,named in context,healthPlanCopayOption
RO-Crate 1.2 context,,http://schema.org/healthPlanCostSharing,named in context,healthPlanCostSharing
RO-Crate 1.2 context,,http://schema.org/healthPlanDrugOption,named in context,healthPlanDrugOption
RO-Crate 1.2 context,,http://schema.org/healthPlanDrugTier,named in context,healthPlanDrugTier
RO-Crate 1.2 context,,http://schema.org/healthPlanId,named in context,healthPlanId
RO-Crate 1.2 context,,http://schema.org/healthPlanMarketingUrl,named in context,healthPlanMarketingUrl
RO-Crate 1.2 context,,http://schema.org/healthPlanNetworkId,named in context,healthPlanNetworkId
RO-Crate 1.2 context,,http://schema.org/healthPlanNetworkTier,named in context,healthPlanNetworkTier
RO-Crate 1.2 context,,http://schema.org/healthPlanPharmacyCategory,named in context,healthPlanPharmacyCategory
RO-Crate 1.2 context,,http://schema.org/healthcareReportingData,named in context,healthcareReportingData
RO-Crate 1.2 context,,http://schema.org/height,named in context,height
RO-Crate 1.2 context,,http://schema.org/highPrice,named in context,highPrice
RO-Crate 1.2 context,,http://schema.org/hiringOrganization,named in context,hiringOrganization
RO-Crate 1.2 context,,http://schema.org/holdingArchive,named in context,holdingArchive
RO-Crate 1.2 context,,http://schema.org/homeLocation,named in context,homeLocation
RO-Crate 1.2 context,,http://schema.org/homeTeam,named in context,homeTeam
RO-Crate 1.2 context,,http://schema.org/honorificPrefix,named in context,honorificPrefix
RO-Crate 1.2 context,,http://schema.org/honorificSuffix,named in context,honorificSuffix
RO-Crate 1.2 context,,http://schema.org/hospitalAffiliation,named in context,hospitalAffiliation
RO-Crate 1.2 context,,http://schema.org/hostingOrganization,named in context,hostingOrganization
RO-Crate 1.2 context,,http://schema.org/hoursAvailable,named in context,hoursAvailable
RO-Crate 1.2 context,,http://schema.org/howPerformed,named in context,howPerformed
RO-Crate 1.2 context,,http://schema.org/httpMethod,named in context,httpMethod
RO-Crate 1.2 context,,http://schema.org/iataCode,named in context,iataCode
RO-Crate 1.2 context,,http://schema.org/icaoCode,named in context,icaoCode
RO-Crate 1.2 context,,http://schema.org/identifier,named in context,identifier
RO-Crate 1.2 context,,http://schema.org/identifyingExam,named in context,identifyingExam
RO-Crate 1.2 context,,http://schema.org/identifyingTest,named in context,identifyingTest
RO-Crate 1.2 context,,http://schema.org/illustrator,named in context,illustrator
RO-Crate 1.2 context,,http://schema.org/image,named in context,image
RO-Crate 1.2 context,,http://schema.org/imagingTechnique,named in context,imagingTechnique
RO-Crate 1.2 context,,http://schema.org/inAlbum,named in context,inAlbum
RO-Crate 1.2 context,,http://schema.org/inBroadcastLineup,named in context,inBroadcastLineup
RO-Crate 1.2 context,,http://schema.org/inChI,named in context,inChI
RO-Crate 1.2 context,,http://schema.org/inChIKey,named in context,inChIKey
RO-Crate 1.2 context,,http://schema.org/inCodeSet,named in context,inCodeSet
RO-Crate 1.2 context,,http://schema.org/inDefinedTermSet,named in context,inDefinedTermSet
RO-Crate 1.2 context,,http://schema.org/inLanguage,named in context,inLanguage
RO-Crate 1.2 context,,http://schema.org/inPlaylist,named in context,inPlaylist
RO-Crate 1.2 context,,http://schema.org/inProductGroupWithID,named in context,inProductGroupWithID
RO-Crate 1.2 context,,http://schema.org/inStoreReturnsOffered,named in context,inStoreReturnsOffered
RO-Crate 1.2 context,,http://schema.org/inSupportOf,named in context,inSupportOf
RO-Crate 1.2 context,,http://schema.org/incentiveCompensation,named in context,incentiveCompensation
RO-Crate 1.2 context,,http://schema.org/incentives,named in context,incentives
RO-Crate 1.2 context,,http://schema.org/includedComposition,named in context,includedComposition
RO-Crate 1.2 context,,http://schema.org/includedDataCatalog,named in context,includedDataCatalog
RO-Crate 1.2 context,,http://schema.org/includedInDataCatalog,named in context,includedInDataCatalog
RO-Crate 1.2 context,,http://schema.org/includedInHealthInsurancePlan,named in context,includedInHealthInsurancePlan
RO-Crate 1.2 context,,http://schema.org/includedRiskFactor,named in context,includedRiskFactor
RO-Crate 1.2 context,,http://schema.org/includesAttraction,named in context,includesAttraction
RO-Crate 1.2 context,,http://schema.org/includesHealthPlanFormulary,named in context,includesHealthPlanFormulary
RO-Crate 1.2 context,,http://schema.org/includesHealthPlanNetwork,named in context,includesHealthPlanNetwork
RO-Crate 1.2 context,,http://schema.org/includesObject,named in context,includesObject
RO-Crate 1.2 context,,http://schema.org/increasesRiskOf,named in context,increasesRiskOf
RO-Crate 1.2 context,,http://schema.org/industry,named in context,industry
RO-Crate 1.2 context,,http://schema.org/ineligibleRegion,named in context,ineligibleRegion
RO-Crate 1.2 context,,http://schema.org/infectiousAgent,named in context,infectiousAgent
RO-Crate 1.2 context,,http://schema.org/infectiousAgentClass,named in context,infectiousAgentClass
RO-Crate 1.2 context,,http://schema.org/ingredients,named in context,ingredients
RO-Crate 1.2 context,,http://schema.org/inker,named in context,inker
RO-Crate 1.2 context,,http://schema.org/insertion,named in context,insertion
RO-Crate 1.2 context,,http://schema.org/installUrl,named in context,installUrl
RO-Crate 1.2 context,,http://schema.org/instructor,named in context,instructor
RO-Crate 1.2 context,,http://schema.org/instrument,named in context,instrument
RO-Crate 1.2 context,,http://schema.org/intensity,named in context,intensity
RO-Crate 1.2 context,,http://schema.org/interactingDrug,named in context,interactingDrug
RO-Crate 1.2 context,,http://schema.org/interactionCount,named in context,interactionCount
RO-Crate 1.2 context,,http://schema.org/interactionService,named in context,interactionService
RO-Crate 1.2 context,,http://schema.org/interactionStatistic,named in context,interactionStatistic
RO-Crate 1.2 context,,http://schema.org/interactionType,named in context,interactionType
RO-Crate 1.2 context,,http://schema.org/interactivityType,named in context,interactivityType
RO-Crate 1.2 context,,http://schema.org/interestRate,named in context,interestRate
RO-Crate 1.2 context,,http://schema.org/interpretedAsClaim,named in context,interpretedAsClaim
RO-Crate 1.2 context,,http://schema.org/inventoryLevel,named in context,inventoryLevel
RO-Crate 1.2 context,,http://schema.org/inverseOf,named in context,inverseOf
RO-Crate 1.2 context,,http://schema.org/isAcceptingNewPatients,named in context,isAcceptingNewPatients
RO-Crate 1.2 context,,http://schema.org/isAccessibleForFree,named in context,isAccessibleForFree
RO-Crate 1.2 context,,http://schema.org/isAccessoryOrSparePartFor,named in context,isAccessoryOrSparePartFor
RO-Crate 1.2 context,,http://schema.org/isAvailableGenerically,named in context,isAvailableGenerically
RO-Crate 1.2 context,,http://schema.org/isBasedOn,named in context,isBasedOn
RO-Crate 1.2 context,,http://schema.org/isBasedOnUrl,named in context,isBasedOnUrl
RO-Crate 1.2 context,,http://schema.org/isConsumableFor,named in context,isConsumableFor
RO-Crate 1.2 context,,http://schema.org/isEncodedByBioChemEntity,named in context,isEncodedByBioChemEntity
RO-Crate 1.2 context,,http://schema.org/isFamilyFriendly,named in context,isFamilyFriendly
RO-Crate 1.2 context,,http://schema.org/isGift,named in context,isGift
RO-Crate 1.2 context,,http://schema.org/isInvolvedInBiologicalProcess,named in context,isInvolvedInBiologicalProcess
RO-Crate 1.2 context,,http://schema.org/isLiveBroadcast,named in context,isLiveBroadcast
RO-Crate 1.2 context,,http://schema.org/isLocatedInSubcellularLocation,named in context,isLocatedInSubcellularLocation
RO-Crate 1.2 context,,http://schema.org/isPartOf,named in context,isPartOf
RO-Crate 1.2 context,,http://schema.org/isPartOfBioChemEntity,named in context,isPartOfBioChemEntity
RO-Crate 1.2 context,,http://schema.org/isPlanForApartment,named in context,isPlanForApartment
RO-Crate 1.2 context,,http://schema.org/isProprietary,named in context,isProprietary
RO-Crate 1.2 context,,http://schema.org/isRelatedTo,named in context,isRelatedTo
RO-Crate 1.2 context,,http://schema.org/isResizable,named in context,isResizable
RO-Crate 1.2 context,,http://schema.org/isSimilarTo,named in context,isSimilarTo
RO-Crate 1.2 context,,http://schema.org/isUnlabelledFallback,named in context,isUnlabelledFallback
RO-Crate 1.2 context,,http://schema.org/isVariantOf,named in context,isVariantOf
RO-Crate 1.2 context,,http://schema.org/isbn,named in context,isbn
RO-Crate 1.2 context,,http://schema.org/isicV4,named in context,isicV4
RO-Crate 1.2 context,,http://schema.org/iso6523Code,named in context,iso6523Code
RO-Crate 1.2 context,,http://schema.org/isrcCode,named in context,isrcCode
RO-Crate 1.2 context,,http://schema.org/issn,named in context,issn
RO-Crate 1.2 context,,http://schema.org/issueNumber,named in context,issueNumber
RO-Crate 1.2 context,,http://schema.org/issuedBy,named in context,issuedBy
RO-Crate 1.2 context,,http://schema.org/issuedThrough,named in context,issuedThrough
RO-Crate 1.2 context,,http://schema.org/iswcCode,named in context,iswcCode
RO-Crate 1.2 context,,http://schema.org/item,named in context,item
RO-Crate 1.2 context,,http://schema.org/itemCondition,named in context,itemCondition
RO-Crate 1.2 context,,http://schema.org/itemDefectReturnFees,named in context,itemDefectReturnFees
RO-Crate 1.2 context,,http://schema.org/itemDefectReturnLabelSource,named in context,itemDefectReturnLabelSource
RO-Crate 1.2 context,,http://schema.org/itemDefectReturnShippingFeesAmount,named in context,itemDefectReturnShippingFeesAmount
RO-Crate 1.2 context,,http://schema.org/itemListElement,named in context,itemListElement
RO-Crate 1.2 context,,http://schema.org/itemListOrder,named in context,itemListOrder
RO-Crate 1.2 context,,http://schema.org/itemLocation,named in context,itemLocation
RO-Crate 1.2 context,,http://schema.org/itemOffered,named in context,itemOffered
RO-Crate 1.2 context,,http://schema.org/itemReviewed,named in context,itemReviewed
RO-Crate 1.2 context,,http://schema.org/itemShipped,named in context,itemShipped
RO-Crate 1.2 context,,http://schema.org/itinerary,named in context,itinerary
RO-Crate 1.2 context,,http://schema.org/iupacName,named in context,iupacName
RO-Crate 1.2 context,,http://schema.org/jobBenefits,named in context,jobBenefits
RO-Crate 1.2 context,,http://schema.org/jobImmediateStart,named in context,jobImmediateStart
RO-Crate 1.2 context,,http://schema.org/jobLocation,named in context,jobLocation
RO-Crate 1.2 context,,http://schema.org/jobLocationType,named in context,jobLocationType
RO-Crate 1.2 context,,http://schema.org/jobStartDate,named in context,jobStartDate
RO-Crate 1.2 context,,http://schema.org/jobTitle,named in context,jobTitle
RO-Crate 1.2 context,,http://schema.org/jurisdiction,named in context,jurisdiction
RO-Crate 1.2 context,,http://schema.org/keywords,named in context,keywords
RO-Crate 1.2 context,,http://schema.org/knownVehicleDamages,named in context,knownVehicleDamages
RO-Crate 1.2 context,,http://schema.org/knows,named in context,knows
RO-Crate 1.2 context,,http://schema.org/knowsAbout,named in context,knowsAbout
RO-Crate 1.2 context,,http://schema.org/knowsLanguage,named in context,knowsLanguage
RO-Crate 1.2 context,,http://schema.org/labelDetails,named in context,labelDetails
RO-Crate 1.2 context,,http://schema.org/landlord,named in context,landlord
RO-Crate 1.2 context,,http://schema.org/language,named in context,language
RO-Crate 1.2 context,,http://schema.org/lastReviewed,named in context,lastReviewed
RO-Crate 1.2 context,,http://schema.org/latitude,named in context,latitude
RO-Crate 1.2 context,,http://schema.org/layoutImage,named in context,layoutImage
RO-Crate 1.2 context,,http://schema.org/learningResourceType,named in context,learningResourceType
RO-Crate 1.2 context,,http://schema.org/leaseLength,named in context,leaseLength
RO-Crate 1.2 context,,http://schema.org/legalName,named in context,legalName
RO-Crate 1.2 context,,http://schema.org/legalStatus,named in context,legalStatus
RO-Crate 1.2 context,,http://schema.org/legislationApplies,named in context,legislationApplies
RO-Crate 1.2 context,,http://schema.org/legislationChanges,named in context,legislationChanges
RO-Crate 1.2 context,,http://schema.org/legislationConsolidates,named in context,legislationConsolidates
RO-Crate 1.2 context,,http://schema.org/legislationDate,named in context,legislationDate
RO-Crate 1.2 context,,http://schema.org/legislationDateVersion,named in context,legislationDateVersion
RO-Crate 1.2 context,,http://schema.org/legislationIdentifier,named in context,legislationIdentifier
RO-Crate 1.2 context,,http://schema.org/legislationJurisdiction,named in context,legislationJurisdiction
RO-Crate 1.2 context,,http://schema.org/legislationLegalForce,named in context,legislationLegalForce
RO-Crate 1.2 context,,http://schema.org/legislationLegalValue,named in context,legislationLegalValue
RO-Crate 1.2 context,,http://schema.org/legislationPassedBy,named in context,legislationPassedBy
RO-Crate 1.2 context,,http://schema.org/legislationResponsible,named in context,legislationResponsible
RO-Crate 1.2 context,,http://schema.org/legislationTransposes,named in context,legislationTransposes
RO-Crate 1.2 context,,http://schema.org/legislationType,named in context,legislationType
RO-Crate 1.2 context,,http://schema.org/leiCode,named in context,leiCode
RO-Crate 1.2 context,,http://schema.org/lender,named in context,lender
RO-Crate 1.2 context,,http://schema.org/lesser,named in context,lesser
RO-Crate 1.2 context,,http://schema.org/lesserOrEqual,named in context,lesserOrEqual
RO-Crate 1.2 context,,http://schema.org/letterer,named in context,letterer
RO-Crate 1.2 context,,http://schema.org/license,named in context,license
RO-Crate 1.2 context,,http://schema.org/line,named in context,line
RO-Crate 1.2 context,,http://schema.org/linkRelationship,named in context,linkRelationship
RO-Crate 1.2 context,,http://schema.org/liveBlogUpdate,named in context,liveBlogUpdate
RO-Crate 1.2 context,,http://schema.org/loanMortgageMandateAmount,named in context,loanMortgageMandateAmount
RO-Crate 1.2 context,,http://schema.org/loanPaymentAmount,named in context,loanPaymentAmount
RO-Crate 1.2 context,,http://schema.org/loanPaymentFrequency,named in context,loanPaymentFrequency
RO-Crate 1.2 context,,http://schema.org/loanRepaymentForm,named in context,loanRepaymentForm
RO-Crate 1.2 context,,http://schema.org/loanTerm,named in context,loanTerm
RO-Crate 1.2 context,,http://schema.org/loanType,named in context,loanType
RO-Crate 1.2 context,,http://schema.org/location,named in context,location
RO-Crate 1.2 context,,http://schema.org/locationCreated,named in context,locationCreated
RO-Crate 1.2 context,,http://schema.org/lodgingUnitDescription,named in context,lodgingUnitDescription
RO-Crate 1.2 context,,http://schema.org/lodgingUnitType,named in context,lodgingUnitType
RO-Crate 1.2 context,,http://schema.org/logo,named in context,logo
RO-Crate 1.2 context,,http://schema.org/longitude,named in context,longitude
RO-Crate 1.2 context,,http://schema.org/loser,named in context,loser
RO-Crate 1.2 context,,http://schema.org/lowPrice,named in context,lowPrice
RO-Crate 1.2 context,,http://schema.org/lyricist,named in context,lyricist
RO-Crate 1.2 context,,http://schema.org/lyrics,named in context,lyrics
RO-Crate 1.2 context,,http://schema.org/mainContentOfPage,named in context,mainContentOfPage
RO-Crate 1.2 context,,http://schema.org/mainEntity,named in context,mainEntity
RO-Crate 1.2 context,,http://schema.org/mainEntityOfPage,named in context,mainEntityOfPage
RO-Crate 1.2 context,,http://schema.org/maintainer,named in context,maintainer
RO-Crate 1.2 context,,http://schema.org/makesOffer,named in context,makesOffer
RO-Crate 1.2 context,,http://schema.org/manufacturer,named in context,manufacturer
RO-Crate 1.2 context,,http://schema.org/map,named in context,map
RO-Crate 1.2 context,,http://schema.org/mapType,named in context,mapType
RO-Crate 1.2 context,,http://schema.org/maps,named in context,maps
RO-Crate 1.2 context,,http://schema.org/marginOfError,named in context,marginOfError
RO-Crate 1.2 context,,http://schema.org/masthead,named in context,masthead
RO-Crate 1.2 context,,http://schema.org/material,named in context,material
RO-Crate 1.2 context,,http://schema.org/materialExtent,named in context,materialExtent
RO-Crate 1.2 context,,http://schema.org/mathExpression,named in context,mathExpression
RO-Crate 1.2 context,,http://schema.org/maxPrice,named in context,maxPrice
RO-Crate 1.2 context,,http://schema.org/maxValue,named in context,maxValue
RO-Crate 1.2 context,,http://schema.org/maximumAttendeeCapacity,named in context,maximumAttendeeCapacity
RO-Crate 1.2 context,,http://schema.org/maximumEnrollment,named in context,maximumEnrollment
RO-Crate 1.2 context,,http://schema.org/maximumIntake,named in context,maximumIntake
RO-Crate 1.2 context,,http://schema.org/maximumPhysicalAttendeeCapacity,named in context,maximumPhysicalAttendeeCapacity
RO-Crate 1.2 context,,http://schema.org/maximumVirtualAttendeeCapacity,named in context,maximumVirtualAttendeeCapacity
RO-Crate 1.2 context,,http://schema.org/mealService,named in context,mealService
RO-Crate 1.2 context,,http://schema.org/measuredProperty,named in context,measuredProperty
RO-Crate 1.2 context,,http://schema.org/measurementDenominator,named in context,measurementDenominator
RO-Crate 1.2 context,,http://schema.org/measurementMethod,named in context,measurementMethod
RO-Crate 1.2 context,,http://schema.org/measurementQualifier,named in context,measurementQualifier
RO-Crate 1.2 context,,http://schema.org/measurementTechnique,named in context,measurementTechnique
RO-Crate 1.2 context,,http://schema.org/mechanismOfAction,named in context,mechanismOfAction
RO-Crate 1.2 context,,http://schema.org/mediaAuthenticityCategory,named in context,mediaAuthenticityCategory
RO-Crate 1.2 context,,http://schema.org/mediaItemAppearance,named in context,mediaItemAppearance
RO-Crate 1.2 context,,http://schema.org/median,named in context,median
RO-Crate 1.2 context,,http://schema.org/medicalAudience,named in context,medicalAudience
RO-Crate 1.2 context,,http://schema.org/medicalSpecialty,named in context,medicalSpecialty
RO-Crate 1.2 context,,http://schema.org/medicineSystem,named in context,medicineSystem
RO-Crate 1.2 context,,http://schema.org/meetsEmissionStandard,named in context,meetsEmissionStandard
RO-Crate 1.2 context,,http://schema.org/member,named in context,member
RO-Crate 1.2 context,,http://schema.org/memberOf,named in context,memberOf
RO-Crate 1.2 context,,http://schema.org/members,named in context,members
RO-Crate 1.2 context,,http://schema.org/membershipNumber,named in context,membershipNumber
RO-Crate 1.2 context,,http://schema.org/membershipPointsEarned,named in context,membershipPointsEarned
RO-Crate 1.2 context,,http://schema.org/memoryRequirements,named in context,memoryRequirements
RO-Crate 1.2 context,,http://schema.org/mentions,named in context,mentions
RO-Crate 1.2 context,,http://schema.org/menu,named in context,menu
RO-Crate 1.2 context,,http://schema.org/menuAddOn,named in context,menuAddOn
RO-Crate 1.2 context,,http://schema.org/merchant,named in context,merchant
RO-Crate 1.2 context,,http://schema.org/merchantReturnDays,named in context,merchantReturnDays
RO-Crate 1.2 context,,http://schema.org/merchantReturnLink,named in context,merchantReturnLink
RO-Crate 1.2 context,,http://schema.org/messageAttachment,named in context,messageAttachment
RO-Crate 1.2 context,,http://schema.org/mileageFromOdometer,named in context,mileageFromOdometer
RO-Crate 1.2 context,,http://schema.org/minPrice,named in context,minPrice
RO-Crate 1.2 context,,http://schema.org/minValue,named in context,minValue
RO-Crate 1.2 context,,http://schema.org/minimumPaymentDue,named in context,minimumPaymentDue
RO-Crate 1.2 context,,http://schema.org/missionCoveragePrioritiesPolicy,named in context,missionCoveragePrioritiesPolicy
RO-Crate 1.2 context,,http://schema.org/mobileUrl,named in context,mobileUrl
RO-Crate 1.2 context,,http://schema.org/model,named in context,model
RO-Crate 1.2 context,,http://schema.org/modelDate,named in context,modelDate
RO-Crate 1.2 context,,http://schema.org/modifiedTime,named in context,modifiedTime
RO-Crate 1.2 context,,http://schema.org/molecularFormula,named in context,molecularFormula
RO-Crate 1.2 context,,http://schema.org/molecularWeight,named in context,molecularWeight
RO-Crate 1.2 context,,http://schema.org/monoisotopicMolecularWeight,named in context,monoisotopicMolecularWeight
RO-Crate 1.2 context,,http://schema.org/monthlyMinimumRepaymentAmount,named in context,monthlyMinimumRepaymentAmount
RO-Crate 1.2 context,,http://schema.org/monthsOfExperience,named in context,monthsOfExperience
RO-Crate 1.2 context,,http://schema.org/mpn,named in context,mpn
RO-Crate 1.2 context,,http://schema.org/multipleValues,named in context,multipleValues
RO-Crate 1.2 context,,http://schema.org/muscleAction,named in context,muscleAction
RO-Crate 1.2 context,,http://schema.org/musicArrangement,named in context,musicArrangement
RO-Crate 1.2 context,,http://schema.org/musicBy,named in context,musicBy
RO-Crate 1.2 context,,http://schema.org/musicCompositionForm,named in context,musicCompositionForm
RO-Crate 1.2 context,,http://schema.org/musicGroupMember,named in context,musicGroupMember
RO-Crate 1.2 context,,http://schema.org/musicReleaseFormat,named in context,musicReleaseFormat
RO-Crate 1.2 context,,http://schema.org/musicalKey,named in context,musicalKey
RO-Crate 1.2 context,,http://schema.org/naics,named in context,naics
RO-Crate 1.2 context,,http://schema.org/name,named in context,name
RO-Crate 1.2 context,,http://schema.org/namedPosition,named in context,namedPosition
RO-Crate 1.2 context,,http://schema.org/nationality,named in context,nationality
RO-Crate 1.2 context,,http://schema.org/naturalProgression,named in context,naturalProgression
RO-Crate 1.2 context,,http://schema.org/negativeNotes,named in context,negativeNotes
RO-Crate 1.2 context,,http://schema.org/nerve,named in context,nerve
RO-Crate 1.2 context,,http://schema.org/nerveMotor,named in context,nerveMotor
RO-Crate 1.2 context,,http://schema.org/netWorth,named in context,netWorth
RO-Crate 1.2 context,,http://schema.org/newsUpdatesAndGuidelines,named in context,newsUpdatesAndGuidelines
RO-Crate 1.2 context,,http://schema.org/nextItem,named in context,nextItem
RO-Crate 1.2 context,,http://schema.org/noBylinesPolicy,named in context,noBylinesPolicy
RO-Crate 1.2 context,,http://schema.org/nonEqual,named in context,nonEqual
RO-Crate 1.2 context,,http://schema.org/nonProprietaryName,named in context,nonProprietaryName
RO-Crate 1.2 context,,http://schema.org/nonprofitStatus,named in context,nonprofitStatus
RO-Crate 1.2 context,,http://schema.org/normalRange,named in context,normalRange
RO-Crate 1.2 context,,http://schema.org/nsn,named in context,nsn
RO-Crate 1.2 context,,http://schema.org/numAdults,named in context,numAdults
RO-Crate 1.2 context,,http://schema.org/numChildren,named in context,numChildren
RO-Crate 1.2 context,,http://schema.org/numConstraints,named in context,numConstraints
RO-Crate 1.2 context,,http://schema.org/numTracks,named in context,numTracks
RO-Crate 1.2 context,,http://schema.org/numberOfAccommodationUnits,named in context,numberOfAccommodationUnits
RO-Crate 1.2 context,,http://schema.org/numberOfAirbags,named in context,numberOfAirbags
RO-Crate 1.2 context,,http://schema.org/numberOfAvailableAccommodationUnits,named in context,numberOfAvailableAccommodationUnits
RO-Crate 1.2 context,,http://schema.org/numberOfAxles,named in context,numberOfAxles
RO-Crate 1.2 context,,http://schema.org/numberOfBathroomsTotal,named in context,numberOfBathroomsTotal
RO-Crate 1.2 context,,http://schema.org/numberOfBedrooms,named in context,numberOfBedrooms
RO-Crate 1.2 context,,http://schema.org/numberOfBeds,named in context,numberOfBeds
RO-Crate 1.2 context,,http://schema.org/numberOfCredits,named in context,numberOfCredits
RO-Crate 1.2 context,,http://schema.org/numberOfDoors,named in context,numberOfDoors
RO-Crate 1.2 context,,http://schema.org/numberOfEmployees,named in context,numberOfEmployees
RO-Crate 1.2 context,,http://schema.org/numberOfEpisodes,named in context,numberOfEpisodes
RO-Crate 1.2 context,,http://schema.org/numberOfForwardGears,named in context,numberOfForwardGears
RO-Crate 1.2 context,,http://schema.org/numberOfFullBathrooms,named in context,numberOfFullBathrooms
RO-Crate 1.2 context,,http://schema.org/numberOfItems,named in context,numberOfItems
RO-Crate 1.2 context,,http://schema.org/numberOfLoanPayments,named in context,numberOfLoanPayments
RO-Crate 1.2 context,,http://schema.org/numberOfPages,named in context,numberOfPages
RO-Crate 1.2 context,,http://schema.org/numberOfPartialBathrooms,named in context,numberOfPartialBathrooms
RO-Crate 1.2 context,,http://schema.org/numberOfPlayers,named in context,numberOfPlayers
RO-Crate 1.2 context,,http://schema.org/numberOfPreviousOwners,named in context,numberOfPreviousOwners
RO-Crate 1.2 context,,http://schema.org/numberOfRooms,named in context,numberOfRooms
RO-Crate 1.2 context,,http://schema.org/numberOfSeasons,named in context,numberOfSeasons
RO-Crate 1.2 context,,http://schema.org/numberedPosition,named in context,numberedPosition
RO-Crate 1.2 context,,http://schema.org/nutrition,named in context,nutrition
RO-Crate 1.2 context,,http://schema.org/object,named in context,object
RO-Crate 1.2 context,,http://schema.org/observationAbout,named in context,observationAbout
RO-Crate 1.2 context,,http://schema.org/observationDate,named in context,observationDate
RO-Crate 1.2 context,,http://schema.org/observationPeriod,named in context,observationPeriod
RO-Crate 1.2 context,,http://schema.org/occupancy,named in context,occupancy
RO-Crate 1.2 context,,http://schema.org/occupationLocation,named in context,occupationLocation
RO-Crate 1.2 context,,http://schema.org/occupationalCategory,named in context,occupationalCategory
RO-Crate 1.2 context,,http://schema.org/occupationalCredentialAwarded,named in context,occupationalCredentialAwarded
RO-Crate 1.2 context,,http://schema.org/offerCount,named in context,offerCount
RO-Crate 1.2 context,,http://schema.org/offeredBy,named in context,offeredBy
RO-Crate 1.2 context,,http://schema.org/offers,named in context,offers
RO-Crate 1.2 context,,http://schema.org/offersPrescriptionByMail,named in context,offersPrescriptionByMail
RO-Crate 1.2 context,,http://schema.org/openingHours,named in context,openingHours
RO-Crate 1.2 context,,http://schema.org/openingHoursSpecification,named in context,openingHoursSpecification
RO-Crate 1.2 context,,http://schema.org/opens,named in context,opens
RO-Crate 1.2 context,,http://schema.org/operatingSystem,named in context,operatingSystem
RO-Crate 1.2 context,,http://schema.org/opponent,named in context,opponent
RO-Crate 1.2 context,,http://schema.org/option,named in context,option
RO-Crate 1.2 context,,http://schema.org/orderDate,named in context,orderDate
RO-Crate 1.2 context,,http://schema.org/orderDelivery,named in context,orderDelivery
RO-Crate 1.2 context,,http://schema.org/orderItemNumber,named in context,orderItemNumber
RO-Crate 1.2 context,,http://schema.org/orderItemStatus,named in context,orderItemStatus
RO-Crate 1.2 context,,http://schema.org/orderNumber,named in context,orderNumber
RO-Crate 1.2 context,,http://schema.org/orderQuantity,named in context,orderQuantity
RO-Crate 1.2 context,,http://schema.org/orderStatus,named in context,orderStatus
RO-Crate 1.2 context,,http://schema.org/orderedItem,named in context,orderedItem
RO-Crate 1.2 context,,http://schema.org/organizer,named in context,organizer
RO-Crate 1.2 context,,http://schema.org/originAddress,named in context,originAddress
RO-Crate 1.2 context,,http://schema.org/originalMediaContextDescription,named in context,originalMediaContextDescription
RO-Crate 1.2 context,,http://schema.org/originalMediaLink,named in context,originalMediaLink
RO-Crate 1.2 context,,http://schema.org/originatesFrom,named in context,originatesFrom
RO-Crate 1.2 context,,http://schema.org/overdosage,named in context,overdosage
RO-Crate 1.2 context,,http://schema.org/ownedFrom,named in context,ownedFrom
RO-Crate 1.2 context,,http://schema.org/ownedThrough,named in context,ownedThrough
RO-Crate 1.2 context,,http://schema.org/ownershipFundingInfo,named in context,ownershipFundingInfo
RO-Crate 1.2 context,,http://schema.org/owns,named in context,owns
RO-Crate 1.2 context,,http://schema.org/pageEnd,named in context,pageEnd
RO-Crate 1.2 context,,http://schema.org/pageStart,named in context,pageStart
RO-Crate 1.2 context,,http://schema.org/pagination,named in context,pagination
RO-Crate 1.2 context,,http://schema.org/parent,named in context,parent
RO-Crate 1.2 context,,http://schema.org/parentItem,named in context,parentItem
RO-Crate 1.2 context,,http://schema.org/parentOrganization,named in context,parentOrganization
RO-Crate 1.2 context,,http://schema.org/parentService,named in context,parentService
RO-Crate 1.2 context,,http://schema.org/parentTaxon,named in context,parentTaxon
RO-Crate 1.2 context,,http://schema.org/parents,named in context,parents
RO-Crate 1.2 context,,http://schema.org/partOfEpisode,named in context,partOfEpisode
RO-Crate 1.2 context,,http://schema.org/partOfInvoice,named in context,partOfInvoice
RO-Crate 1.2 context,,http://schema.org/partOfOrder,named in context,partOfOrder
RO-Crate 1.2 context,,http://schema.org/partOfSeason,named in context,partOfSeason
RO-Crate 1.2 context,,http://schema.org/partOfSeries,named in context,partOfSeries
RO-Crate 1.2 context,,http://schema.org/partOfSystem,named in context,partOfSystem
RO-Crate 1.2 context,,http://schema.org/partOfTVSeries,named in context,partOfTVSeries
RO-Crate 1.2 context,,http://schema.org/partOfTrip,named in context,partOfTrip
RO-Crate 1.2 context,,http://schema.org/participant,named in context,participant
RO-Crate 1.2 context,,http://schema.org/partySize,named in context,partySize
RO-Crate 1.2 context,,http://schema.org/passengerPriorityStatus,named in context,passengerPriorityStatus
RO-Crate 1.2 context,,http://schema.org/passengerSequenceNumber,named in context,passengerSequenceNumber
RO-Crate 1.2 context,,http://schema.org/pathophysiology,named in context,pathophysiology
RO-Crate 1.2 context,,http://schema.org/pattern,named in context,pattern
RO-Crate 1.2 context,,http://schema.org/payload,named in context,payload
RO-Crate 1.2 context,,http://schema.org/paymentAccepted,named in context,paymentAccepted
RO-Crate 1.2 context,,http://schema.org/paymentDue,named in context,paymentDue
RO-Crate 1.2 context,,http://schema.org/paymentDueDate,named in context,paymentDueDate
RO-Crate 1.2 context,,http://schema.org/paymentMethod,named in context,paymentMethod
RO-Crate 1.2 context,,http://schema.org/paymentMethodId,named in context,paymentMethodId
RO-Crate 1.2 context,,http://schema.org/paymentStatus,named in context,paymentStatus
RO-Crate 1.2 context,,http://schema.org/paymentUrl,named in context,paymentUrl
RO-Crate 1.2 context,,http://schema.org/penciler,named in context,penciler
RO-Crate 1.2 context,,http://schema.org/percentile10,named in context,percentile10
RO-Crate 1.2 context,,http://schema.org/percentile25,named in context,percentile25
RO-Crate 1.2 context,,http://schema.org/percentile75,named in context,percentile75
RO-Crate 1.2 context,,http://schema.org/percentile90,named in context,percentile90
RO-Crate 1.2 context,,http://schema.org/performTime,named in context,performTime
RO-Crate 1.2 context,,http://schema.org/performer,named in context,performer
RO-Crate 1.2 context,,http://schema.org/performerIn,named in context,performerIn
RO-Crate 1.2 context,,http://schema.org/performers,named in context,performers
RO-Crate 1.2 context,,http://schema.org/permissionType,named in context,permissionType
RO-Crate 1.2 context,,http://schema.org/permissions,named in context,permissions
RO-Crate 1.2 context,,http://schema.org/permitAudience,named in context,permitAudience
RO-Crate 1.2 context,,http://schema.org/permittedUsage,named in context,permittedUsage
RO-Crate 1.2 context,,http://schema.org/petsAllowed,named in context,petsAllowed
RO-Crate 1.2 context,,http://schema.org/phoneticText,named in context,phoneticText
RO-Crate 1.2 context,,http://schema.org/photo,named in context,photo
RO-Crate 1.2 context,,http://schema.org/photos,named in context,photos
RO-Crate 1.2 context,,http://schema.org/physicalRequirement,named in context,physicalRequirement
RO-Crate 1.2 context,,http://schema.org/physiologicalBenefits,named in context,physiologicalBenefits
RO-Crate 1.2 context,,http://schema.org/pickupLocation,named in context,pickupLocation
RO-Crate 1.2 context,,http://schema.org/pickupTime,named in context,pickupTime
RO-Crate 1.2 context,,http://schema.org/playMode,named in context,playMode
RO-Crate 1.2 context,,http://schema.org/playerType,named in context,playerType
RO-Crate 1.2 context,,http://schema.org/playersOnline,named in context,playersOnline
RO-Crate 1.2 context,,http://schema.org/polygon,named in context,polygon
RO-Crate 1.2 context,,http://schema.org/populationType,named in context,populationType
RO-Crate 1.2 context,,http://schema.org/position,named in context,position
RO-Crate 1.2 context,,http://schema.org/positiveNotes,named in context,positiveNotes
RO-Crate 1.2 context,,http://schema.org/possibleComplication,named in context,possibleComplication
RO-Crate 1.2 context,,http://schema.org/possibleTreatment,named in context,possibleTreatment
RO-Crate 1.2 context,,http://schema.org/postOfficeBoxNumber,named in context,postOfficeBoxNumber
RO-Crate 1.2 context,,http://schema.org/postOp,named in context,postOp
RO-Crate 1.2 context,,http://schema.org/postalCode,named in context,postalCode
RO-Crate 1.2 context,,http://schema.org/postalCodeBegin,named in context,postalCodeBegin
RO-Crate 1.2 context,,http://schema.org/postalCodeEnd,named in context,postalCodeEnd
RO-Crate 1.2 context,,http://schema.org/postalCodePrefix,named in context,postalCodePrefix
RO-Crate 1.2 context,,http://schema.org/postalCodeRange,named in context,postalCodeRange
RO-Crate 1.2 context,,http://schema.org/potentialAction,named in context,potentialAction
RO-Crate 1.2 context,,http://schema.org/potentialUse,named in context,potentialUse
RO-Crate 1.2 context,,http://schema.org/preOp,named in context,preOp
RO-Crate 1.2 context,,http://schema.org/predecessorOf,named in context,predecessorOf
RO-Crate 1.2 context,,http://schema.org/pregnancyCategory,named in context,pregnancyCategory
RO-Crate 1.2 context,,http://schema.org/pregnancyWarning,named in context,pregnancyWarning
RO-Crate 1.2 context,,http://schema.org/prepTime,named in context,prepTime
RO-Crate 1.2 context,,http://schema.org/preparation,named in context,preparation
RO-Crate 1.2 context,,http://schema.org/prescribingInfo,named in context,prescribingInfo
RO-Crate 1.2 context,,http://schema.org/prescriptionStatus,named in context,prescriptionStatus
RO-Crate 1.2 context,,http://schema.org/previousItem,named in context,previousItem
RO-Crate 1.2 context,,http://schema.org/previousStartDate,named in context,previousStartDate
RO-Crate 1.2 context,,http://schema.org/price,named in context,price
RO-Crate 1.2 context,,http://schema.org/priceComponent,named in context,priceComponent
RO-Crate 1.2 context,,http://schema.org/priceComponentType,named in context,priceComponentType
RO-Crate 1.2 context,,http://schema.org/priceCurrency,named in context,priceCurrency
RO-Crate 1.2 context,,http://schema.org/priceRange,named in context,priceRange
RO-Crate 1.2 context,,http://schema.org/priceSpecification,named in context,priceSpecification
RO-Crate 1.2 context,,http://schema.org/priceType,named in context,priceType
RO-Crate 1.2 context,,http://schema.org/priceValidUntil,named in context,priceValidUntil
RO-Crate 1.2 context,,http://schema.org/primaryImageOfPage,named in context,primaryImageOfPage
RO-Crate 1.2 context,,http://schema.org/primaryPrevention,named in context,primaryPrevention
RO-Crate 1.2 context,,http://schema.org/printColumn,named in context,printColumn
RO-Crate 1.2 context,,http://schema.org/printEdition,named in context,printEdition
RO-Crate 1.2 context,,http://schema.org/printPage,named in context,printPage
RO-Crate 1.2 context,,http://schema.org/printSection,named in context,printSection
RO-Crate 1.2 context,,http://schema.org/procedure,named in context,procedure
RO-Crate 1.2 context,,http://schema.org/procedureType,named in context,procedureType
RO-Crate 1.2 context,,http://schema.org/processingTime,named in context,processingTime
RO-Crate 1.2 context,,http://schema.org/processorRequirements,named in context,processorRequirements
RO-Crate 1.2 context,,http://schema.org/producer,named in context,producer
RO-Crate 1.2 context,,http://schema.org/produces,named in context,produces
RO-Crate 1.2 context,,http://schema.org/productGroupID,named in context,productGroupID
RO-Crate 1.2 context,,http://schema.org/productID,named in context,productID
RO-Crate 1.2 context,,http://schema.org/productReturnDays,named in context,productReturnDays
RO-Crate 1.2 context,,http://schema.org/productReturnLink,named in context,productReturnLink
RO-Crate 1.2 context,,http://schema.org/productSupported,named in context,productSupported
RO-Crate 1.2 context,,http://schema.org/productionCompany,named in context,productionCompany
RO-Crate 1.2 context,,http://schema.org/productionDate,named in context,productionDate
RO-Crate 1.2 context,,http://schema.org/proficiencyLevel,named in context,proficiencyLevel
RO-Crate 1.2 context,,http://schema.org/programMembershipUsed,named in context,programMembershipUsed
RO-Crate 1.2 context,,http://schema.org/programName,named in context,programName
RO-Crate 1.2 context,,http://schema.org/programPrerequisites,named in context,programPrerequisites
RO-Crate 1.2 context,,http://schema.org/programType,named in context,programType
RO-Crate 1.2 context,,http://schema.org/programmingLanguage,named in context,programmingLanguage
RO-Crate 1.2 context,,http://schema.org/programmingModel,named in context,programmingModel
RO-Crate 1.2 context,,http://schema.org/propertyID,named in context,propertyID
RO-Crate 1.2 context,,http://schema.org/proprietaryName,named in context,proprietaryName
RO-Crate 1.2 context,,http://schema.org/proteinContent,named in context,proteinContent
RO-Crate 1.2 context,,http://schema.org/provider,named in context,provider
RO-Crate 1.2 context,,http://schema.org/providerMobility,named in context,providerMobility
RO-Crate 1.2 context,,http://schema.org/providesBroadcastService,named in context,providesBroadcastService
RO-Crate 1.2 context,,http://schema.org/providesService,named in context,providesService
RO-Crate 1.2 context,,http://schema.org/publicAccess,named in context,publicAccess
RO-Crate 1.2 context,,http://schema.org/publicTransportClosuresInfo,named in context,publicTransportClosuresInfo
RO-Crate 1.2 context,,http://schema.org/publication,named in context,publication
RO-Crate 1.2 context,,http://schema.org/publicationType,named in context,publicationType
RO-Crate 1.2 context,,http://schema.org/publishedBy,named in context,publishedBy
RO-Crate 1.2 context,,http://schema.org/publishedOn,named in context,publishedOn
RO-Crate 1.2 context,,http://schema.org/publisher,named in context,publisher
RO-Crate 1.2 context,,http://schema.org/publisherImprint,named in context,publisherImprint
RO-Crate 1.2 context,,http://schema.org/publishingPrinciples,named in context,publishingPrinciples
RO-Crate 1.2 context,,http://schema.org/purchaseDate,named in context,purchaseDate
RO-Crate 1.2 context,,http://schema.org/qualifications,named in context,qualifications
RO-Crate 1.2 context,,http://schema.org/quarantineGuidelines,named in context,quarantineGuidelines
RO-Crate 1.2 context,,http://schema.org/query,named in context,query
RO-Crate 1.2 context,,http://schema.org/quest,named in context,quest
RO-Crate 1.2 context,,http://schema.org/question,named in context,question
RO-Crate 1.2 context,,http://schema.org/rangeIncludes,named in context,rangeIncludes
RO-Crate 1.2 context,,http://schema.org/ratingCount,named in context,ratingCount
RO-Crate 1.2 context,,http://schema.org/ratingExplanation,named in context,ratingExplanation
RO-Crate 1.2 context,,http://schema.org/ratingValue,named in context,ratingValue
RO-Crate 1.2 context,,http://schema.org/readBy,named in context,readBy
RO-Crate 1.2 context,,http://schema.org/readonlyValue,named in context,readonlyValue
RO-Crate 1.2 context,,http://schema.org/realEstateAgent,named in context,realEstateAgent
RO-Crate 1.2 context,,http://schema.org/recipe,named in context,recipe
RO-Crate 1.2 context,,http://schema.org/recipeCategory,named in context,recipeCategory
RO-Crate 1.2 context,,http://schema.org/recipeCuisine,named in context,recipeCuisine
RO-Crate 1.2 context,,http://schema.org/recipeIngredient,named in context,recipeIngredient
RO-Crate 1.2 context,,http://schema.org/recipeInstructions,named in context,recipeInstructions
RO-Crate 1.2 context,,http://schema.org/recipeYield,named in context,recipeYield
RO-Crate 1.2 context,,http://schema.org/recipient,named in context,recipient
RO-Crate 1.2 context,,http://schema.org/recognizedBy,named in context,recognizedBy
RO-Crate 1.2 context,,http://schema.org/recognizingAuthority,named in context,recognizingAuthority
RO-Crate 1.2 context,,http://schema.org/recommendationStrength,named in context,recommendationStrength
RO-Crate 1.2 context,,http://schema.org/recommendedIntake,named in context,recommendedIntake
RO-Crate 1.2 context,,http://schema.org/recordLabel,named in context,recordLabel
RO-Crate 1.2 context,,http://schema.org/recordedAs,named in context,recordedAs
RO-Crate 1.2 context,,http://schema.org/recordedAt,named in context,recordedAt
RO-Crate 1.2 context,,http://schema.org/recordedIn,named in context,recordedIn
RO-Crate 1.2 context,,http://schema.org/recordingOf,named in context,recordingOf
RO-Crate 1.2 context,,http://schema.org/recourseLoan,named in context,recourseLoan
RO-Crate 1.2 context,,http://schema.org/referenceQuantity,named in context,referenceQuantity
RO-Crate 1.2 context,,http://schema.org/referencesOrder,named in context,referencesOrder
RO-Crate 1.2 context,,http://schema.org/refundType,named in context,refundType
RO-Crate 1.2 context,,http://schema.org/regionDrained,named in context,regionDrained
RO-Crate 1.2 context,,http://schema.org/regionsAllowed,named in context,regionsAllowed
RO-Crate 1.2 context,,http://schema.org/relatedAnatomy,named in context,relatedAnatomy
RO-Crate 1.2 context,,http://schema.org/relatedCondition,named in context,relatedCondition
RO-Crate 1.2 context,,http://schema.org/relatedDrug,named in context,relatedDrug
RO-Crate 1.2 context,,http://schema.org/relatedLink,named in context,relatedLink
RO-Crate 1.2 context,,http://schema.org/relatedStructure,named in context,relatedStructure
RO-Crate 1.2 context,,http://schema.org/relatedTherapy,named in context,relatedTherapy
RO-Crate 1.2 context,,http://schema.org/relatedTo,named in context,relatedTo
RO-Crate 1.2 context,,http://schema.org/releaseDate,named in context,releaseDate
RO-Crate 1.2 context,,http://schema.org/releaseNotes,named in context,releaseNotes
RO-Crate 1.2 context,,http://schema.org/releaseOf,named in context,releaseOf
RO-Crate 1.2 context,,http://schema.org/releasedEvent,named in context,releasedEvent
RO-Crate 1.2 context,,http://schema.org/relevantOccupation,named in context,relevantOccupation
RO-Crate 1.2 context,,http://schema.org/relevantSpecialty,named in context,relevantSpecialty
RO-Crate 1.2 context,,http://schema.org/remainingAttendeeCapacity,named in context,remainingAttendeeCapacity
RO-Crate 1.2 context,,http://schema.org/renegotiableLoan,named in context,renegotiableLoan
RO-Crate 1.2 context,,http://schema.org/repeatCount,named in context,repeatCount
RO-Crate 1.2 context,,http://schema.org/repeatFrequency,named in context,repeatFrequency
RO-Crate 1.2 context,,http://schema.org/repetitions,named in context,repetitions
RO-Crate 1.2 context,,http://schema.org/replacee,named in context,replacee
RO-Crate 1.2 context,,http://schema.org/replacer,named in context,replacer
RO-Crate 1.2 context,,http://schema.org/replyToUrl,named in context,replyToUrl
RO-Crate 1.2 context,,http://schema.org/reportNumber,named in context,reportNumber
RO-Crate 1.2 context,,http://schema.org/representativeOfPage,named in context,representativeOfPage
RO-Crate 1.2 context,,http://schema.org/requiredCollateral,named in context,requiredCollateral
RO-Crate 1.2 context,,http://schema.org/requiredGender,named in context,requiredGender
RO-Crate 1.2 context,,http://schema.org/requiredMaxAge,named in context,requiredMaxAge
RO-Crate 1.2 context,,http://schema.org/requiredMinAge,named in context,requiredMinAge
RO-Crate 1.2 context,,http://schema.org/requiredQuantity,named in context,requiredQuantity
RO-Crate 1.2 context,,http://schema.org/requirements,named in context,requirements
RO-Crate 1.2 context,,http://schema.org/requiresSubscription,named in context,requiresSubscription
RO-Crate 1.2 context,,http://schema.org/reservationFor,named in context,reservationFor
RO-Crate 1.2 context,,http://schema.org/reservationId,named in context,reservationId
RO-Crate 1.2 context,,http://schema.org/reservationStatus,named in context,reservationStatus
RO-Crate 1.2 context,,http://schema.org/reservedTicket,named in context,reservedTicket
RO-Crate 1.2 context,,http://schema.org/responsibilities,named in context,responsibilities
RO-Crate 1.2 context,,http://schema.org/restPeriods,named in context,restPeriods
RO-Crate 1.2 context,,http://schema.org/restockingFee,named in context,restockingFee
RO-Crate 1.2 context,,http://schema.org/result,named in context,result
RO-Crate 1.2 context,,http://schema.org/resultComment,named in context,resultComment
RO-Crate 1.2 context,,http://schema.org/resultReview,named in context,resultReview
RO-Crate 1.2 context,,http://schema.org/returnFees,named in context,returnFees
RO-Crate 1.2 context,,http://schema.org/returnLabelSource,named in context,returnLabelSource
RO-Crate 1.2 context,,http://schema.org/returnMethod,named in context,returnMethod
RO-Crate 1.2 context,,http://schema.org/returnPolicyCategory,named in context,returnPolicyCategory
RO-Crate 1.2 context,,http://schema.org/returnPolicyCountry,named in context,returnPolicyCountry
RO-Crate 1.2 context,,http://schema.org/returnPolicySeasonalOverride,named in context,returnPolicySeasonalOverride
RO-Crate 1.2 context,,http://schema.org/returnShippingFeesAmount,named in context,returnShippingFeesAmount
RO-Crate 1.2 context,,http://schema.org/review,named in context,review
RO-Crate 1.2 context,,http://schema.org/reviewAspect,named in context,reviewAspect
RO-Crate 1.2 context,,http://schema.org/reviewBody,named in context,reviewBody
RO-Crate 1.2 context,,http://schema.org/reviewCount,named in context,reviewCount
RO-Crate 1.2 context,,http://schema.org/reviewRating,named in context,reviewRating
RO-Crate 1.2 context,,http://schema.org/reviewedBy,named in context,reviewedBy
RO-Crate 1.2 context,,http://schema.org/reviews,named in context,reviews
RO-Crate 1.2 context,,http://schema.org/riskFactor,named in context,riskFactor
RO-Crate 1.2 context,,http://schema.org/risks,named in context,risks
RO-Crate 1.2 context,,http://schema.org/roleName,named in context,roleName
RO-Crate 1.2 context,,http://schema.org/roofLoad,named in context,roofLoad
RO-Crate 1.2 context,,http://schema.org/rsvpResponse,named in context,rsvpResponse
RO-Crate 1.2 context,,http://schema.org/runsTo,named in context,runsTo
RO-Crate 1.2 context,,http://schema.org/runtime,named in context,runtime
RO-Crate 1.2 context,,http://schema.org/runtimePlatform,named in context,runtimePlatform
RO-Crate 1.2 context,,http://schema.org/rxcui,named in context,rxcui
RO-Crate 1.2 context,,http://schema.org/safetyConsideration,named in context,safetyConsideration
RO-Crate 1.2 context,,http://schema.org/salaryCurrency,named in context,salaryCurrency
RO-Crate 1.2 context,,http://schema.org/salaryUponCompletion,named in context,salaryUponCompletion
RO-Crate 1.2 context,,http://schema.org/sameAs,named in context,sameAs
RO-Crate 1.2 context,,http://schema.org/sampleType,named in context,sampleType
RO-Crate 1.2 context,,http://schema.org/saturatedFatContent,named in context,saturatedFatContent
RO-Crate 1.2 context,,http://schema.org/scheduleTimezone,named in context,scheduleTimezone
RO-Crate 1.2 context,,http://schema.org/scheduledPaymentDate,named in context,scheduledPaymentDate
RO-Crate 1.2 context,,http://schema.org/scheduledTime,named in context,scheduledTime
RO-Crate 1.2 context,,http://schema.org/schemaVersion,named in context,schemaVersion
RO-Crate 1.2 context,,http://schema.org/schoolClosuresInfo,named in context,schoolClosuresInfo
RO-Crate 1.2 context,,http://schema.org/screenCount,named in context,screenCount
RO-Crate 1.2 context,,http://schema.org/screenshot,named in context,screenshot
RO-Crate 1.2 context,,http://schema.org/sdDatePublished,named in context,sdDatePublished
RO-Crate 1.2 context,,http://schema.org/sdLicense,named in context,sdLicense
RO-Crate 1.2 context,,http://schema.org/sdPublisher,named in context,sdPublisher
RO-Crate 1.2 context,,http://schema.org/season,named in context,season
RO-Crate 1.2 context,,http://schema.org/seasonNumber,named in context,seasonNumber
RO-Crate 1.2 context,,http://schema.org/seasons,named in context,seasons
RO-Crate 1.2 context,,http://schema.org/seatNumber,named in context,seatNumber
RO-Crate 1.2 context,,http://schema.org/seatRow,named in context,seatRow
RO-Crate 1.2 context,,http://schema.org/seatSection,named in context,seatSection
RO-Crate 1.2 context,,http://schema.org/seatingCapacity,named in context,seatingCapacity
RO-Crate 1.2 context,,http://schema.org/seatingType,named in context,seatingType
RO-Crate 1.2 context,,http://schema.org/secondaryPrevention,named in context,secondaryPrevention
RO-Crate 1.2 context,,http://schema.org/securityClearanceRequirement,named in context,securityClearanceRequirement
RO-Crate 1.2 context,,http://schema.org/securityScreening,named in context,securityScreening
RO-Crate 1.2 context,,http://schema.org/seeks,named in context,seeks
RO-Crate 1.2 context,,http://schema.org/seller,named in context,seller
RO-Crate 1.2 context,,http://schema.org/sender,named in context,sender
RO-Crate 1.2 context,,http://schema.org/sensoryRequirement,named in context,sensoryRequirement
RO-Crate 1.2 context,,http://schema.org/sensoryUnit,named in context,sensoryUnit
RO-Crate 1.2 context,,http://schema.org/serialNumber,named in context,serialNumber
RO-Crate 1.2 context,,http://schema.org/seriousAdverseOutcome,named in context,seriousAdverseOutcome
RO-Crate 1.2 context,,http://schema.org/serverStatus,named in context,serverStatus
RO-Crate 1.2 context,,http://schema.org/servesCuisine,named in context,servesCuisine
RO-Crate 1.2 context,,http://schema.org/serviceArea,named in context,serviceArea
RO-Crate 1.2 context,,http://schema.org/serviceAudience,named in context,serviceAudience
RO-Crate 1.2 context,,http://schema.org/serviceLocation,named in context,serviceLocation
RO-Crate 1.2 context,,http://schema.org/serviceOperator,named in context,serviceOperator
RO-Crate 1.2 context,,http://schema.org/serviceOutput,named in context,serviceOutput
RO-Crate 1.2 context,,http://schema.org/servicePhone,named in context,servicePhone
RO-Crate 1.2 context,,http://schema.org/servicePostalAddress,named in context,servicePostalAddress
RO-Crate 1.2 context,,http://schema.org/serviceSmsNumber,named in context,serviceSmsNumber
RO-Crate 1.2 context,,http://schema.org/serviceType,named in context,serviceType
RO-Crate 1.2 context,,http://schema.org/serviceUrl,named in context,serviceUrl
RO-Crate 1.2 context,,http://schema.org/servingSize,named in context,servingSize
RO-Crate 1.2 context,,http://schema.org/sha256,named in context,sha256
RO-Crate 1.2 context,,http://schema.org/sharedContent,named in context,sharedContent
RO-Crate 1.2 context,,http://schema.org/shippingDestination,named in context,shippingDestination
RO-Crate 1.2 context,,http://schema.org/shippingDetails,named in context,shippingDetails
RO-Crate 1.2 context,,http://schema.org/shippingLabel,named in context,shippingLabel
RO-Crate 1.2 context,,http://schema.org/shippingOrigin,named in context,shippingOrigin
RO-Crate 1.2 context,,http://schema.org/shippingRate,named in context,shippingRate
RO-Crate 1.2 context,,http://schema.org/shippingSettingsLink,named in context,shippingSettingsLink
RO-Crate 1.2 context,,http://schema.org/sibling,named in context,sibling
RO-Crate 1.2 context,,http://schema.org/siblings,named in context,siblings
RO-Crate 1.2 context,,http://schema.org/signDetected,named in context,signDetected
RO-Crate 1.2 context,,http://schema.org/signOrSymptom,named in context,signOrSymptom
RO-Crate 1.2 context,,http://schema.org/significance,named in context,significance
RO-Crate 1.2 context,,http://schema.org/significantLink,named in context,significantLink
RO-Crate 1.2 context,,http://schema.org/significantLinks,named in context,significantLinks
RO-Crate 1.2 context,,http://schema.org/size,named in context,size
RO-Crate 1.2 context,,http://schema.org/sizeGroup,named in context,sizeGroup
RO-Crate 1.2 context,,http://schema.org/sizeSystem,named in context,sizeSystem
RO-Crate 1.2 context,,http://schema.org/skills,named in context,skills
RO-Crate 1.2 context,,http://schema.org/sku,named in context,sku
RO-Crate 1.2 context,,http://schema.org/slogan,named in context,slogan
RO-Crate 1.2 context,,http://schema.org/smiles,named in context,smiles
RO-Crate 1.2 context,,http://schema.org/smokingAllowed,named in context,smokingAllowed
RO-Crate 1.2 context,,http://schema.org/sodiumContent,named in context,sodiumContent
RO-Crate 1.2 context,,http://schema.org/softwareAddOn,named in context,softwareAddOn
RO-Crate 1.2 context,,http://schema.org/softwareHelp,named in context,softwareHelp
RO-Crate 1.2 context,,http://schema.org/softwareRequirements,named in context,softwareRequirements
RO-Crate 1.2 context,,http://schema.org/softwareVersion,named in context,softwareVersion
RO-Crate 1.2 context,,http://schema.org/sourceOrganization,named in context,sourceOrganization
RO-Crate 1.2 context,,http://schema.org/sourcedFrom,named in context,sourcedFrom
RO-Crate 1.2 context,,http://schema.org/spatial,named in context,spatial
RO-Crate 1.2 context,,http://schema.org/spatialCoverage,named in context,spatialCoverage
RO-Crate 1.2 context,,http://schema.org/speakable,named in context,speakable
RO-Crate 1.2 context,,http://schema.org/specialCommitments,named in context,specialCommitments
RO-Crate 1.2 context,,http://schema.org/specialOpeningHoursSpecification,named in context,specialOpeningHoursSpecification
RO-Crate 1.2 context,,http://schema.org/specialty,named in context,specialty
RO-Crate 1.2 context,,http://schema.org/speechToTextMarkup,named in context,speechToTextMarkup
RO-Crate 1.2 context,,http://schema.org/speed,named in context,speed
RO-Crate 1.2 context,,http://schema.org/spokenByCharacter,named in context,spokenByCharacter
RO-Crate 1.2 context,,http://schema.org/sponsor,named in context,sponsor
RO-Crate 1.2 context,,http://schema.org/sport,named in context,sport
RO-Crate 1.2 context,,http://schema.org/sportsActivityLocation,named in context,sportsActivityLocation
RO-Crate 1.2 context,,http://schema.org/sportsEvent,named in context,sportsEvent
RO-Crate 1.2 context,,http://schema.org/sportsTeam,named in context,sportsTeam
RO-Crate 1.2 context,,http://schema.org/spouse,named in context,spouse
RO-Crate 1.2 context,,http://schema.org/stage,named in context,stage
RO-Crate 1.2 context,,http://schema.org/stageAsNumber,named in context,stageAsNumber
RO-Crate 1.2 context,,http://schema.org/starRating,named in context,starRating
RO-Crate 1.2 context,,http://schema.org/startDate,named in context,startDate
RO-Crate 1.2 context,,http://schema.org/startOffset,named in context,startOffset
RO-Crate 1.2 context,,http://schema.org/startTime,named in context,startTime
RO-Crate 1.2 context,,http://schema.org/statType,named in context,statType
RO-Crate 1.2 context,,http://schema.org/status,named in context,status
RO-Crate 1.2 context,,http://schema.org/steeringPosition,named in context,steeringPosition
RO-Crate 1.2 context,,http://schema.org/step,named in context,step
RO-Crate 1.2 context,,http://schema.org/stepValue,named in context,stepValue
RO-Crate 1.2 context,,http://schema.org/steps,named in context,steps
RO-Crate 1.2 context,,http://schema.org/storageRequirements,named in context,storageRequirements
RO-Crate 1.2 context,,http://schema.org/streetAddress,named in context,streetAddress
RO-Crate 1.2 context,,http://schema.org/strengthUnit,named in context,strengthUnit
RO-Crate 1.2 context,,http://schema.org/strengthValue,named in context,strengthValue
RO-Crate 1.2 context,,http://schema.org/structuralClass,named in context,structuralClass
RO-Crate 1.2 context,,http://schema.org/study,named in context,study
RO-Crate 1.2 context,,http://schema.org/studyDesign,named in context,studyDesign
RO-Crate 1.2 context,,http://schema.org/studyLocation,named in context,studyLocation
RO-Crate 1.2 context,,http://schema.org/studySubject,named in context,studySubject
RO-Crate 1.2 context,,http://schema.org/stupidProperty,named in context,stupidProperty
RO-Crate 1.2 context,,http://schema.org/subEvent,named in context,subEvent
RO-Crate 1.2 context,,http://schema.org/subEvents,named in context,subEvents
RO-Crate 1.2 context,,http://schema.org/subOrganization,named in context,subOrganization
RO-Crate 1.2 context,,http://schema.org/subReservation,named in context,subReservation
RO-Crate 1.2 context,,http://schema.org/subStageSuffix,named in context,subStageSuffix
RO-Crate 1.2 context,,http://schema.org/subStructure,named in context,subStructure
RO-Crate 1.2 context,,http://schema.org/subTest,named in context,subTest
RO-Crate 1.2 context,,http://schema.org/subTrip,named in context,subTrip
RO-Crate 1.2 context,,http://schema.org/subjectOf,named in context,subjectOf
RO-Crate 1.2 context,,http://schema.org/subtitleLanguage,named in context,subtitleLanguage
RO-Crate 1.2 context,,http://schema.org/successorOf,named in context,successorOf
RO-Crate 1.2 context,,http://schema.org/sugarContent,named in context,sugarContent
RO-Crate 1.2 context,,http://schema.org/suggestedAge,named in context,suggestedAge
RO-Crate 1.2 context,,http://schema.org/suggestedAnswer,named in context,suggestedAnswer
RO-Crate 1.2 context,,http://schema.org/suggestedGender,named in context,suggestedGender
RO-Crate 1.2 context,,http://schema.org/suggestedMaxAge,named in context,suggestedMaxAge
RO-Crate 1.2 context,,http://schema.org/suggestedMeasurement,named in context,suggestedMeasurement
RO-Crate 1.2 context,,http://schema.org/suggestedMinAge,named in context,suggestedMinAge
RO-Crate 1.2 context,,http://schema.org/suitableForDiet,named in context,suitableForDiet
RO-Crate 1.2 context,,http://schema.org/superEvent,named in context,superEvent
RO-Crate 1.2 context,,http://schema.org/supersededBy,named in context,supersededBy
RO-Crate 1.2 context,,http://schema.org/supply,named in context,supply
RO-Crate 1.2 context,,http://schema.org/supplyTo,named in context,supplyTo
RO-Crate 1.2 context,,http://schema.org/supportingData,named in context,supportingData
RO-Crate 1.2 context,,http://schema.org/surface,named in context,surface
RO-Crate 1.2 context,,http://schema.org/syllabusSections,named in context,syllabusSections
RO-Crate 1.2 context,,http://schema.org/target,named in context,target
RO-Crate 1.2 context,,http://schema.org/targetCollection,named in context,targetCollection
RO-Crate 1.2 context,,http://schema.org/targetDescription,named in context,targetDescription
RO-Crate 1.2 context,,http://schema.org/targetName,named in context,targetName
RO-Crate 1.2 context,,http://schema.org/targetPlatform,named in context,targetPlatform
RO-Crate 1.2 context,,http://schema.org/targetPopulation,named in context,targetPopulation
RO-Crate 1.2 context,,http://schema.org/targetProduct,named in context,targetProduct
RO-Crate 1.2 context,,http://schema.org/targetUrl,named in context,targetUrl
RO-Crate 1.2 context,,http://schema.org/taxID,named in context,taxID
RO-Crate 1.2 context,,http://schema.org/taxonRank,named in context,taxonRank
RO-Crate 1.2 context,,http://schema.org/taxonomicRange,named in context,taxonomicRange
RO-Crate 1.2 context,,http://schema.org/teaches,named in context,teaches
RO-Crate 1.2 context,,http://schema.org/telephone,named in context,telephone
RO-Crate 1.2 context,,http://schema.org/temporal,named in context,temporal
RO-Crate 1.2 context,,http://schema.org/temporalCoverage,named in context,temporalCoverage
RO-Crate 1.2 context,,http://schema.org/termCode,named in context,termCode
RO-Crate 1.2 context,,http://schema.org/termDuration,named in context,termDuration
RO-Crate 1.2 context,,http://schema.org/termsOfService,named in context,termsOfService
RO-Crate 1.2 context,,http://schema.org/termsPerYear,named in context,termsPerYear
RO-Crate 1.2 context,,http://schema.org/text,named in context,text
RO-Crate 1.2 context,,http://schema.org/textValue,named in context,textValue
RO-Crate 1.2 context,,http://schema.org/thumbnail,named in context,thumbnail
RO-Crate 1.2 context,,http://schema.org/thumbnailUrl,named in context,thumbnailUrl
RO-Crate 1.2 context,,http://schema.org/tickerSymbol,named in context,tickerSymbol
RO-Crate 1.2 context,,http://schema.org/ticketNumber,named in context,ticketNumber
RO-Crate 1.2 context,,http://schema.org/ticketToken,named in context,ticketToken
RO-Crate 1.2 context,,http://schema.org/ticketedSeat,named in context,ticketedSeat
RO-Crate 1.2 context,,http://schema.org/timeOfDay,named in context,timeOfDay
RO-Crate 1.2 context,,http://schema.org/timeRequired,named in context,timeRequired
RO-Crate 1.2 context,,http://schema.org/timeToComplete,named in context,timeToComplete
RO-Crate 1.2 context,,http://schema.org/tissueSample,named in context,tissueSample
RO-Crate 1.2 context,,http://schema.org/title,named in context,title
RO-Crate 1.2 context,,http://schema.org/titleEIDR,named in context,titleEIDR
RO-Crate 1.2 context,,http://schema.org/toLocation,named in context,toLocation
RO-Crate 1.2 context,,http://schema.org/toRecipient,named in context,toRecipient
RO-Crate 1.2 context,,http://schema.org/tocContinuation,named in context,tocContinuation
RO-Crate 1.2 context,,http://schema.org/tocEntry,named in context,tocEntry
RO-Crate 1.2 context,,http://schema.org/tongueWeight,named in context,tongueWeight
RO-Crate 1.2 context,,http://schema.org/tool,named in context,tool
RO-Crate 1.2 context,,http://schema.org/torque,named in context,torque
RO-Crate 1.2 context,,http://schema.org/totalHistoricalEnrollment,named in context,totalHistoricalEnrollment
RO-Crate 1.2 context,,http://schema.org/totalJobOpenings,named in context,totalJobOpenings
RO-Crate 1.2 context,,http://schema.org/totalPaymentDue,named in context,totalPaymentDue
RO-Crate 1.2 context,,http://schema.org/totalPrice,named in context,totalPrice
RO-Crate 1.2 context,,http://schema.org/totalTime,named in context,totalTime
RO-Crate 1.2 context,,http://schema.org/tourBookingPage,named in context,tourBookingPage
RO-Crate 1.2 context,,http://schema.org/touristType,named in context,touristType
RO-Crate 1.2 context,,http://schema.org/track,named in context,track
RO-Crate 1.2 context,,http://schema.org/trackingNumber,named in context,trackingNumber
RO-Crate 1.2 context,,http://schema.org/trackingUrl,named in context,trackingUrl
RO-Crate 1.2 context,,http://schema.org/tracks,named in context,tracks
RO-Crate 1.2 context,,http://schema.org/trailer,named in context,trailer
RO-Crate 1.2 context,,http://schema.org/trailerWeight,named in context,trailerWeight
RO-Crate 1.2 context,,http://schema.org/trainName,named in context,trainName
RO-Crate 1.2 context,,http://schema.org/trainNumber,named in context,trainNumber
RO-Crate 1.2 context,,http://schema.org/trainingSalary,named in context,trainingSalary
RO-Crate 1.2 context,,http://schema.org/transFatContent,named in context,transFatContent
RO-Crate 1.2 context,,http://schema.org/transcript,named in context,transcript
RO-Crate 1.2 context,,http://schema.org/transitTime,named in context,transitTime
RO-Crate 1.2 context,,http://schema.org/transitTimeLabel,named in context,transitTimeLabel
RO-Crate 1.2 context,,http://schema.org/translationOfWork,named in context,translationOfWork
RO-Crate 1.2 context,,http://schema.org/translator,named in context,translator
RO-Crate 1.2 context,,http://schema.org/transmissionMethod,named in context,transmissionMethod
RO-Crate 1.2 context,,http://schema.org/travelBans,named in context,travelBans
RO-Crate 1.2 context,,http://schema.org/trialDesign,named in context,trialDesign
RO-Crate 1.2 context,,http://schema.org/tributary,named in context,tributary
RO-Crate 1.2 context,,http://schema.org/tripOrigin,named in context,tripOrigin
RO-Crate 1.2 context,,http://schema.org/typeOfBed,named in context,typeOfBed
RO-Crate 1.2 context,,http://schema.org/typeOfGood,named in context,typeOfGood
RO-Crate 1.2 context,,http://schema.org/typicalAgeRange,named in context,typicalAgeRange
RO-Crate 1.2 context,,http://schema.org/typicalCreditsPerTerm,named in context,typicalCreditsPerTerm
RO-Crate 1.2 context,,http://schema.org/typicalTest,named in context,typicalTest
RO-Crate 1.2 context,,http://schema.org/underName,named in context,underName
RO-Crate 1.2 context,,http://schema.org/unitCode,named in context,unitCode
RO-Crate 1.2 context,,http://schema.org/unitText,named in context,unitText
RO-Crate 1.2 context,,http://schema.org/unnamedSourcesPolicy,named in context,unnamedSourcesPolicy
RO-Crate 1.2 context,,http://schema.org/unsaturatedFatContent,named in context,unsaturatedFatContent
RO-Crate 1.2 context,,http://schema.org/uploadDate,named in context,uploadDate
RO-Crate 1.2 context,,http://schema.org/upvoteCount,named in context,upvoteCount
RO-Crate 1.2 context,,http://schema.org/url,named in context,url
RO-Crate 1.2 context,,http://schema.org/urlTemplate,named in context,urlTemplate
RO-Crate 1.2 context,,http://schema.org/usageInfo,named in context,usageInfo
RO-Crate 1.2 context,,http://schema.org/usedToDiagnose,named in context,usedToDiagnose
RO-Crate 1.2 context,,http://schema.org/userInteractionCount,named in context,userInteractionCount
RO-Crate 1.2 context,,http://schema.org/usesDevice,named in context,usesDevice
RO-Crate 1.2 context,,http://schema.org/usesHealthPlanIdStandard,named in context,usesHealthPlanIdStandard
RO-Crate 1.2 context,,http://schema.org/utterances,named in context,utterances
RO-Crate 1.2 context,,http://schema.org/validFor,named in context,validFor
RO-Crate 1.2 context,,http://schema.org/validFrom,named in context,validFrom
RO-Crate 1.2 context,,http://schema.org/validIn,named in context,validIn
RO-Crate 1.2 context,,http://schema.org/validThrough,named in context,validThrough
RO-Crate 1.2 context,,http://schema.org/validUntil,named in context,validUntil
RO-Crate 1.2 context,,http://schema.org/value,named in context,value
RO-Crate 1.2 context,,http://schema.org/valueAddedTaxIncluded,named in context,valueAddedTaxIncluded
RO-Crate 1.2 context,,http://schema.org/valueMaxLength,named in context,valueMaxLength
RO-Crate 1.2 context,,http://schema.org/valueMinLength,named in context,valueMinLength
RO-Crate 1.2 context,,http://schema.org/valueName,named in context,valueName
RO-Crate 1.2 context,,http://schema.org/valuePattern,named in context,valuePattern
RO-Crate 1.2 context,,http://schema.org/valueReference,named in context,valueReference
RO-Crate 1.2 context,,http://schema.org/valueRequired,named in context,valueRequired
RO-Crate 1.2 context,,http://schema.org/variableMeasured,named in context,variableMeasured
RO-Crate 1.2 context,,http://schema.org/variablesMeasured,named in context,variablesMeasured
RO-Crate 1.2 context,,http://schema.org/variantCover,named in context,variantCover
RO-Crate 1.2 context,,http://schema.org/variesBy,named in context,variesBy
RO-Crate 1.2 context,,http://schema.org/vatID,named in context,vatID
RO-Crate 1.2 context,,http://schema.org/vehicleConfiguration,named in context,vehicleConfiguration
RO-Crate 1.2 context,,http://schema.org/vehicleEngine,named in context,vehicleEngine
RO-Crate 1.2 context,,http://schema.org/vehicleIdentificationNumber,named in context,vehicleIdentificationNumber
RO-Crate 1.2 context,,http://schema.org/vehicleInteriorColor,named in context,vehicleInteriorColor
RO-Crate 1.2 context,,http://schema.org/vehicleInteriorType,named in context,vehicleInteriorType
RO-Crate 1.2 context,,http://schema.org/vehicleModelDate,named in context,vehicleModelDate
RO-Crate 1.2 context,,http://schema.org/vehicleSeatingCapacity,named in context,vehicleSeatingCapacity
RO-Crate 1.2 context,,http://schema.org/vehicleSpecialUsage,named in context,vehicleSpecialUsage
RO-Crate 1.2 context,,http://schema.org/vehicleTransmission,named in context,vehicleTransmission
RO-Crate 1.2 context,,http://schema.org/vendor,named in context,vendor
RO-Crate 1.2 context,,http://schema.org/verificationFactCheckingPolicy,named in context,verificationFactCheckingPolicy
RO-Crate 1.2 context,,http://schema.org/version,named in context,version
RO-Crate 1.2 context,,http://schema.org/video,named in context,video
RO-Crate 1.2 context,,http://schema.org/videoFormat,named in context,videoFormat
RO-Crate 1.2 context,,http://schema.org/videoFrameSize,named in context,videoFrameSize
RO-Crate 1.2 context,,http://schema.org/videoQuality,named in context,videoQuality
RO-Crate 1.2 context,,http://schema.org/volumeNumber,named in context,volumeNumber
RO-Crate 1.2 context,,http://schema.org/warning,named in context,warning
RO-Crate 1.2 context,,http://schema.org/warranty,named in context,warranty
RO-Crate 1.2 context,,http://schema.org/warrantyPromise,named in context,warrantyPromise
RO-Crate 1.2 context,,http://schema.org/warrantyScope,named in context,warrantyScope
RO-Crate 1.2 context,,http://schema.org/webCheckinTime,named in context,webCheckinTime
RO-Crate 1.2 context,,http://schema.org/webFeed,named in context,webFeed
RO-Crate 1.2 context,,http://schema.org/weight,named in context,weight
RO-Crate 1.2 context,,http://schema.org/weightTotal,named in context,weightTotal
RO-Crate 1.2 context,,http://schema.org/wheelbase,named in context,wheelbase
RO-Crate 1.2 context,,http://schema.org/width,named in context,width
RO-Crate 1.2 context,,http://schema.org/winner,named in context,winner
RO-Crate 1.2 context,,http://schema.org/wordCount,named in context,wordCount
RO-Crate 1.2 context,,http://schema.org/workExample,named in context,workExample
RO-Crate 1.2 context,,http://schema.org/workFeatured,named in context,workFeatured
RO-Crate 1.2 context,,http://schema.org/workHours,named in context,workHours
RO-Crate 1.2 context,,http://schema.org/workLocation,named in context,workLocation
RO-Crate 1.2 context,,http://schema.org/workPerformed,named in context,workPerformed
RO-Crate 1.2 context,,http://schema.org/workPresented,named in context,workPresented
RO-Crate 1.2 context,,http://schema.org/workTranslation,named in context,workTranslation
RO-Crate 1.2 context,,http://schema.org/workload,named in context,workload
RO-Crate 1.2 context,,http://schema.org/worksFor,named in context,worksFor
RO-Crate 1.2 context,,http://schema.org/worstRating,named in context,worstRating
RO-Crate 1.2 context,,http://schema.org/xpath,named in context,xpath
RO-Crate 1.2 context,,http://schema.org/yearBuilt,named in context,yearBuilt
RO-Crate 1.2 context,,http://schema.org/yearlyRevenue,named in context,yearlyRevenue
RO-Crate 1.2 context,,http://schema.org/yearsInOperation,named in context,yearsInOperation
RO-Crate 1.2 context,,http://schema.org/yield,named in context,yield
RO-Crate 1.2 context,,http://schema.org/MediaObject,named in context,File
RO-Crate 1.2 context,,http://schema.org/contentUrl,named in context,path
RO-Crate 1.2 context,,http://schema.org/Periodical,named in context,Journal
RO-Crate 1.2 context,,http://www.iana.org/assignments/relation/cite-as,named in context,cite-as
RO-Crate 1.2 context,,http://pcdm.org/models#hasFile,named in context,hasFile
RO-Crate 1.2 context,,http://pcdm.org/models#hasMember,named in context,hasMember
RO-Crate 1.2 context,,http://pcdm.org/models#Collection,named in context,RepositoryCollection
RO-Crate 1.2 context,,http://pcdm.org/models#Object,named in context,RepositoryObject
RO-Crate 1.2 context,,http://pcdm.org/models#File,named in context,RepositoryFile
RO-Crate 1.2 context,,https://bioschemas.org/ComputationalWorkflow,named in context,ComputationalWorkflow
RO-Crate 1.2 context,,https://bioschemas.org/properties/input,named in context,input
RO-Crate 1.2 context,,https://bioschemas.org/properties/output,named in context,output
RO-Crate 1.2 context,,https://bioschemas.org/FormalParameter,named in context,FormalParameter
RO-Crate 1.2 context,,http://www.w3.org/ns/prov#wasDerivedFrom,named in context,wasDerivedFrom
RO-Crate 1.2 context,,http://purl.org/pav/importedFrom,named in context,importedFrom
RO-Crate 1.2 context,,http://purl.org/pav/importedOn,named in context,importedOn
RO-Crate 1.2 context,,http://purl.org/pav/importedBy,named in context,importedBy
RO-Crate 1.2 context,,http://purl.org/pav/retrievedFrom,named in context,retrievedFrom
RO-Crate 1.2 context,,http://purl.org/pav/retrievedOn,named in context,retrievedOn
RO-Crate 1.2 context,,http://purl.org/pav/retrievedBy,named in context,retrievedBy
RO-Crate 1.2 context,,http://purl.org/dc/terms/conformsTo,named in context,conformsTo
RO-Crate 1.2 context,,http://purl.org/dc/terms/Standard,named in context,Standard
RO-Crate 1.2 context,,http://www.w3.org/ns/dx/prof/hasArtifact,named in context,hasArtifact
RO-Crate 1.2 context,,http://www.w3.org/ns/dx/prof/hasResource,named in context,hasResource
RO-Crate 1.2 context,,http://www.w3.org/ns/dx/prof/hasRole,named in context,hasRole
RO-Crate 1.2 context,,http://www.w3.org/ns/dx/prof/hasToken,named in context,hasToken
RO-Crate 1.2 context,,http://www.w3.org/ns/dx/prof/isProfileOf,named in context,isProfileOf
RO-Crate 1.2 context,,http://www.w3.org/ns/dx/prof/ResourceDescriptor,named in context,ResourceDescriptor
RO-Crate 1.2 context,,http://www.w3.org/ns/dx/prof/ResourceRole,named in context,ResourceRole
RO-Crate 1.2 context,,http://www.w3.org/ns/dx/prof/Profile,named in context,Profile
RO-Crate 1.2 context,,https://codemeta.github.io/terms/softwareSuggestions,named in context,softwareSuggestions
RO-Crate 1.2 context,,https://codemeta.github.io/terms/continuousIntegration,named in context,continuousIntegration
RO-Crate 1.2 context,,https://codemeta.github.io/terms/buildInstructions,named in context,buildInstructions
RO-Crate 1.2 context,,https://codemeta.github.io/terms/developmentStatus,named in context,developmentStatus
RO-Crate 1.2 context,,https://codemeta.github.io/terms/embargoEndDate,named in context,embargoEndDate
RO-Crate 1.2 context,,https://codemeta.github.io/terms/readme,named in context,readme
RO-Crate 1.2 context,,https://codemeta.github.io/terms/issueTracker,named in context,issueTracker
RO-Crate 1.2 context,,https://codemeta.github.io/terms/referencePublication,named in context,referencePublication
RO-Crate 1.2 context,,https://codemeta.github.io/terms/hasSourceCode,named in context,hasSourceCode
RO-Crate 1.2 context,,https://codemeta.github.io/terms/isSourceCodeOf,named in context,isSourceCodeOf
RO-Crate 1.2 context,,http://www.opengis.net/ont/geosparql#Geometry,named in context,Geometry
RO-Crate 1.2 context,,http://www.opengis.net/ont/geosparql#asWKT,named in context,asWKT
RO-Crate 1.2 context,,https://w3id.org/ro/terms#localPath,named in context,localPath
RO-Crate 1.2 context,,http://pcdm.org/models#,named in context,pcdm
RO-Crate 1.2 context,,http://purl.org/ontology/bibo/,named in context,bibo
RO-Crate 1.2 context,,http://creativecommons.org/ns#,named in context,cc
RO-Crate 1.2 context,,http://purl.org/dc/terms/,named in context,dct
RO-Crate 1.2 context,,http://xmlns.com/foaf/0.1/,named in context,foaf
RO-Crate 1.2 context,,http://www.w3.org/ns/dx/prof/,named in context,prof
RO-Crate 1.2 context,,http://www.w3.org/ns/dx/prof/role/,named in context,profrole
RO-Crate 1.2 context,,http://www.w3.org/1999/02/22-rdf-syntax-ns#,named in context,rdf
RO-Crate 1.2 context,,http://www.w3.org/ns/rdfa#,named in context,rdfa
RO-Crate 1.2 context,,http://www.w3.org/2000/01/rdf-schema#,named in context,rdfs
RO-Crate 1.2 context,,http://schema.org/,named in context,schema
RO-Crate 1.2 context,,http://purl.org/cerif/frapo/,named in context,frapo
RO-Crate 1.2 context,,https://www.w3.org/ns/iana/link-relations/relation#,named in context,rel
RO-Crate 1.2 context,,http://purl.org/pav/,named in context,pav
RO-Crate 1.2 context,,http://www.w3.org/ns/prov#,named in context,prov
RO-Crate 1.2 context,,http://purl.org/ro/wfdesc#,named in context,wfdesc
RO-Crate 1.2 context,,http://purl.org/ro/wfprov#,named in context,wfprov
RO-Crate 1.2 context,,http://purl.org/ro/roterms#,named in context,roterms
RO-Crate 1.2 context,,http://www.iana.org/assignments/relation/,named in context,relation
RO-Crate 1.2 context,,http://purl.org/ro/wf4ever#,named in context,wf4ever
RO-Crate 1.2 context,,http://purl.org/vocab/vann/,named in context,vann
RO-Crate 1.2 context,,http://www.opengis.net/ont/geosparql#,named in context,geosparql
