item,term,candidate,prefixed,vocabulary,tier,fit,reason,definition,source,evidence,found_by
1,oht:Record,http://www.w3.org/ns/dcat#CatalogRecord,dcat:CatalogRecord,DCAT 3,1,exact,A record describing the registration of one resource in a catalogue is exactly what the library's record is; the named-graph mechanism is an implementation choice DCAT does not forbid.,"A record in a data catalog, describing the registration of a single dataset or data service.",https://www.w3.org/ns/dcat.ttl,verified at source,bm25+lead
1,oht:Record,http://xmlns.com/foaf/0.1/primaryTopic,foaf:primaryTopic,FOAF,2,exact,"DCAT-AP 3 makes foaf:primaryTopic mandatory on a catalogue record (along with dcterms:modified), so portals expect it.",The primary topic of some page or document.,http://xmlns.com/foaf/spec/index.rdf,verified at source,lead
1,oht:Record,http://www.w3.org/ns/prov#Entity,prov:Entity,PROV-O,1,super,True but too general to help consumers.,"An entity is a physical, digital, conceptual, or other kind of thing with some fixed aspects; entities may be real or imaginary.",https://www.w3.org/ns/prov.ttl,verified at source,lead
1,oht:Record,http://www.w3.org/ns/dcat#Dataset,dcat:Dataset,DCAT 3,1,related,"Describes the scheme itself, not the library's record about it.","A collection of data, published or curated by a single source, and available for access or download in one or more representations.",https://www.w3.org/ns/dcat.ttl,verified at source,lead
1,oht:Record,http://www.w3.org/ns/dcat#record,dcat:record,DCAT 3,1,screened out,"Read in the shortlist; word overlap only, not a fit for the coined meaning.",A record describing the registration of a single dataset or data service that is part of the catalog.,https://www.w3.org/ns/dcat.ttl,definition from source file,bm25+lead
1,oht:Record,http://www.w3.org/ns/dcat#Catalog,dcat:Catalog,DCAT 3,1,screened out,"Read in the shortlist; word overlap only, not a fit for the coined meaning.",A curated collection of metadata about resources.,https://www.w3.org/ns/dcat.ttl,definition from source file,bm25
1,oht:Record,http://www.w3.org/ns/dqv#QualityMetadata,dqv:QualityMetadata,DQV,2,screened out,"Read in the shortlist; word overlap only, not a fit for the coined meaning.","Represents quality metadata, it is defined to group quality certificates, policies, measurements and annotations under a named graph.",https://www.w3.org/ns/dqv.ttl,definition from source file,bm25
1,oht:Record,http://www.w3.org/ns/dqv#hasQualityMetadata,dqv:hasQualityMetadata,DQV,2,screened out,"Read in the shortlist; word overlap only, not a fit for the coined meaning.","Refers to a grouping of quality information such as certificates, policies, measurements and annotations as a named graph. Quality information represented in such a grouping can pertain to any kind of resource (e.g., a dataset, a linkset, a graph, a set of triples). However, in the DQV context, this property is generally expected to be used in statements in which subjects are instances of dcat:Dataset or dcat:Distribution.",https://www.w3.org/ns/dqv.ttl,definition from source file,bm25
1,oht:Record,http://purl.org/skos-history/usingNamedGraph,sh:usingNamedGraph,skos-history,3,screened out,"Read in the shortlist; word overlap only, not a fit for the coined meaning.",The named graph where the data can be queried. (The endpoint should be given as void:sparqlEndpoint property of the version history set.),http://purl.org/skos-history/,definition from source file,bm25
1,oht:Record,http://www.w3.org/ns/odrl/2/spatial,odrl:spatial,ODRL,1,screened out,"Read in the shortlist; word overlap only, not a fit for the coined meaning.",A named and identified geospatial area with defined borders which is used for exercising the action of the Rule. An IRI MUST be used to represent this value.,https://www.w3.org/ns/odrl/2/ODRL22.ttl,definition from source file,bm25
1,oht:Record,https://schema.org/Library,schema:Library,schema.org,2,screened out,"Read in the shortlist; word overlap only, not a fit for the coined meaning.",A library.,https://schema.org/version/latest/schemaorg-current-https.ttl,definition from source file,bm25
1,oht:Record,https://w3id.org/dpv#UnknownApplicability,dpv:UnknownApplicability,DPV core,2,screened out,"Read in the shortlist; word overlap only, not a fit for the coined meaning.",Concept indicating information or context availability is unknown i.e. it is not known if the information exists or is applicable and therefore statements about its availability cannot be made (yet),https://w3id.org/dpv,definition from source file,bm25
1,oht:Record,http://www.w3.org/ns/dcat#resource,dcat:resource,DCAT 3,1,screened out,"Read in the shortlist; word overlap only, not a fit for the coined meaning.",A resource that is listed in the catalog.,https://www.w3.org/ns/dcat.ttl,definition from source file,bm25
1,oht:Record,https://w3id.org/dpv#ServiceRegistration,dpv:ServiceRegistration,DPV core,2,screened out,"Read in the shortlist; word overlap only, not a fit for the coined meaning.",Purposes associated with registering users and collecting information required for providing a service,https://w3id.org/dpv,definition from source file,bm25
1,oht:Record,http://purl.org/spar/cito/citesAsMetadataDocument,cito:citesAsMetadataDocument,CiTO,2,screened out,"Read in the shortlist; word overlap only, not a fit for the coined meaning.",A relation according to which the citing entity cites the cited entity as being the container of metadata describing the citing entity.,http://purl.org/spar/cito,definition from source file,bm25
1,oht:Record,https://w3id.org/vair#Library,https://w3id.org/vair#Library,VAIR,3,screened out,"Read in the shortlist; word overlap only, not a fit for the coined meaning.",A collection of pre-written code,https://w3id.org/vair,definition from source file,bm25
1,oht:Record,https://schema.org/LibrarySystem,schema:LibrarySystem,schema.org,2,screened out,"Read in the shortlist; word overlap only, not a fit for the coined meaning.",A [[LibrarySystem]] is a collaborative system amongst several libraries.,https://schema.org/version/latest/schemaorg-current-https.ttl,definition from source file,bm25
1,oht:Record,http://www.w3.org/2002/07/owl#NamedIndividual,owl:NamedIndividual,OWL 2,1,screened out,"Read in the shortlist; word overlap only, not a fit for the coined meaning.",The class of named individuals.,https://www.w3.org/2002/07/owl.ttl,definition from source file,bm25
2,oht:Version,http://www.w3.org/ns/dcat#hasVersion,dcat:hasVersion,DCAT 3,1,exact,"Links the stable, version-independent scheme to each release, which is the oht:Version pattern.","This resource has a more specific, versioned resource [PAV].",https://www.w3.org/ns/dcat.ttl,verified at source,lead
2,oht:Version,http://www.w3.org/ns/dcat#version,dcat:version,DCAT 3,1,exact,"The release label (""2023""); DCAT-AP 3 names it on dcat:Dataset.",The version indicator (name or identifier) of a resource.,https://www.w3.org/ns/dcat.ttl,verified at source,lead
2,oht:Version,http://www.w3.org/ns/dcat#previousVersion,dcat:previousVersion,DCAT 3,1,exact,Version chain.,The previous version of a resource in a lineage [PAV].,https://www.w3.org/ns/dcat.ttl,verified at source,bm25+lead
2,oht:Version,http://www.w3.org/ns/dcat#hasCurrentVersion,dcat:hasCurrentVersion,DCAT 3,1,exact,Points at the latest release.,"This resource has a more specific, versioned resource with equivalent content [PAV].",https://www.w3.org/ns/dcat.ttl,verified at source,lead
2,oht:Version,http://www.w3.org/ns/dcat#isVersionOf,dcat:isVersionOf,DCAT 3,1,related,Removed from the DCAT 3 vocabulary specification; only listed as an informative inverse. Use dcterms:isVersionOf if a back link is stored.,"properties dcat:isVersionOf, dcat:next, and dcterms:isReplacedBy have been removed from 6. Vocabulary specification [it survives only in the informative table of inverses and in section 11 prose]","https://www.w3.org/TR/vocab-dcat-3/ (Appendix, changes since the second public working draft)",verified at source (specification text),lead
2,oht:Version,http://purl.org/dc/terms/isVersionOf,dcterms:isVersionOf,DCMI Terms,1,super,The standard back link from a version to the work.,"A related resource of which the described resource is a version, edition, or adaptation.",https://www.dublincore.org/specifications/dublin-core/dcmi-terms/dublin_core_terms.ttl,verified at source,bm25
2,oht:Version,http://www.w3.org/ns/adms#versionNotes,adms:versionNotes,ADMS,2,related,"Change notes between versions; useful alongside, SEMIC ADMS 2.0.",A description of changes between this version and the previous version of the Asset.,https://www.w3.org/ns/adms.ttl,verified at source,bm25+lead
2,oht:Version,http://purl.org/pav/version,pav:version,PAV,2,related,"Same idea as dcat:version, tier 2; prefer DCAT.","The version number of a resource. This is a freetext string, typical values are ""1.5"" or ""21"". The URI identifying the previous version can be provided using prov:previousVersion. This property is normally used in a functional way, although PAV does not formally restrict this.",http://purl.org/pav/,verified at source,bm25+lead
2,oht:Version,http://usefulinc.com/ns/doap#Version,doap:Version,DOAP,2,screened out,"Read in the shortlist; word overlap only, not a fit for the coined meaning.",Version information of a project release.,http://usefulinc.com/ns/doap,definition from source file,bm25
2,oht:Version,http://purl.org/pav/previousVersion,pav:previousVersion,PAV,2,screened out,"Read in the shortlist; word overlap only, not a fit for the coined meaning.","The previous version of a resource in a lineage. For instance a news article updated to correct factual information would point to the previous version of the article with pav:previousVersion. If however the content has significantly changed so that the two resources no longer share lineage (say a new article that talks about the same facts), they can instead be related using pav:derivedFrom. This property is normally used in a functional way, although PAV does not formally restrict this. Earlier versions which are not direct ancestors of this resource may instead be provided using the superproperty pav:hasEarlierVersion. A version number of this resource can be provided using the data property pav:version. To indicate that this version is a snapshot of a more general, non-versioned resource, e.g. ""Weather Today"" vs. ""Weather Today on 2013-12-07"", see pav:hasVersion. Note that it might be confusing to indicate pav:previousVersion from a resource that also has pav:hasVersion or pav:hasCurrentVersion relations, as such resources are intended to be a long-living and ""unversioned"", while pav:previousVersion is intended for use between permalink-like ""snapshots"" arranged in a linear history.",http://purl.org/pav/,definition from source file,bm25
2,oht:Version,https://w3id.org/semapv/vocab/StableMarriageFiltering,semapv:StableMarriageFiltering,SEMAPV,2,screened out,"Read in the shortlist; word overlap only, not a fit for the coined meaning.",,https://w3id.org/semapv/vocab/,no definition in file,bm25
2,oht:Version,http://purl.org/skos-history/ConceptVersion,sh:ConceptVersion,skos-history,3,screened out,"Read in the shortlist; word overlap only, not a fit for the coined meaning.",(???) A version of a SKOS concept.,http://purl.org/skos-history/,definition from source file,bm25
2,oht:Version,http://purl.org/pav/hasEarlierVersion,pav:hasEarlierVersion,PAV,2,screened out,"Read in the shortlist; word overlap only, not a fit for the coined meaning.","This versioned resource has an earlier version. Any earlier version of this resource can be indicated with pav:hasEarlierVersion, e.g.: <http://example.com/v4> pav:hasEarlierVersion <http://example.com/v2> ; pav:hasEarlierVersion <http://example.com/v1> . The subproperty pav:previousVersion SHOULD be used if the earlier version is the direct ancestor of this version. <http://example.com/v4> pav:previousVersion <http://example.com/v3> . This property is transitive, so it should not be necessary to repeat the earlier versions of an earlier version. A chain of previous versions can be declared using the subproperty pav:previousVersion, implying that the previous previous version is also an earlier version. It might however still be useful to declare an earlier version explicitly, for instance because it is an earlier version of high relevance or because the complete chain of pav:previousVersion is not available. To indicate that this version is a snapshot of a more general, non-versioned resource, e.g. ""Weather Today"" vs. ""Weather Today on 2013-12-07"", see pav:hasVersion.",http://purl.org/pav/,definition from source file,bm25
2,oht:Version,http://purl.org/ontology/bibo/edition,bibo:edition,BIBO,2,screened out,"Read in the shortlist; word overlap only, not a fit for the coined meaning.",The name defining a special edition of a document. Normally its a literal value composed of a version number and words.,http://purl.org/ontology/bibo/,definition from source file,bm25
2,oht:Version,https://schema.org/releaseNotes,schema:releaseNotes,schema.org,2,screened out,"Read in the shortlist; word overlap only, not a fit for the coined meaning.",Description of what changed in this version.,https://schema.org/version/latest/schemaorg-current-https.ttl,definition from source file,bm25
2,oht:Version,http://purl.org/skos-history/ConceptDelta,sh:ConceptDelta,skos-history,3,screened out,"Read in the shortlist; word overlap only, not a fit for the coined meaning.",The delta of two versions of a SKOS concept.,http://purl.org/skos-history/,definition from source file,bm25
2,oht:Version,http://data.europa.eu/eli/ontology#Version,eli:Version,ELI,2,screened out,"Read in the shortlist; word overlap only, not a fit for the coined meaning.",Formally defined as the set of skos:Concept in concept scheme eli:VersionTable,http://data.europa.eu/eli/ontology,definition from source file,bm25
2,oht:Version,http://purl.org/dc/terms/hasVersion,dcterms:hasVersion,DCMI Terms,1,screened out,"Read in the shortlist; word overlap only, not a fit for the coined meaning.","A related resource that is a version, edition, or adaptation of the described resource.",https://www.dublincore.org/specifications/dublin-core/dcmi-terms/dublin_core_terms.ttl,definition from source file,bm25
2,oht:Version,http://www.w3.org/ns/adms#prev,adms:prev,ADMS,2,screened out,"Read in the shortlist; word overlap only, not a fit for the coined meaning.",A link to the previous version of the Asset.,https://www.w3.org/ns/adms.ttl,definition from source file,bm25
2,oht:Version,http://www.w3.org/2002/07/owl#versionInfo,owl:versionInfo,OWL 2,1,screened out,"Read in the shortlist; word overlap only, not a fit for the coined meaning.",The annotation property that provides version information for an ontology or another OWL construct.,https://www.w3.org/2002/07/owl.ttl,definition from source file,lead
2,oht:Version,https://schema.org/version,schema:version,schema.org,2,screened out,"Read in the shortlist; word overlap only, not a fit for the coined meaning.",The version of the CreativeWork embodied by a specified resource.,https://schema.org/version/latest/schemaorg-current-https.ttl,definition from source file,lead
2,oht:Version,http://www.w3.org/ns/dcat#DatasetSeries,dcat:DatasetSeries,DCAT 3,1,screened out,"Read in the shortlist; word overlap only, not a fit for the coined meaning.","A collection of datasets that are published separately, but share some common characteristics that groups them.",https://www.w3.org/ns/dcat.ttl,definition from source file,lead
2,oht:Version,http://www.w3.org/ns/adms#Asset,adms:Asset,ADMS,2,screened out,"Read in the shortlist; word overlap only, not a fit for the coined meaning.",An abstract entity that reflects the intellectual content of the asset and represents those characteristics of the asset that are independent of its physical embodiment. This abstract entity combines the FRBR entities work (a distinct intellectual or artistic creation) and expression (the intellectual or artistic realization of a work),https://www.w3.org/ns/adms.ttl,definition from source file,lead
3,oht:Change,http://purl.org/skos-history/SchemeDelta,sh:SchemeDelta,skos-history,3,related,"A whole delta between two scheme versions, not one change; tier 3.",The delta of two versions of a SKOS concept scheme.,http://purl.org/skos-history/,verified at source,bm25+lead
3,oht:Change,http://www.w3.org/ns/prov#Revision,prov:Revision,PROV-O,1,related,"A qualified derivation between two entity versions, not a changelog entry.",A revision is a derivation for which the resulting entity is a revised version of some original. The implication here is that the resulting entity contains substantial content from the original. Revision is a particular case of derivation.,https://www.w3.org/ns/prov.ttl,verified at source,bm25+lead
3,oht:Change,https://schema.org/UpdateAction,schema:UpdateAction,schema.org,2,related,"An action (activity); typing issuer changelog entries as activities mixes them with the library's own provenance, as the first review argued.",The act of managing by changing/editing the state of the object.,https://schema.org/version/latest/schemaorg-current-https.ttl,verified at source,bm25+lead
3,oht:Change,http://www.w3.org/2004/02/skos/core#changeNote,skos:changeNote,SKOS,1,related,Free-text note; could carry a human-readable summary of the change.,A note about a modification to a concept.,http://www.w3.org/2004/02/skos/core.rdf,verified at source,lead
3,oht:Change,http://purl.org/skos-history/deltaFrom,sh:deltaFrom,skos-history,3,screened out,"Read in the shortlist; word overlap only, not a fit for the coined meaning.",The version from which the delta is taken. The object of the triple may be a dsv:VersionHistoryRecord.,http://purl.org/skos-history/,definition from source file,bm25
3,oht:Change,http://purl.org/skos-history/hasDelta,sh:hasDelta,skos-history,3,screened out,"Read in the shortlist; word overlap only, not a fit for the coined meaning.",A delta for this version. The subject of the triple may be a dsv:VersionHistoryRecord.,http://purl.org/skos-history/,definition from source file,bm25
3,oht:Change,http://www.w3.org/ns/prov#wasRevisionOf,prov:wasRevisionOf,PROV-O,1,screened out,"Read in the shortlist; word overlap only, not a fit for the coined meaning.",A revision is a derivation that revises an entity into a revised version.,https://www.w3.org/ns/prov.ttl,definition from source file,bm25
3,oht:Change,http://purl.org/skos-history/deltaTo,sh:deltaTo,skos-history,3,screened out,"Read in the shortlist; word overlap only, not a fit for the coined meaning.",The versions to which the delta is taken. The object of the triple may be a dsv:VersionHistoryRecord.,http://purl.org/skos-history/,definition from source file,bm25
3,oht:Change,http://purl.org/skos-history/ConceptDelta,sh:ConceptDelta,skos-history,3,screened out,"Read in the shortlist; word overlap only, not a fit for the coined meaning.",The delta of two versions of a SKOS concept.,http://purl.org/skos-history/,definition from source file,bm25
3,oht:Change,http://purl.org/skos-history/SchemeDeltaInsertions,sh:SchemeDeltaInsertions,skos-history,3,screened out,"Read in the shortlist; word overlap only, not a fit for the coined meaning.",Should be related to the delta by dcterms:isPartOf.,http://purl.org/skos-history/,definition from source file,bm25
3,oht:Change,http://purl.org/skos-history/SchemeDeltaDeletions,sh:SchemeDeltaDeletions,skos-history,3,screened out,"Read in the shortlist; word overlap only, not a fit for the coined meaning.",Should be related to the delta by dcterms:isPartOf.,http://purl.org/skos-history/,definition from source file,bm25
3,oht:Change,http://usefulinc.com/ns/doap#revision,doap:revision,DOAP,2,screened out,"Read in the shortlist; word overlap only, not a fit for the coined meaning.",Revision identifier of a software release.,http://usefulinc.com/ns/doap,definition from source file,bm25
3,oht:Change,http://www.w3.org/ns/prov#hadRevision,prov:hadRevision,PROV-O,1,screened out,"Read in the shortlist; word overlap only, not a fit for the coined meaning.",,https://www.w3.org/ns/prov.ttl,no definition in file,bm25
3,oht:Change,https://w3id.org/dpv/ai#UpdateStage,https://w3id.org/dpv/ai#UpdateStage,DPV AI,2,screened out,"Read in the shortlist; word overlap only, not a fit for the coined meaning.",The stage in the lifecycle where an AI system is being or has been updated,https://w3id.org/dpv/ai,definition from source file,bm25
3,oht:Change,https://schema.org/EventMovedOnline,schema:EventMovedOnline,schema.org,2,screened out,"Read in the shortlist; word overlap only, not a fit for the coined meaning.",Indicates that the event was changed to allow online participation. See [[eventAttendanceMode]] for specifics of whether it is now fully or partially online.,https://schema.org/version/latest/schemaorg-current-https.ttl,definition from source file,bm25
3,oht:Change,http://www.w3.org/ns/prov#removedKey,prov:removedKey,PROV-O,1,screened out,"Read in the shortlist; word overlap only, not a fit for the coined meaning.",The key removed in a Removal.,https://www.w3.org/ns/prov.ttl,definition from source file,bm25
3,oht:Change,http://www.w3.org/ns/prov#Activity,prov:Activity,PROV-O,1,screened out,"Read in the shortlist; word overlap only, not a fit for the coined meaning.","An activity is something that occurs over a period of time and acts upon or with entities; it may include consuming, processing, transforming, modifying, relocating, using, or generating entities.",https://www.w3.org/ns/prov.ttl,definition from source file,lead
4,oht:Axis,http://www.w3.org/2004/02/skos/core#ConceptScheme,skos:ConceptScheme,SKOS,1,super,"An axis is a small set of values, which is a concept scheme; SKOS tools then read axes.","A set of concepts, optionally including statements about semantic relationships between those concepts.",http://www.w3.org/2004/02/skos/core.rdf,verified at source,bm25+lead
4,oht:Axis,http://purl.org/linked-data/cube#DimensionProperty,qb:DimensionProperty,RDF Data Cube,1,related,"Analogue from statistics: a dimension with a code list; it is a property class, not a scheme.",The class of components which represent the dimensions of the cube,http://purl.org/linked-data/cube,verified at source,lead
4,oht:Axis,http://rdf-vocabulary.ddialliance.org/xkos#ClassificationLevel,xkos:ClassificationLevel,XKOS,2,related,"Levels of one hierarchy, not orthogonal dimensions.",,http://rdf-vocabulary.ddialliance.org/xkos,no definition in the source file,bm25+lead
4,oht:Axis,https://schema.org/DefinedTermSet,schema:DefinedTermSet,schema.org,2,super,schema.org's 'set of categories or a classification scheme'; optional extra alignment for web consumers.,"A set of defined terms, for example a set of categories or a classification scheme, a glossary, dictionary or enumeration. Use the about property to specify what the term set is about.",https://schema.org/version/latest/schemaorg-current-https.ttl,verified at source,lead
4,oht:Axis,http://purl.org/linked-data/cube#HierarchicalCodeList,qb:HierarchicalCodeList,RDF Data Cube,1,screened out,"Read in the shortlist; word overlap only, not a fit for the coined meaning.",Represents a generalized hierarchy of concepts which can be used for coding. The hierarchy is defined by one or more roots together with a property which relates concepts in the hierarchy to thier child concept . The same concepts may be members of multiple hierarchies provided that different qb:parentChildProperty values are used for each hierarchy.,http://purl.org/linked-data/cube,definition from source file,bm25
4,oht:Axis,http://www.w3.org/ns/org#classification,http://www.w3.org/ns/org#classification,ORG,1,screened out,"Read in the shortlist; word overlap only, not a fit for the coined meaning.",Indicates a classification for this Organization within some classification scheme. Extension vocabularies may wish to specialize this property to have a range corresponding to a specific `skos:ConceptScheme`. This property is under discussion and may be revised or removed - in many cases organizations are best categorized by defining a sub-class hierarchy in an extension vocabulary.,https://www.w3.org/ns/org.ttl,definition from source file,bm25
4,oht:Axis,http://w3id.org/nkos/nkostype#classification_scheme,nkostype:classification_scheme,NKOS KOS Types,3,screened out,"Read in the shortlist; word overlap only, not a fit for the coined meaning.","schedule of concepts and pre-coordinated combinations of concepts, arranged by classification",https://nkos.dublincore.org/nkos-type.html,definition from source file,bm25
4,oht:Axis,http://www.w3.org/2004/02/skos/core#topConceptOf,skos:topConceptOf,SKOS,1,screened out,"Read in the shortlist; word overlap only, not a fit for the coined meaning.",Relates a concept to the concept scheme that it is a top level concept of.,http://www.w3.org/2004/02/skos/core.rdf,definition from source file,bm25
4,oht:Axis,http://www.w3.org/2004/02/skos/core#notation,skos:notation,SKOS,1,screened out,"Read in the shortlist; word overlap only, not a fit for the coined meaning.","A notation, also known as classification code, is a string of characters such as ""T58.5"" or ""303.4833"" used to uniquely identify a concept within the scope of a given concept scheme.",http://www.w3.org/2004/02/skos/core.rdf,definition from source file,bm25
4,oht:Axis,http://purl.obolibrary.org/obo/IAO_0000184,obo:IAO_0000184,OBO IAO,2,screened out,"Read in the shortlist; word overlap only, not a fit for the coined meaning.","A scatterplot is a graph which uses Cartesian coordinates to display values for two variables for a set of data. The data is displayed as a collection of points, each having the value of one variable determining the position on the horizontal axis and the value of the other variable determining the position on the vertical axis.",http://purl.obolibrary.org/obo/iao.owl,definition from source file,bm25
4,oht:Axis,http://purl.org/skos-history/SchemeDelta,sh:SchemeDelta,skos-history,3,screened out,"Read in the shortlist; word overlap only, not a fit for the coined meaning.",The delta of two versions of a SKOS concept scheme.,http://purl.org/skos-history/,definition from source file,bm25
4,oht:Axis,http://purl.org/linked-data/cube#codeList,qb:codeList,RDF Data Cube,1,screened out,"Read in the shortlist; word overlap only, not a fit for the coined meaning.",gives the code list associated with a CodedProperty,http://purl.org/linked-data/cube,definition from source file,bm25+lead
4,oht:Axis,http://rdf-vocabulary.ddialliance.org/xkos#levels,xkos:levels,XKOS,2,screened out,"Read in the shortlist; word overlap only, not a fit for the coined meaning.",,http://rdf-vocabulary.ddialliance.org/xkos,no definition in file,bm25
4,oht:Axis,http://rdf-vocabulary.ddialliance.org/discovery#representation,disco:representation,DDI Discovery,3,screened out,"Read in the shortlist; word overlap only, not a fit for the coined meaning.",RepresentedVariables and Variables can have a Representation whose individuals are either of the class rdfs:Datatype (to represent values) or skos:ConceptScheme (to represent code lists).,http://rdf-vocabulary.ddialliance.org/discovery,definition from source file,bm25
4,oht:Axis,http://www.w3.org/2004/02/skos/core#inScheme,skos:inScheme,SKOS,1,screened out,"Read in the shortlist; word overlap only, not a fit for the coined meaning.",Relates a resource (for example a concept) to a concept scheme in which it is included.,http://www.w3.org/2004/02/skos/core.rdf,definition from source file,bm25
4,oht:Axis,http://data.europa.eu/eli/ontology#WorkType,eli:WorkType,ELI,2,screened out,"Read in the shortlist; word overlap only, not a fit for the coined meaning.",,http://data.europa.eu/eli/ontology,no definition in file,bm25
4,oht:Axis,http://data.europa.eu/eli/ontology#type_subdivision,eli:type_subdivision,ELI,2,screened out,"Read in the shortlist; word overlap only, not a fit for the coined meaning.","The type of a document subdivision (e.g. ""Article"", ""Paragraph"", ""Section"", etc.). A subdivision can have only one type. ELI does not specify a list of possible values. Member states are encouraged to make their own list of values in the corresponding concept scheme. EU Publication Office provies a list of values for EU resource types at https://op.europa.eu/en/web/eu-vocabularies/at-dataset/-/resource/dataset/subdivision",http://data.europa.eu/eli/ontology,definition from source file,bm25
4,oht:Axis,http://www.w3.org/2004/02/skos/core#Collection,skos:Collection,SKOS,1,screened out,"Read in the shortlist; word overlap only, not a fit for the coined meaning.",A meaningful collection of concepts.,http://www.w3.org/2004/02/skos/core.rdf,definition from source file,lead
5,oht:OutputSpec,http://www.w3.org/ns/ssn/Output,ssn:Output,SSN,1,super,"In SSN, Output describes what a Procedure reports; an output specification is a kind of that. The coined class adds the output type and axis.",Any information that is reported from a Procedure.,https://www.w3.org/ns/ssn/,verified at source,bm25+lead
5,oht:OutputSpec,http://www.w3.org/ns/sosa/Procedure,sosa:Procedure,SOSA,1,exact,"SOSA's Procedure explicitly includes algorithms and computational methods, so a classifier fits.","A workflow, protocol, plan, algorithm, or computational method specifying how to make an Observation, create a Sample, or make a change to the state of the world (via an Actuator). A Procedure is re-usable, and might be involved in many Observations, Samplings, or Actuations. It explains the steps to be carried out to arrive at reproducible results.",https://www.w3.org/ns/sosa/,verified at source,lead
5,oht:OutputSpec,http://www.w3.org/ns/mls#Model,mls:Model,ML Schema,2,related,"ML Schema models are outputs of runs, not descriptions of a model's output format.","Model is a generalization of a set of training data able to predict values for unseen instances. It is an output from an execution of a data mining algorithm implementation. Models have a dual nature. They can be treated as data structures and as such represented, stored and manipulated. On the other hand, they act as functions and are executed, taking as input data examples and giving as output the result of applying the function to a data example. Models can also be divided into global or local ones. A global model has global coverage of a data set, i.e., it generalizes the whole data set. A local model, such as a pattern set, is a set of local hypotheses, i.e. each applies to a limited region of the data set.",http://www.w3.org/ns/mls,verified at source,bm25+lead
5,oht:OutputSpec,https://schema.org/PropertyValueSpecification,schema:PropertyValueSpecification,schema.org,2,related,Constraints on form inputs.,A Property value specification.,https://schema.org/version/latest/schemaorg-current-https.ttl,verified at source,lead
5,oht:OutputSpec,https://w3id.org/vair#Prediction,https://w3id.org/vair#Prediction,VAIR,3,screened out,"Read in the shortlist; word overlap only, not a fit for the coined meaning.",Primary output of an AI system when provided with input data or information.,https://w3id.org/vair,definition from source file,bm25
5,oht:OutputSpec,https://w3id.org/airo#AIModel,https://w3id.org/airo#AIModel,AIRO,3,screened out,"Read in the shortlist; word overlap only, not a fit for the coined meaning.","Mathematical construct that generates an inference or prediction, based on input data.",https://w3id.org/airo,definition from source file,bm25
5,oht:OutputSpec,https://w3id.org/vair#MachineLearningModel,https://w3id.org/vair#MachineLearningModel,VAIR,3,screened out,"Read in the shortlist; word overlap only, not a fit for the coined meaning.",Mathematical construct that generates an inference or prediction based on input data or information.,https://w3id.org/vair,definition from source file,bm25
5,oht:OutputSpec,https://w3id.org/dpv/ai#MachineLearningModel,https://w3id.org/dpv/ai#MachineLearningModel,DPV AI,2,screened out,"Read in the shortlist; word overlap only, not a fit for the coined meaning.",Mathematical construct that generates an inference or prediction based on input data or information,https://w3id.org/dpv/ai,definition from source file,bm25
5,oht:OutputSpec,http://www.w3.org/ns/ssn/hasOutput,ssn:hasOutput,SSN,1,screened out,"Read in the shortlist; word overlap only, not a fit for the coined meaning.",Relation between a Procedure and an Output of it.,https://www.w3.org/ns/ssn/,definition from source file,bm25+lead
5,oht:OutputSpec,https://w3id.org/vair#InaccuratePrediction,https://w3id.org/vair#InaccuratePrediction,VAIR,3,screened out,"Read in the shortlist; word overlap only, not a fit for the coined meaning.",Inaccurate prediction generated by the system.,https://w3id.org/vair,definition from source file,bm25
5,oht:OutputSpec,https://schema.org/Boolean,schema:Boolean,schema.org,2,screened out,"Read in the shortlist; word overlap only, not a fit for the coined meaning.",Boolean: True or False.,https://schema.org/version/latest/schemaorg-current-https.ttl,definition from source file,bm25
5,oht:OutputSpec,https://w3id.org/dpv#PersonnelPerformancePrediction,dpv:PersonnelPerformancePrediction,DPV core,2,screened out,"Read in the shortlist; word overlap only, not a fit for the coined meaning.",Purposes associated with prediction of performance of personnel,https://w3id.org/dpv,definition from source file,bm25
5,oht:OutputSpec,http://www.w3.org/ns/mls#hasOutput,mls:hasOutput,ML Schema,2,screened out,"Read in the shortlist; word overlap only, not a fit for the coined meaning.",A relation between a run and either a model or model evaluation that is produced on it’s output.,http://www.w3.org/ns/mls,definition from source file,bm25
5,oht:OutputSpec,https://w3id.org/vair#DeterminingCreditScore,https://w3id.org/vair#DeterminingCreditScore,VAIR,3,screened out,"Read in the shortlist; word overlap only, not a fit for the coined meaning.",Determining credit score of a person,https://w3id.org/vair,definition from source file,bm25
5,oht:OutputSpec,https://schema.org/MedicalRiskScore,schema:MedicalRiskScore,schema.org,2,screened out,"Read in the shortlist; word overlap only, not a fit for the coined meaning.","A simple system that adds up the number of risk factors to yield a score that is associated with prognosis, e.g. CHAD score, TIMI risk score.",https://schema.org/version/latest/schemaorg-current-https.ttl,definition from source file,bm25
5,oht:OutputSpec,https://w3id.org/vair#BayesianNetwork,https://w3id.org/vair#BayesianNetwork,VAIR,3,screened out,"Read in the shortlist; word overlap only, not a fit for the coined meaning.",Probabilistic model that uses Bayesian inference for probability computations using a directed acyclic graph.,https://w3id.org/vair,definition from source file,bm25
5,oht:OutputSpec,https://w3id.org/dpv/risk#IntegrityConcept,risk:IntegrityConcept,DPV RISK,2,screened out,"Read in the shortlist; word overlap only, not a fit for the coined meaning.",Indicates a concept is relevant to 'Integrity' in CIA InfoSec model,https://w3id.org/dpv/risk,definition from source file,bm25
5,oht:OutputSpec,http://www.w3.org/ns/mls#Implementation,mls:Implementation,ML Schema,2,screened out,"Read in the shortlist; word overlap only, not a fit for the coined meaning.","Implementation is an executable implementation of a machine learning algorithm, a script, or a workflow. It is versioned, and sometimes belongs to a library (e.g. WEKA).",http://www.w3.org/ns/mls,definition from source file,lead
5,oht:OutputSpec,http://purl.org/linked-data/cube#MeasureProperty,qb:MeasureProperty,RDF Data Cube,1,screened out,"Read in the shortlist; word overlap only, not a fit for the coined meaning.",The class of components which represent the measured value of the phenomenon being observed,http://purl.org/linked-data/cube,definition from source file,lead
6,oht:Uptake,http://www.w3.org/ns/duv#Usage,duv:Usage,DUV,2,related,"Defined as 'a helpful description of actions that can be performed on a given dataset': instructions, not evidence that someone used it.",A helpful description of actions that can be performed on a given dataset or distribution.,https://www.w3.org/ns/duv.ttl,verified at source,lead
6,oht:Uptake,http://w3id.org/nkos#usedBy,nkos:usedBy,NKOS Application Profile,3,related,"'Agent using the described KOS' covers who uses a scheme, not the evidence or its strength; tier 3 and its namespace no longer resolves.",Agent using the described KOS.,http://w3id.org/nkos,verified at source,lead
6,oht:Uptake,http://purl.org/dc/terms/isReferencedBy,dcterms:isReferencedBy,DCMI Terms,1,super,Fits only the regulatory-citation kind of uptake.,"A related resource that references, cites, or otherwise points to the described resource.",https://www.dublincore.org/specifications/dublin-core/dcmi-terms/dublin_core_terms.ttl,verified at source,lead
6,oht:Uptake,http://purl.org/spar/cito/Citation,cito:Citation,CiTO,2,related,Citations are one kind of uptake.,"A citation is a conceptual directional link from a citing entity to a cited entity, created by a human performative act of making a citation, typically instantiated by the inclusion of a bibliographic reference (`biro:BibliographicReference`) in the reference list of the citing entity, or by the inclusion within the citing entity of a link, in the form of an HTTP Uniform Resource Locator (URL), to a resource on the World Wide Web.",http://purl.org/spar/cito,verified at source,bm25
6,oht:Uptake,http://purl.obolibrary.org/obo/IAO_0000112,obo:IAO_0000112,OBO IAO,2,screened out,"Read in the shortlist; word overlap only, not a fit for the coined meaning.","A phrase describing how a term should be used and/or a citation to a work which uses it. May also include other kinds of examples that facilitate immediate understanding, such as widely know prototypes or instances of a class, or cases where a relation is said to hold.",http://purl.obolibrary.org/obo/iao.owl,definition from source file,bm25
6,oht:Uptake,https://w3id.org/dpv#RegulatorySandbox,dpv:RegulatorySandbox,DPV core,2,screened out,"Read in the shortlist; word overlap only, not a fit for the coined meaning.","Mechanism used by regulators and businesses for gauging the compatibility of regulations and innovative products, particularly in the context of digitalisation, in a controlled real-world environment with appropriate safeguards in place",https://w3id.org/dpv,definition from source file,bm25
6,oht:Uptake,http://purl.org/dc/terms/bibliographicCitation,dcterms:bibliographicCitation,DCMI Terms,1,screened out,"Read in the shortlist; word overlap only, not a fit for the coined meaning.",A bibliographic reference for the resource.,https://www.dublincore.org/specifications/dublin-core/dcmi-terms/dublin_core_terms.ttl,definition from source file,bm25
6,oht:Uptake,https://schema.org/citation,schema:citation,schema.org,2,screened out,"Read in the shortlist; word overlap only, not a fit for the coined meaning.","A citation or reference to another creative work, such as another publication, web page, scholarly article, etc.",https://schema.org/version/latest/schemaorg-current-https.ttl,definition from source file,bm25
6,oht:Uptake,https://schema.org/usageInfo,schema:usageInfo,schema.org,2,screened out,"Read in the shortlist; word overlap only, not a fit for the coined meaning.","The schema.org [[usageInfo]] property indicates further information about a [[CreativeWork]]. This property is applicable both to works that are freely available and to those that require payment or other transactions. It can reference additional information, e.g. community expectations on preferred linking and citation conventions, as well as purchasing details. For something that can be commercially licensed, usageInfo can provide detailed, resource-specific information about licensing options. This property can be used alongside the license property which indicates license(s) applicable to some piece of content. The usageInfo property can provide information about other licensing options, e.g. acquiring commercial usage rights for an image that is also available under non-commercial creative commons licenses.",https://schema.org/version/latest/schemaorg-current-https.ttl,definition from source file,bm25
6,oht:Uptake,http://www.w3.org/ns/duv#UsageTool,duv:UsageTool,DUV,2,screened out,"Read in the shortlist; word overlap only, not a fit for the coined meaning.",A synopsis describing the way a tool can use a dataset or distribution.,https://www.w3.org/ns/duv.ttl,definition from source file,bm25
6,oht:Uptake,https://schema.org/evidenceLevel,schema:evidenceLevel,schema.org,2,screened out,"Read in the shortlist; word overlap only, not a fit for the coined meaning.",Strength of evidence of the data used to formulate the guideline (enumerated).,https://schema.org/version/latest/schemaorg-current-https.ttl,definition from source file,bm25
6,oht:Uptake,https://schema.org/DigitalPlatformEnumeration,schema:DigitalPlatformEnumeration,schema.org,2,screened out,"Read in the shortlist; word overlap only, not a fit for the coined meaning.","Enumerates some common technology platforms, for use with properties such as [[actionPlatform]]. It is not supposed to be comprehensive - when a suitable code is not enumerated here, textual or URL values can be used instead. These codes are at a fairly high level and do not deal with versioning and other nuance. Additional codes can be suggested [in github](https://github.com/schemaorg/schemaorg/issues/3057).",https://schema.org/version/latest/schemaorg-current-https.ttl,definition from source file,bm25
6,oht:Uptake,https://schema.org/evidenceOrigin,schema:evidenceOrigin,schema.org,2,screened out,"Read in the shortlist; word overlap only, not a fit for the coined meaning.","Source of the data used to formulate the guidance, e.g. RCT, consensus opinion, etc.",https://schema.org/version/latest/schemaorg-current-https.ttl,definition from source file,bm25
6,oht:Uptake,https://schema.org/usesDevice,schema:usesDevice,schema.org,2,screened out,"Read in the shortlist; word overlap only, not a fit for the coined meaning.",Device used to perform the test.,https://schema.org/version/latest/schemaorg-current-https.ttl,definition from source file,bm25
6,oht:Uptake,https://schema.org/MedicalEvidenceLevel,schema:MedicalEvidenceLevel,schema.org,2,screened out,"Read in the shortlist; word overlap only, not a fit for the coined meaning.",Level of evidence for a medical guideline. Enumerated type.,https://schema.org/version/latest/schemaorg-current-https.ttl,definition from source file,bm25
6,oht:Uptake,https://w3id.org/airo#usesTechnique,https://w3id.org/airo#usesTechnique,AIRO,3,screened out,"Read in the shortlist; word overlap only, not a fit for the coined meaning.",Indicates the AI techniques used in an AI system or component.,https://w3id.org/airo,definition from source file,bm25
6,oht:Uptake,http://www.w3.org/ns/sosa/Platform,sosa:Platform,SOSA,1,screened out,"Read in the shortlist; word overlap only, not a fit for the coined meaning.","A Platform is an entity that hosts other entities, particularly Sensors, Actuators, Samplers, and other Platforms.",https://www.w3.org/ns/sosa/,definition from source file,bm25
6,oht:Uptake,https://w3id.org/vair#ApplicationPlatform,https://w3id.org/vair#ApplicationPlatform,VAIR,3,screened out,"Read in the shortlist; word overlap only, not a fit for the coined meaning.",Resource on which an application runs.,https://w3id.org/vair,definition from source file,bm25
6,oht:Uptake,http://www.w3.org/ns/duv#hasUsage,duv:hasUsage,DUV,2,screened out,"Read in the shortlist; word overlap only, not a fit for the coined meaning.",Dataset/distribution usage guidance or instructions.,https://www.w3.org/ns/duv.ttl,definition from source file,lead
7,oht:NoMatch,https://w3id.org/sssom/NoTermFound,sssom:NoTermFound,SSSOM,2,exact,SSSOM's own convention for 'the corresponding entity could not be found'.,sssom:NoTermFound can be used in place of a subject_id or object_id when the corresponding entity could not be found. It SHOULD be used in conjunction with a corresponding subject_source or object_source to signify where the term was not found.,https://w3id.org/sssom/,verified at source,bm25+lead
7,oht:NoMatch,https://w3id.org/sssom/mapping_cardinality_enum#1:0,sssom:mapping_cardinality_enum#1:0,SSSOM,2,exact,Alternative SSSOM route: 'the subject has no match in the object vocabulary'.,Indicates that the subject has no match in the object vocabulary. This value MUST only be used when the object_id is sssom:NoTermFound.,https://w3id.org/sssom/,verified at source,bm25
7,oht:NoMatch,https://w3id.org/sssom/NegatedPredicate,sssom:NegatedPredicate,SSSOM,2,related,Negates one specific mapping (A is not a close match of B); different from 'no counterpart at all'.,Negating the mapping predicate. The meaning of the triple becomes subject_id is not a predicate_id match to object_id.,https://w3id.org/sssom/,verified at source,reading
7,oht:NoMatch,http://rdf-vocabulary.ddialliance.org/xkos#ConceptAssociation,xkos:ConceptAssociation,XKOS,2,related,"An association with no target cannot be told apart from an omission, as the first review said.",XKOS defines the xkos:ConceptAssociation class that can be used to represent correspondences between classification items when the SKOS properties are not sufficient.,https://rdf-vocabulary.ddialliance.org/xkos.html (section 7),verified at source (specification text),bm25+lead
7,oht:NoMatch,https://w3id.org/sssom/mapping_cardinality_enum#0:1,sssom:mapping_cardinality_enum#0:1,SSSOM,2,screened out,"Read in the shortlist; word overlap only, not a fit for the coined meaning.",Indicates that the object has no match in the subject vocabulary. This value MUST only be used when the subject_id is sssom:NoTermFound.,https://w3id.org/sssom/,definition from source file,bm25
7,oht:NoMatch,https://w3id.org/sssom/mapping_cardinality_enum#0:0,sssom:mapping_cardinality_enum#0:0,SSSOM,2,screened out,"Read in the shortlist; word overlap only, not a fit for the coined meaning.",Indicates that there is no match between the subject vocabulary and the object vocabulary. This value MUST only be used when both the subject_id and the object_id are sssom:NoTermFound.,https://w3id.org/sssom/,definition from source file,bm25
7,oht:NoMatch,http://www.w3.org/2004/02/skos/core#relatedMatch,skos:relatedMatch,SKOS,1,screened out,"Read in the shortlist; word overlap only, not a fit for the coined meaning.",skos:relatedMatch is used to state an associative mapping link between two conceptual resources in different concept schemes.,http://www.w3.org/2004/02/skos/core.rdf,definition from source file,bm25
7,oht:NoMatch,http://www.w3.org/2004/02/skos/core#narrowMatch,skos:narrowMatch,SKOS,1,screened out,"Read in the shortlist; word overlap only, not a fit for the coined meaning.",skos:narrowMatch is used to state a hierarchical mapping link between two conceptual resources in different concept schemes.,http://www.w3.org/2004/02/skos/core.rdf,definition from source file,bm25
7,oht:NoMatch,http://www.w3.org/2004/02/skos/core#broadMatch,skos:broadMatch,SKOS,1,screened out,"Read in the shortlist; word overlap only, not a fit for the coined meaning.",skos:broadMatch is used to state a hierarchical mapping link between two conceptual resources in different concept schemes.,http://www.w3.org/2004/02/skos/core.rdf,definition from source file,bm25
7,oht:NoMatch,https://w3id.org/sssom/mapping_cardinality_enum#n:1,sssom:mapping_cardinality_enum#n:1,SSSOM,2,screened out,"Read in the shortlist; word overlap only, not a fit for the coined meaning.","Indicates the mapping record is about a many-to-one mapping, that is, several different subjects are mapped to the same object.",https://w3id.org/sssom/,definition from source file,bm25
7,oht:NoMatch,https://w3id.org/sssom/mapping_cardinality_enum#1:n,sssom:mapping_cardinality_enum#1:n,SSSOM,2,screened out,"Read in the shortlist; word overlap only, not a fit for the coined meaning.","Indicates the mapping record is about a one-to-many mapping, that is, the same subject is mapped to several different objects.",https://w3id.org/sssom/,definition from source file,bm25
7,oht:NoMatch,https://w3id.org/sssom/mapping_cardinality_enum#1:1,sssom:mapping_cardinality_enum#1:1,SSSOM,2,screened out,"Read in the shortlist; word overlap only, not a fit for the coined meaning.","Indicates the mapping record is about a one-to-one mapping, that is, the subject and the object are only mapped to each other, exclusive of any other subject or object.",https://w3id.org/sssom/,definition from source file,bm25
7,oht:NoMatch,http://www.w3.org/2004/02/skos/core#ConceptScheme,skos:ConceptScheme,SKOS,1,screened out,"Read in the shortlist; word overlap only, not a fit for the coined meaning.","A set of concepts, optionally including statements about semantic relationships between those concepts.",http://www.w3.org/2004/02/skos/core.rdf,definition from source file,bm25
7,oht:NoMatch,https://w3id.org/sssom/cardinality_scope,sssom:cardinality_scope,SSSOM,2,screened out,"Read in the shortlist; word overlap only, not a fit for the coined meaning.","A list of mapping slots that define the scope for the value found in the mapping_cardinality slot. Mappings are considered to belong to the same scope if they have the same value for all slots listed in the scope. If no scope is defined, the default scope is empty, meaning that all mappings belong to a single scope that is identical to the entire mapping set. The behaviour if a value in the list does not correspond to a valid slot name is undefined.",https://w3id.org/sssom/,definition from source file,bm25
7,oht:NoMatch,https://w3id.org/sssom/mapping_cardinality,sssom:mapping_cardinality,SSSOM,2,screened out,"Read in the shortlist; word overlap only, not a fit for the coined meaning.","A value indicating whether the subject (respectively object) of this mapping record is present in other records involving a different object (respectively subject), within the subset of records defined by the cardinality_scope slot (or within the entire mapping set if cardinality_scope is undefined). Note that this is a convenience field, whose values can always be derived from the mapping set.",https://w3id.org/sssom/,definition from source file,bm25
7,oht:NoMatch,https://w3id.org/sssom/mapping_cardinality_enum#n:n,sssom:mapping_cardinality_enum#n:n,SSSOM,2,screened out,"Read in the shortlist; word overlap only, not a fit for the coined meaning.","Indicates the mapping record is about a many-to-many mapping, that is, the subject is mapped to several different objects and the object is mapped to several different subjects.",https://w3id.org/sssom/,definition from source file,bm25
8,oht:OpenQuestion,http://www.w3.org/ns/oa#Annotation,oa:Annotation,Web Annotation,1,exact,A Web Annotation about the record.,The class for Web Annotations.,https://www.w3.org/ns/oa.ttl,verified at source,lead
8,oht:OpenQuestion,http://www.w3.org/ns/oa#questioning,oa:questioning,Web Annotation,1,exact,'The motivation for when the user intends to ask a question about the Target.',The motivation for when the user intends to ask a question about the Target.,https://www.w3.org/ns/oa.ttl,verified at source,bm25+lead
8,oht:OpenQuestion,http://www.w3.org/ns/oa#replying,oa:replying,Web Annotation,1,exact,Motivation for the annotation that resolves it.,"The motivation for when the user intends to reply to a previous statement, either an Annotation or another resource.",https://www.w3.org/ns/oa.ttl,verified at source,bm25+lead
8,oht:OpenQuestion,http://www.w3.org/ns/adms#status,adms:status,ADMS,2,related,Workflow status; carries open/resolved.,The status of the Asset in the context of a particular workflow process.,https://www.w3.org/ns/adms.ttl,verified at source,lead
8,oht:OpenQuestion,http://www.w3.org/2004/02/skos/core#editorialNote,skos:editorialNote,SKOS,1,related,No status or resolution.,"A note for an editor, translator or maintainer of the vocabulary.",http://www.w3.org/2004/02/skos/core.rdf,verified at source,lead
8,oht:OpenQuestion,https://schema.org/Question,schema:Question,schema.org,2,related,Q&A web content.,"A specific question - e.g. from a user seeking answers online, or collected in a Frequently Asked Questions (FAQ) document.",https://schema.org/version/latest/schemaorg-current-https.ttl,verified at source,lead
8,oht:OpenQuestion,http://www.w3.org/ns/oa#Motivation,oa:Motivation,Web Annotation,1,screened out,"Read in the shortlist; word overlap only, not a fit for the coined meaning.","The Motivation class is used to record the user's intent or motivation for the creation of the Annotation, or the inclusion of the body or target, that it is associated with.",https://www.w3.org/ns/oa.ttl,definition from source file,bm25
8,oht:OpenQuestion,https://schema.org/ReplyAction,schema:ReplyAction,schema.org,2,screened out,"Read in the shortlist; word overlap only, not a fit for the coined meaning.",The act of responding to a question/message asked/sent by the object. Related to [[AskAction]].\n\nRelated actions:\n\n* [[AskAction]]: Appears generally as an origin of a ReplyAction.,https://schema.org/version/latest/schemaorg-current-https.ttl,definition from source file,bm25
8,oht:OpenQuestion,http://www.w3.org/ns/oa#motivatedBy,oa:motivatedBy,Web Annotation,1,screened out,"Read in the shortlist; word overlap only, not a fit for the coined meaning.",The relationship between an Annotation and a Motivation that describes the reason for the Annotation's creation.,https://www.w3.org/ns/oa.ttl,definition from source file,bm25+lead
8,oht:OpenQuestion,https://schema.org/AskAction,schema:AskAction,schema.org,2,screened out,"Read in the shortlist; word overlap only, not a fit for the coined meaning.",The act of posing a question / favor to someone.\n\nRelated actions:\n\n* [[ReplyAction]]: Appears generally as a response to AskAction.,https://schema.org/version/latest/schemaorg-current-https.ttl,definition from source file,bm25
8,oht:OpenQuestion,https://w3id.org/dpv/risk#ResolutionControl,risk:ResolutionControl,DPV RISK,2,screened out,"Read in the shortlist; word overlap only, not a fit for the coined meaning.",Control that aims to resolve an event's effects with the goal of fixing or recovering from it,https://w3id.org/dpv/risk,definition from source file,bm25
8,oht:OpenQuestion,http://purl.org/ontology/bibo/Issue,bibo:Issue,BIBO,2,screened out,"Read in the shortlist; word overlap only, not a fit for the coined meaning.","something that is printed or published and distributed, esp. a given number of a periodical",http://purl.org/ontology/bibo/,definition from source file,bm25
8,oht:OpenQuestion,https://schema.org/replyToUrl,schema:replyToUrl,schema.org,2,screened out,"Read in the shortlist; word overlap only, not a fit for the coined meaning.",The URL at which a reply may be posted to the specified UserComment.,https://schema.org/version/latest/schemaorg-current-https.ttl,definition from source file,bm25
8,oht:OpenQuestion,http://www.w3.org/ns/dqv#QualityAnnotation,dqv:QualityAnnotation,DQV,2,screened out,"Read in the shortlist; word overlap only, not a fit for the coined meaning.","Represents quality annotations, including ratings, quality certificates or feedback that can be associated to datasets or distributions. Quality annotations must have one oa:motivatedBy statement with an instance of oa:Motivation (and skos:Concept) that reflects a quality assessment purpose. We define this instance as dqv:qualityAssessment.",https://www.w3.org/ns/dqv.ttl,definition from source file,bm25
8,oht:OpenQuestion,http://purl.org/spar/cito/hasReplyFrom,cito:hasReplyFrom,CiTO,2,screened out,"Read in the shortlist; word overlap only, not a fit for the coined meaning.",A relation according to which the cited entity evokes a reply from the citing entity.,http://purl.org/spar/cito,definition from source file,bm25
8,oht:OpenQuestion,https://w3id.org/dpv#ContractDisputeResolutionClause,dpv:ContractDisputeResolutionClause,DPV core,2,screened out,"Read in the shortlist; word overlap only, not a fit for the coined meaning.",A provision detailing the methods and procedures for resolving disagreements or conflicts arising from the contract,https://w3id.org/dpv,definition from source file,bm25
8,oht:OpenQuestion,http://www.w3.org/ns/odrl/2/resolution,odrl:resolution,ODRL,1,screened out,"Read in the shortlist; word overlap only, not a fit for the coined meaning.",Resolution of the rendition of the target Asset.,https://www.w3.org/ns/odrl/2/ODRL22.ttl,definition from source file,bm25
8,oht:OpenQuestion,http://www.w3.org/ns/oa#annotationService,oa:annotationService,Web Annotation,1,screened out,"Read in the shortlist; word overlap only, not a fit for the coined meaning.","The object of the relationship is the end point of a service that conforms to the annotation-protocol, and it may be associated with any resource. The expectation of asserting the relationship is that the object is the preferred service for maintaining annotations about the subject resource, according to the publisher of the relationship. This relationship is intended to be used both within Linked Data descriptions and as the rel type of a Link, via HTTP Link Headers rfc5988 for binary resources and in HTML <link> elements. For more information about these, please see the Annotation Protocol specification annotation-protocol.",https://www.w3.org/ns/oa.ttl,definition from source file,bm25
8,oht:OpenQuestion,https://schema.org/ComicIssue,schema:ComicIssue,schema.org,2,screened out,"Read in the shortlist; word overlap only, not a fit for the coined meaning.","Individual comic issues are serially published as part of a larger series. For the sake of consistency, even one-shot issues belong to a series comprised of a single issue. All comic issues can be uniquely identified by: the combination of the name and volume number of the series to which the issue belongs; the issue number; and the variant description of the issue (if any).",https://schema.org/version/latest/schemaorg-current-https.ttl,definition from source file,bm25
9,oht:HumanReview,http://www.w3.org/ns/prov#Activity,prov:Activity,PROV-O,1,super,A review is an activity.,"An activity is something that occurs over a period of time and acts upon or with entities; it may include consuming, processing, transforming, modifying, relocating, using, or generating entities.",https://www.w3.org/ns/prov.ttl,verified at source,lead
9,oht:HumanReview,http://www.w3.org/ns/oa#assessing,oa:assessing,Web Annotation,1,related,For recording the review's judgement as an annotation.,The motivation for when the user intends to provide an assessment about the Target resource.,https://www.w3.org/ns/oa.ttl,verified at source,lead
9,oht:HumanReview,https://schema.org/Review,schema:Review,schema.org,2,related,"A review as a creative work (restaurant, film).","A review of an item - for example, of a restaurant, movie, or store.",https://schema.org/version/latest/schemaorg-current-https.ttl,verified at source,lead
9,oht:HumanReview,http://www.w3.org/ns/dqv#QualityAnnotation,dqv:QualityAnnotation,DQV,2,related,Quality feedback on a dataset; tier 2.,"Represents quality annotations, including ratings, quality certificates or feedback that can be associated to datasets or distributions. Quality annotations must have one oa:motivatedBy statement with an instance of oa:Motivation (and skos:Concept) that reflects a quality assessment purpose. We define this instance as dqv:qualityAssessment.",https://www.w3.org/ns/dqv.ttl,verified at source,lead
9,oht:HumanReview,https://w3id.org/semapv/vocab/MappingActivity,semapv:MappingActivity,SEMAPV,2,screened out,"Read in the shortlist; word overlap only, not a fit for the coined meaning.","A process that relates to the creation, confirmation, rejection or curation of a mapping.",https://w3id.org/semapv/vocab/,definition from source file,bm25
9,oht:HumanReview,https://w3id.org/vair#AssessingRiskOfOffending,https://w3id.org/vair#AssessingRiskOfOffending,VAIR,3,screened out,"Read in the shortlist; word overlap only, not a fit for the coined meaning.",Assessing the risk of a natural person offending,https://w3id.org/vair,definition from source file,bm25
9,oht:HumanReview,https://w3id.org/vair#AssessingHealthRisk,https://w3id.org/vair#AssessingHealthRisk,VAIR,3,screened out,"Read in the shortlist; word overlap only, not a fit for the coined meaning.",Assessing health risk posed by a person,https://w3id.org/vair,definition from source file,bm25
9,oht:HumanReview,https://w3id.org/vair#AssessingRiskOfReoffending,https://w3id.org/vair#AssessingRiskOfReoffending,VAIR,3,screened out,"Read in the shortlist; word overlap only, not a fit for the coined meaning.",Assessing the risk of a natural person re-offending,https://w3id.org/vair,definition from source file,bm25
9,oht:HumanReview,https://w3id.org/vair#AssessingSecurityRisk,https://w3id.org/vair#AssessingSecurityRisk,VAIR,3,screened out,"Read in the shortlist; word overlap only, not a fit for the coined meaning.",Assess security risk posed by a person,https://w3id.org/vair,definition from source file,bm25
9,oht:HumanReview,https://w3id.org/dpv#hasRecordOfActivity,dpv:hasRecordOfActivity,DPV core,2,screened out,"Read in the shortlist; word overlap only, not a fit for the coined meaning.",Indicates a relevant record of activity,https://w3id.org/dpv,definition from source file,bm25
9,oht:HumanReview,https://w3id.org/vair#AssessingRiskOfIrregularImmigration,https://w3id.org/vair#AssessingRiskOfIrregularImmigration,VAIR,3,screened out,"Read in the shortlist; word overlap only, not a fit for the coined meaning.",Assessing risk of irregular immigration posed by a person,https://w3id.org/vair,definition from source file,bm25
9,oht:HumanReview,https://schema.org/MediaReviewItem,schema:MediaReviewItem,schema.org,2,screened out,"Read in the shortlist; word overlap only, not a fit for the coined meaning.",Represents an item or group of closely related items treated as a unit for the sake of evaluation in a [[MediaReview]]. Authorship etc. apply to the items rather than to the curation/grouping or reviewing party.,https://schema.org/version/latest/schemaorg-current-https.ttl,definition from source file,bm25
9,oht:HumanReview,https://w3id.org/vair#AssessingPeopleRelatedRisk,https://w3id.org/vair#AssessingPeopleRelatedRisk,VAIR,3,screened out,"Read in the shortlist; word overlap only, not a fit for the coined meaning.","Assessing a risk, e.g. a security risk, a risk of irregular migration, or a health risk, posed by a natural person",https://w3id.org/vair,definition from source file,bm25
9,oht:HumanReview,https://w3id.org/dpv#ActivityMonitoring,dpv:ActivityMonitoring,DPV core,2,screened out,"Read in the shortlist; word overlap only, not a fit for the coined meaning.",Monitoring of activities including assessing whether they have been successfully initiated and completed,https://w3id.org/dpv,definition from source file,bm25
9,oht:HumanReview,https://w3id.org/vair#AssessingRiskOfBecomingVictimOfCrime,https://w3id.org/vair#AssessingRiskOfBecomingVictimOfCrime,VAIR,3,screened out,"Read in the shortlist; word overlap only, not a fit for the coined meaning.",Assessing risk of a natural person becoming the victim of criminal offences,https://w3id.org/vair,definition from source file,bm25
9,oht:HumanReview,https://w3id.org/semapv/vocab/ManualMappingCuration,semapv:ManualMappingCuration,SEMAPV,2,screened out,"Read in the shortlist; word overlap only, not a fit for the coined meaning.",A matching process that is performed by a human agent and is based on human judgement and domain knowledge.,https://w3id.org/semapv/vocab/,definition from source file,bm25
9,oht:HumanReview,https://w3id.org/vair#AssessingPersonalityTraits,https://w3id.org/vair#AssessingPersonalityTraits,VAIR,3,screened out,"Read in the shortlist; word overlap only, not a fit for the coined meaning.",Assessing personality of natural persons or groups,https://w3id.org/vair,definition from source file,bm25
9,oht:HumanReview,https://w3id.org/vair#AssessingLevelOfEducation,https://w3id.org/vair#AssessingLevelOfEducation,VAIR,3,screened out,"Read in the shortlist; word overlap only, not a fit for the coined meaning.",Assessing the appropriate level of education that an individual will receive,https://w3id.org/vair,definition from source file,bm25
9,oht:HumanReview,https://w3id.org/vair#PerformingBackgroundCheck,https://w3id.org/vair#PerformingBackgroundCheck,VAIR,3,screened out,"Read in the shortlist; word overlap only, not a fit for the coined meaning.",Performing background checks,https://w3id.org/vair,definition from source file,bm25
9,oht:HumanReview,http://www.w3.org/ns/oa#moderating,oa:moderating,Web Annotation,1,screened out,"Read in the shortlist; word overlap only, not a fit for the coined meaning.",The motivation for when the user intends to assign some value or quality to the Target.,https://www.w3.org/ns/oa.ttl,definition from source file,lead
10,oht:Session,http://www.w3.org/ns/prov#Activity,prov:Activity,PROV-O,1,super,The session as activity.,"An activity is something that occurs over a period of time and acts upon or with entities; it may include consuming, processing, transforming, modifying, relocating, using, or generating entities.",https://www.w3.org/ns/prov.ttl,verified at source,lead
10,oht:Session,http://www.w3.org/ns/prov#SoftwareAgent,prov:SoftwareAgent,PROV-O,1,exact,The model.,A software agent is running software.,https://www.w3.org/ns/prov.ttl,verified at source,bm25+lead
10,oht:Session,https://schema.org/Conversation,schema:Conversation,schema.org,2,exact,The transcript; RO-Crate's context names schema:Conversation.,One or more messages between organizations or people on a particular topic. Individual messages can be linked to the conversation with isPartOf or hasPart properties.,https://schema.org/version/latest/schemaorg-current-https.ttl,verified at source,bm25+lead
10,oht:Session,https://schema.org/CreateAction,schema:CreateAction,schema.org,2,related,RO-Crate precedent for a tool run; heavier than needed.,The act of deliberately creating/producing/generating/building a result out of the agent.,https://schema.org/version/latest/schemaorg-current-https.ttl,verified at source,lead
10,oht:Session,https://w3id.org/dpv/ai#LLM,https://w3id.org/dpv/ai#LLM,DPV AI,2,screened out,"Read in the shortlist; word overlap only, not a fit for the coined meaning.",Deep learning model that uses artificial neural networks trained on vast amounts of data to understand and generate natural language and other types of content to perform a wide range of tasks,https://w3id.org/dpv/ai,definition from source file,bm25
10,oht:Session,http://xmlns.com/foaf/0.1/Agent,foaf:Agent,FOAF,2,screened out,"Read in the shortlist; word overlap only, not a fit for the coined meaning.","An agent (eg. person, group, software or physical artifact).",http://xmlns.com/foaf/spec/index.rdf,definition from source file,bm25
10,oht:Session,http://www.w3.org/ns/prov#Agent,prov:Agent,PROV-O,1,screened out,"Read in the shortlist; word overlap only, not a fit for the coined meaning.","An agent is something that bears some form of responsibility for an activity taking place, for the existence of an entity, or for another agent's activity.",https://www.w3.org/ns/prov.ttl,definition from source file,bm25
10,oht:Session,https://w3id.org/dpv/ai#ChatbotCapability,https://w3id.org/dpv/ai#ChatbotCapability,DPV AI,2,screened out,"Read in the shortlist; word overlap only, not a fit for the coined meaning.","Capability to simulate human-like conversation with a user through messaging platforms, websites, mobile apps, or telephone systems, often employing natural language processing and machine learning to engage in conversation mimicking human interaction",https://w3id.org/dpv/ai,definition from source file,bm25
10,oht:Session,https://w3id.org/dpv/ai#AIAgent,https://w3id.org/dpv/ai#AIAgent,DPV AI,2,screened out,"Read in the shortlist; word overlap only, not a fit for the coined meaning.","An AI Agent, also known as an 'intelligent agent', is a software agent that utilises AI technologies",https://w3id.org/dpv/ai,definition from source file,bm25
10,oht:Session,http://www.w3.org/ns/prov#Association,prov:Association,PROV-O,1,screened out,"Read in the shortlist; word overlap only, not a fit for the coined meaning.","An activity association is an assignment of responsibility to an agent for an activity, indicating that the agent had a role in the activity. It further allows for a plan to be specified, which is the plan intended by the agent to achieve some goals in the context of this activity.",https://www.w3.org/ns/prov.ttl,definition from source file,bm25
10,oht:Session,http://purl.obolibrary.org/obo/IAO_0000025,obo:IAO_0000025,OBO IAO,2,screened out,"Read in the shortlist; word overlap only, not a fit for the coined meaning.","A language in which source code is written that is intended to be executed/run by a software interpreter. Programming languages are ways to write instructions that specify what to do, and sometimes, how to do it.",http://purl.obolibrary.org/obo/iao.owl,definition from source file,bm25
10,oht:Session,http://www.w3.org/ns/mls#hasOutput,mls:hasOutput,ML Schema,2,screened out,"Read in the shortlist; word overlap only, not a fit for the coined meaning.",A relation between a run and either a model or model evaluation that is produced on it’s output.,http://www.w3.org/ns/mls,definition from source file,bm25
10,oht:Session,https://schema.org/Message,schema:Message,schema.org,2,screened out,"Read in the shortlist; word overlap only, not a fit for the coined meaning.",A single message from a sender to one or more organizations or people.,https://schema.org/version/latest/schemaorg-current-https.ttl,definition from source file,bm25+lead
10,oht:Session,https://schema.org/EmailMessage,schema:EmailMessage,schema.org,2,screened out,"Read in the shortlist; word overlap only, not a fit for the coined meaning.",An email message.,https://schema.org/version/latest/schemaorg-current-https.ttl,definition from source file,bm25
10,oht:Session,https://schema.org/transcript,schema:transcript,schema.org,2,screened out,"Read in the shortlist; word overlap only, not a fit for the coined meaning.","If this MediaObject is an AudioObject or VideoObject, the transcript of that object.",https://schema.org/version/latest/schemaorg-current-https.ttl,definition from source file,bm25
10,oht:Session,https://w3id.org/dpv#MessageAuthenticationCodes,dpv:MessageAuthenticationCodes,DPV core,2,screened out,"Read in the shortlist; word overlap only, not a fit for the coined meaning.",Use of cryptographic methods to authenticate messages,https://w3id.org/dpv,definition from source file,bm25
10,oht:Session,http://www.w3.org/ns/prov#Attribution,prov:Attribution,PROV-O,1,screened out,"Read in the shortlist; word overlap only, not a fit for the coined meaning.","Attribution is the ascribing of an entity to an agent. When an entity e is attributed to agent ag, entity e was generated by some unspecified activity that in turn was associated to agent ag. Thus, this relation is useful when the activity is not known, or irrelevant.",https://www.w3.org/ns/prov.ttl,definition from source file,bm25
11,oht:family,http://purl.org/dc/terms/type,dcterms:type,DCMI Terms,1,exact,'The nature or genre of the resource.',The nature or genre of the resource.,https://www.dublincore.org/specifications/dublin-core/dcmi-terms/dublin_core_terms.ttl,verified at source,bm25+lead
11,oht:family,http://w3id.org/nkos/nkostype#taxonomy,nkostype:taxonomy,NKOS KOS Types,3,related,"Useful alignment target; tier 3, the namespace no longer resolves and the values exist only as an HTML list.",scheme of categories and subcategories that can be used to sort and otherwise organize items of knowledge or information,https://nkos.dublincore.org/nkos-type.html,definition verified in HTML; IRI inferred from the documented pattern,bm25+lead
11,oht:family,https://schema.org/additionalType,schema:additionalType,schema.org,2,related,schema.org's equivalent slot; optional.,"An additional type for the item, typically used for adding more specific types from external vocabularies in microdata syntax. This is a relationship between something and a class that the thing is in. Typically the value is a URI-identified RDF class, and in this case corresponds to the use of rdf:type in RDF. Text values can be used sparingly, for cases where useful information can be added without their being an appropriate schema to reference. In the case of text values, the class label should follow the schema.org <a href=""https://schema.org/docs/styleguide.html"">style guide</a>.",https://schema.org/version/latest/schemaorg-current-https.ttl,verified at source,lead
11,oht:family,http://www.w3.org/ns/dcat#themeTaxonomy,dcat:themeTaxonomy,DCAT 3,1,irrelevant,"Names the KOS a catalogue uses, not a scheme's kind.",The knowledge organization system (KOS) used to classify catalog's datasets.,https://www.w3.org/ns/dcat.ttl,verified at source,bm25
11,oht:family,https://schema.org/contactType,schema:contactType,schema.org,2,screened out,"Read in the shortlist; word overlap only, not a fit for the coined meaning.","A person or organization can have different contact points, for different purposes. For example, a sales contact point, a PR contact point and so on. This property is used to specify the kind of contact point.",https://schema.org/version/latest/schemaorg-current-https.ttl,definition from source file,bm25
11,oht:family,https://schema.org/genre,schema:genre,schema.org,2,screened out,"Read in the shortlist; word overlap only, not a fit for the coined meaning.","Genre of the creative work, broadcast channel or group.",https://schema.org/version/latest/schemaorg-current-https.ttl,definition from source file,bm25
11,oht:family,https://w3id.org/vair#Harm,https://w3id.org/vair#Harm,VAIR,3,screened out,"Read in the shortlist; word overlap only, not a fit for the coined meaning.","Harmful impacts associated with an AI system. The types of harms include physical, psychological, financial, and economic harms that may be compound with broader societal harms in certain cases.",https://w3id.org/vair,definition from source file,bm25
11,oht:family,https://schema.org/mapType,schema:mapType,schema.org,2,screened out,"Read in the shortlist; word overlap only, not a fit for the coined meaning.","Indicates the kind of Map, from the MapCategoryType Enumeration.",https://schema.org/version/latest/schemaorg-current-https.ttl,definition from source file,bm25
11,oht:family,https://w3id.org/dpv/risk#Harm,risk:Harm,DPV RISK,2,screened out,"Read in the shortlist; word overlap only, not a fit for the coined meaning.",Concept representing Harm to humans,https://w3id.org/dpv/risk,definition from source file,bm25
11,oht:family,https://w3id.org/dpv/risk#PsychologicalHarm,risk:PsychologicalHarm,DPV RISK,2,screened out,"Read in the shortlist; word overlap only, not a fit for the coined meaning.",Concept representing Psychological Harm,https://w3id.org/dpv/risk,definition from source file,bm25
11,oht:family,https://w3id.org/dpv/ai#ExpertSystem,https://w3id.org/dpv/ai#ExpertSystem,DPV AI,2,screened out,"Read in the shortlist; word overlap only, not a fit for the coined meaning.","AI system that accumulates, combines and encapsulates knowledge provided by a human expert or experts in a specific domain to infer solutions to problems (ISO/IEC 22989:2022 definition); Artificial intelligence system emulating human expert decision-making abilities, addressing complex problems through reasoning across knowledge bases primarily represented as if-then rules, and comprising two sub-systems: an inference engine for applying rules to known facts and deducing new facts, and a knowledge base containing facts and rules; potentially featuring explanation and debugging capabilities (EU Vocabularies' AI Taxonomy definition)",https://w3id.org/dpv/ai,definition from source file,bm25
11,oht:family,https://w3id.org/dpv/risk#PhysicalHarm,risk:PhysicalHarm,DPV RISK,2,screened out,"Read in the shortlist; word overlap only, not a fit for the coined meaning.",Concept representing physical harm to an individual or individual(s),https://w3id.org/dpv/risk,definition from source file,bm25
11,oht:family,https://schema.org/albumReleaseType,schema:albumReleaseType,schema.org,2,screened out,"Read in the shortlist; word overlap only, not a fit for the coined meaning.","The kind of release which this album is: single, EP or album.",https://schema.org/version/latest/schemaorg-current-https.ttl,definition from source file,bm25
11,oht:family,http://purl.org/dc/terms/DCMIType,dcterms:DCMIType,DCMI Terms,1,screened out,"Read in the shortlist; word overlap only, not a fit for the coined meaning.","The set of classes specified by the DCMI Type Vocabulary, used to categorize the nature or genre of the resource.",https://www.dublincore.org/specifications/dublin-core/dcmi-terms/dublin_core_terms.ttl,definition from source file,bm25
11,oht:family,https://schema.org/learningResourceType,schema:learningResourceType,schema.org,2,screened out,"Read in the shortlist; word overlap only, not a fit for the coined meaning.","The predominant type or kind characterizing the learning resource. For example, 'presentation', 'handout'.",https://schema.org/version/latest/schemaorg-current-https.ttl,definition from source file,bm25
11,oht:family,https://w3id.org/vair#PsychologicalHarm,https://w3id.org/vair#PsychologicalHarm,VAIR,3,screened out,"Read in the shortlist; word overlap only, not a fit for the coined meaning.",Represents negative impacts of AI on psychological health,https://w3id.org/vair,definition from source file,bm25
12,oht:classifies,http://rdf-vocabulary.ddialliance.org/xkos#covers,xkos:covers,XKOS,2,related,"The field a classification covers (online harms), which WEF and OpenAI share; the unit (harm versus content item) is what differs.","A classification covers a defined field: economic activity, occupations, living organisms, etc. ... The field covered should be represented by a skos:Concept",https://rdf-vocabulary.ddialliance.org/xkos.html (section 5),verified at source (specification text),bm25+lead
12,oht:classifies,http://rdf-vocabulary.ddialliance.org/discovery#analysisUnit,disco:analysisUnit,DDI Discovery,3,related,"Same idea for studies and variables; tier 3, domain Study/Variable.","This property links to the analysis unit of a Study, a StudyGroup, or a Variable.",http://rdf-vocabulary.ddialliance.org/discovery,verified at source,bm25+lead
12,oht:classifies,http://purl.org/dc/terms/subject,dcterms:subject,DCMI Terms,1,irrelevant,Topic.,A topic of the resource.,https://www.dublincore.org/specifications/dublin-core/dcmi-terms/dublin_core_terms.ttl,verified at source,lead
12,oht:classifies,http://rdf-vocabulary.ddialliance.org/discovery#AnalysisUnit,disco:AnalysisUnit,DDI Discovery,3,screened out,"Read in the shortlist; word overlap only, not a fit for the coined meaning.","The process collecting data is focusing on the analysis of a particular type of subject. If, for example, the adult population of Finland is being studied, the AnalysisUnit would be individuals or persons.",http://rdf-vocabulary.ddialliance.org/discovery,definition from source file,bm25
12,oht:classifies,http://rdf-vocabulary.ddialliance.org/xkos#classifiedUnder,xkos:classifiedUnder,XKOS,2,screened out,"Read in the shortlist; word overlap only, not a fit for the coined meaning.",,http://rdf-vocabulary.ddialliance.org/xkos,no definition in file,bm25
12,oht:classifies,http://rdf-vocabulary.ddialliance.org/xkos#coversExhaustively,xkos:coversExhaustively,XKOS,2,screened out,"Read in the shortlist; word overlap only, not a fit for the coined meaning.",,http://rdf-vocabulary.ddialliance.org/xkos,no definition in file,bm25
12,oht:classifies,http://w3id.org/nkos/nkostype#subject_heading_scheme,nkostype:subject_heading_scheme,NKOS KOS Types,3,screened out,"Read in the shortlist; word overlap only, not a fit for the coined meaning.","structured vocabulary comprising terms available for subject indexing, plus rules for combining them into pre-coordinated strings of terms where necessary",https://nkos.dublincore.org/nkos-type.html,definition from source file,bm25
12,oht:classifies,http://rdf-vocabulary.ddialliance.org/xkos#coversMutuallyExclusively,xkos:coversMutuallyExclusively,XKOS,2,screened out,"Read in the shortlist; word overlap only, not a fit for the coined meaning.",,http://rdf-vocabulary.ddialliance.org/xkos,no definition in file,bm25
12,oht:classifies,https://w3id.org/dpv/risk#Harm,risk:Harm,DPV RISK,2,screened out,"Read in the shortlist; word overlap only, not a fit for the coined meaning.",Concept representing Harm to humans,https://w3id.org/dpv/risk,definition from source file,bm25
12,oht:classifies,https://w3id.org/dpv/risk#PsychologicalHarm,risk:PsychologicalHarm,DPV RISK,2,screened out,"Read in the shortlist; word overlap only, not a fit for the coined meaning.",Concept representing Psychological Harm,https://w3id.org/dpv/risk,definition from source file,bm25
12,oht:classifies,https://schema.org/ComputerLanguage,schema:ComputerLanguage,schema.org,2,screened out,"Read in the shortlist; word overlap only, not a fit for the coined meaning.","This type covers computer programming languages such as Scheme and Lisp, as well as other language-like computer representations. Natural languages are best represented with the [[Language]] type.",https://schema.org/version/latest/schemaorg-current-https.ttl,definition from source file,bm25
12,oht:classifies,https://w3id.org/dpv/risk#hasRiskAnalysis,risk:hasRiskAnalysis,DPV RISK,2,screened out,"Read in the shortlist; word overlap only, not a fit for the coined meaning.",Associates the risk analysis,https://w3id.org/dpv/risk,definition from source file,bm25
12,oht:classifies,https://w3id.org/dpv/risk#PhysicalHarm,risk:PhysicalHarm,DPV RISK,2,screened out,"Read in the shortlist; word overlap only, not a fit for the coined meaning.",Concept representing physical harm to an individual or individual(s),https://w3id.org/dpv/risk,definition from source file,bm25
12,oht:classifies,https://w3id.org/vair#SentimentAnalysis,https://w3id.org/vair#SentimentAnalysis,VAIR,3,screened out,"Read in the shortlist; word overlap only, not a fit for the coined meaning.","Computationally identifying and categorizing opinions expressed in a piece of text, speech or image, to determine a range of feeling such as from positive to negative.",https://w3id.org/vair,definition from source file,bm25
12,oht:classifies,http://www.w3.org/ns/mls#Study,mls:Study,ML Schema,2,screened out,"Read in the shortlist; word overlap only, not a fit for the coined meaning.","Study is a collection of runs that belong together to do some kind of analysis on its results. This analysis can be general or very specific (e.g. a hypothesis test). Can be linked to files, data, that belong to it.",http://www.w3.org/ns/mls,definition from source file,bm25
12,oht:classifies,https://w3id.org/dpv/ai#SentimentAnalysis,https://w3id.org/dpv/ai#SentimentAnalysis,DPV AI,2,screened out,"Read in the shortlist; word overlap only, not a fit for the coined meaning.","Capability for computationally identifying and categorising opinions expressed in a piece of text, speech or image, to determine a range of feeling such as from positive to negative",https://w3id.org/dpv/ai,definition from source file,bm25
13,oht:purpose,http://purl.org/dc/terms/description,dcterms:description,DCMI Terms,1,super,'An account of the resource'; generic tools will show purpose as description.,An account of the resource.,https://www.dublincore.org/specifications/dublin-core/dcmi-terms/dublin_core_terms.ttl,verified at source,lead
13,oht:purpose,http://rdf-vocabulary.ddialliance.org/discovery#purpose,disco:purpose,DDI Discovery,3,related,Purpose of a study; tier 3.,The purpose of a Study of a StudyGroup.,http://rdf-vocabulary.ddialliance.org/discovery,verified at source,bm25
13,oht:purpose,http://purl.org/dc/terms/abstract,dcterms:abstract,DCMI Terms,1,related,"A summary, not a purpose.",A summary of the resource.,https://www.dublincore.org/specifications/dublin-core/dcmi-terms/dublin_core_terms.ttl,verified at source,lead
13,oht:purpose,https://schema.org/UseAction,schema:UseAction,schema.org,2,screened out,"Read in the shortlist; word overlap only, not a fit for the coined meaning.",The act of applying an object to its intended purpose.,https://schema.org/version/latest/schemaorg-current-https.ttl,definition from source file,bm25
13,oht:purpose,https://schema.org/MedicalDevicePurpose,schema:MedicalDevicePurpose,schema.org,2,screened out,"Read in the shortlist; word overlap only, not a fit for the coined meaning.","Categories of medical devices, organized by the purpose or intended use of the device.",https://schema.org/version/latest/schemaorg-current-https.ttl,definition from source file,bm25
13,oht:purpose,http://xmlns.com/foaf/0.1/aimChatID,foaf:aimChatID,FOAF,2,screened out,"Read in the shortlist; word overlap only, not a fit for the coined meaning.",An AIM chat ID,http://xmlns.com/foaf/spec/index.rdf,definition from source file,bm25
13,oht:purpose,https://w3id.org/airo#Misuse,https://w3id.org/airo#Misuse,AIRO,3,screened out,"Read in the shortlist; word overlap only, not a fit for the coined meaning.",The use of an AI system or component in a way that is not in accordance with its intended purpose.,https://w3id.org/airo,definition from source file,bm25
13,oht:purpose,https://w3id.org/vair#InstructionForUse,https://w3id.org/vair#InstructionForUse,VAIR,3,screened out,"Read in the shortlist; word overlap only, not a fit for the coined meaning.","The information provided by the provider to inform the deployer of, in particular, an AI system’s intended purpose and proper use.",https://w3id.org/vair,definition from source file,bm25
13,oht:purpose,http://www.w3.org/ns/odrl/2/assigner,odrl:assigner,ODRL,1,screened out,"Read in the shortlist; word overlap only, not a fit for the coined meaning.",The Party is the issuer of the Rule.,https://www.w3.org/ns/odrl/2/ODRL22.ttl,definition from source file,bm25
13,oht:purpose,https://schema.org/educationalUse,schema:educationalUse,schema.org,2,screened out,"Read in the shortlist; word overlap only, not a fit for the coined meaning.","The purpose of a work in the context of education; for example, 'assignment', 'group work'.",https://schema.org/version/latest/schemaorg-current-https.ttl,definition from source file,bm25
13,oht:purpose,https://schema.org/potentialUse,schema:potentialUse,schema.org,2,screened out,"Read in the shortlist; word overlap only, not a fit for the coined meaning.",Intended use of the BioChemEntity by humans.,https://schema.org/version/latest/schemaorg-current-https.ttl,definition from source file,bm25
13,oht:purpose,https://w3id.org/dpv#AINotice,dpv:AINotice,DPV core,2,screened out,"Read in the shortlist; word overlap only, not a fit for the coined meaning.",A notice providing information regarding the particulars of an AI system such as its intended purpose and proper use,https://w3id.org/dpv,definition from source file,bm25
13,oht:purpose,http://www.w3.org/2004/02/skos/core#inScheme,skos:inScheme,SKOS,1,screened out,"Read in the shortlist; word overlap only, not a fit for the coined meaning.",Relates a resource (for example a concept) to a concept scheme in which it is included.,http://www.w3.org/2004/02/skos/core.rdf,definition from source file,bm25
13,oht:purpose,https://w3id.org/vair#InformationProvision,https://w3id.org/vair#InformationProvision,VAIR,3,screened out,"Read in the shortlist; word overlap only, not a fit for the coined meaning.","Providing information to inform the user of in particular an AI system’s intended purpose and proper use, inclusive of the specific geographical, behavioural or functional setting within which the AI system is intended to be used.",https://w3id.org/vair,definition from source file,bm25
13,oht:purpose,https://w3id.org/dpv#hasPurpose,dpv:hasPurpose,DPV core,2,screened out,"Read in the shortlist; word overlap only, not a fit for the coined meaning.",Indicates association with Purpose,https://w3id.org/dpv,definition from source file,bm25
13,oht:purpose,http://www.w3.org/2004/02/skos/core#topConceptOf,skos:topConceptOf,SKOS,1,screened out,"Read in the shortlist; word overlap only, not a fit for the coined meaning.",Relates a concept to the concept scheme that it is a top level concept of.,http://www.w3.org/2004/02/skos/core.rdf,definition from source file,bm25
13,oht:purpose,http://www.w3.org/ns/oa#hasPurpose,oa:hasPurpose,Web Annotation,1,screened out,"Read in the shortlist; word overlap only, not a fit for the coined meaning.",The purpose served by the resource in the Annotation.,https://www.w3.org/ns/oa.ttl,definition from source file,bm25
14,oht:legalStatus,http://data.europa.eu/eli/ontology#in_force,eli:in_force,ELI,2,related,"In force / not in force, for legal resources only.",A value indicating the legal force of a legal resource or a legal expression. A set of values is defined by ELI in the corresponding concept scheme. These values are : - in force - partially in force - not in force,http://data.europa.eu/eli/ontology,verified at source,bm25+lead
14,oht:legalStatus,https://schema.org/legislationLegalForce,schema:legislationLegalForce,schema.org,2,related,"Same as ELI's, for schema.org Legislation.","Whether the legislation is currently in force, not in force, or partially in force.",https://schema.org/version/latest/schemaorg-current-https.ttl,verified at source,bm25
14,oht:legalStatus,http://www.w3.org/ns/adms#status,adms:status,ADMS,2,irrelevant,"Lifecycle status, orthogonal.",The status of the Asset in the context of a particular workflow process.,https://www.w3.org/ns/adms.ttl,verified at source,lead
14,oht:legalStatus,https://schema.org/LegalForceStatus,schema:LegalForceStatus,schema.org,2,screened out,"Read in the shortlist; word overlap only, not a fit for the coined meaning.",A list of possible statuses for the legal force of a legislation.,https://schema.org/version/latest/schemaorg-current-https.ttl,definition from source file,bm25
14,oht:legalStatus,http://purl.org/ontology/bibo/status,bibo:status,BIBO,2,screened out,"Read in the shortlist; word overlap only, not a fit for the coined meaning.",The publication status of (typically academic) content.,http://purl.org/ontology/bibo/,definition from source file,bm25
14,oht:legalStatus,http://data.europa.eu/eli/ontology#InForce,eli:InForce,ELI,2,screened out,"Read in the shortlist; word overlap only, not a fit for the coined meaning.",Formally defined as the set of skos:Concept in concept scheme eli:InForceTable,http://data.europa.eu/eli/ontology,definition from source file,bm25
14,oht:legalStatus,http://data.europa.eu/eli/ontology#InForce-inForce,eli:InForce-inForce,ELI,2,screened out,"Read in the shortlist; word overlap only, not a fit for the coined meaning.",Indicates that a legal resource is in force.,http://data.europa.eu/eli/ontology,definition from source file,bm25
14,oht:legalStatus,http://data.europa.eu/eli/ontology#InForce-notInForce,eli:InForce-notInForce,ELI,2,screened out,"Read in the shortlist; word overlap only, not a fit for the coined meaning.",Indicates that a legal resource is currently not in force.,http://data.europa.eu/eli/ontology,definition from source file,bm25
14,oht:legalStatus,https://schema.org/legalStatus,schema:legalStatus,schema.org,2,screened out,"Read in the shortlist; word overlap only, not a fit for the coined meaning.","The drug or supplement's legal status, including any controlled substance schedules that apply.",https://schema.org/version/latest/schemaorg-current-https.ttl,definition from source file,bm25
14,oht:legalStatus,http://data.europa.eu/eli/ontology#first_date_entry_in_force,eli:first_date_entry_in_force,ELI,2,screened out,"Read in the shortlist; word overlap only, not a fit for the coined meaning.",The first date any part of the legal resource or legal expression came into force (can be seen as the start date of a dc:valid range for this resource),http://data.europa.eu/eli/ontology,definition from source file,bm25
14,oht:legalStatus,http://data.europa.eu/eli/ontology#InForce-partiallyInForce,eli:InForce-partiallyInForce,ELI,2,screened out,"Read in the shortlist; word overlap only, not a fit for the coined meaning.","Indicates that parts of the legal resource are in force, and parts are not.",http://data.europa.eu/eli/ontology,definition from source file,bm25
14,oht:legalStatus,https://w3id.org/dpv#LegalAgreement,dpv:LegalAgreement,DPV core,2,screened out,"Read in the shortlist; word overlap only, not a fit for the coined meaning.",A legally binding agreement,https://w3id.org/dpv,definition from source file,bm25
14,oht:legalStatus,https://w3id.org/dpv#LegalCompliance,dpv:LegalCompliance,DPV core,2,screened out,"Read in the shortlist; word overlap only, not a fit for the coined meaning.",Purposes associated with carrying out data processing to fulfill a legal or statutory obligation,https://w3id.org/dpv,definition from source file,bm25
14,oht:legalStatus,http://data.europa.eu/eli/ontology#commences,eli:commences,ELI,2,screened out,"Read in the shortlist; word overlap only, not a fit for the coined meaning.",Indicates that this legal resource sets another legal resource into force. Note the the date of entry into force of the other resource should be modified accordingly. Note also that it is not possible to indicate when the entry into force should happen.,http://data.europa.eu/eli/ontology,definition from source file,bm25
14,oht:legalStatus,http://data.europa.eu/eli/ontology#InForceTable,eli:InForceTable,ELI,2,screened out,"Read in the shortlist; word overlap only, not a fit for the coined meaning.",A set of values for the legal force of a resource. ELI includes a set of values for this table.,http://data.europa.eu/eli/ontology,definition from source file,bm25
14,oht:legalStatus,http://data.europa.eu/eli/ontology#commenced_by,eli:commenced_by,ELI,2,screened out,"Read in the shortlist; word overlap only, not a fit for the coined meaning.","Inverse of ""commences"". Indicates that this legal resource was set in force by another legal resource. Situations where a resource enters into force because of more than one resource are explicitely allowed.",http://data.europa.eu/eli/ontology,definition from source file,bm25
15,oht:statusDate,http://purl.org/dc/terms/date,dcterms:date,DCMI Terms,1,super,'A point or period of time associated with an event in the lifecycle of the resource.',A point or period of time associated with an event in the lifecycle of the resource.,https://www.dublincore.org/specifications/dublin-core/dcmi-terms/dublin_core_terms.ttl,verified at source,lead
15,oht:statusDate,http://purl.org/dc/terms/modified,dcterms:modified,DCMI Terms,1,related,Last content change; can differ from status change.,Date on which the resource was changed.,https://www.dublincore.org/specifications/dublin-core/dcmi-terms/dublin_core_terms.ttl,verified at source,bm25+lead
15,oht:statusDate,http://purl.org/dc/terms/valid,dcterms:valid,DCMI Terms,1,related,Validity range.,Date (often a range) of validity of a resource.,https://www.dublincore.org/specifications/dublin-core/dcmi-terms/dublin_core_terms.ttl,verified at source,bm25+lead
15,oht:statusDate,https://schema.org/dateModified,schema:dateModified,schema.org,2,screened out,"Read in the shortlist; word overlap only, not a fit for the coined meaning.",The date on which the CreativeWork was most recently modified or when the item's entry was modified within a DataFeed.,https://schema.org/version/latest/schemaorg-current-https.ttl,definition from source file,bm25
15,oht:statusDate,https://schema.org/validFrom,schema:validFrom,schema.org,2,screened out,"Read in the shortlist; word overlap only, not a fit for the coined meaning.",The date when the item becomes valid.,https://schema.org/version/latest/schemaorg-current-https.ttl,definition from source file,bm25
15,oht:statusDate,https://schema.org/validUntil,schema:validUntil,schema.org,2,screened out,"Read in the shortlist; word overlap only, not a fit for the coined meaning.",The date when the item is no longer valid.,https://schema.org/version/latest/schemaorg-current-https.ttl,definition from source file,bm25
15,oht:statusDate,https://schema.org/validThrough,schema:validThrough,schema.org,2,screened out,"Read in the shortlist; word overlap only, not a fit for the coined meaning.","The date after when the item is not valid. For example the end of an offer, salary period, or a period of opening hours.",https://schema.org/version/latest/schemaorg-current-https.ttl,definition from source file,bm25
15,oht:statusDate,https://schema.org/modifiedTime,schema:modifiedTime,schema.org,2,screened out,"Read in the shortlist; word overlap only, not a fit for the coined meaning.",The date and time the reservation was modified.,https://schema.org/version/latest/schemaorg-current-https.ttl,definition from source file,bm25
15,oht:statusDate,https://schema.org/priceValidUntil,schema:priceValidUntil,schema.org,2,screened out,"Read in the shortlist; word overlap only, not a fit for the coined meaning.",The date after which the price is no longer available.,https://schema.org/version/latest/schemaorg-current-https.ttl,definition from source file,bm25
15,oht:statusDate,http://data.europa.eu/eli/ontology#version_date,eli:version_date,ELI,2,screened out,"Read in the shortlist; word overlap only, not a fit for the coined meaning.",The point-in-time at which the provided description of the legislation is valid.,http://data.europa.eu/eli/ontology,definition from source file,bm25
15,oht:statusDate,https://schema.org/purchaseDate,schema:purchaseDate,schema.org,2,screened out,"Read in the shortlist; word overlap only, not a fit for the coined meaning.","The date the item, e.g. vehicle, was purchased by the current owner.",https://schema.org/version/latest/schemaorg-current-https.ttl,definition from source file,bm25
15,oht:statusDate,https://schema.org/legislationDateVersion,schema:legislationDateVersion,schema.org,2,screened out,"Read in the shortlist; word overlap only, not a fit for the coined meaning.","The point-in-time at which the provided description of the legislation is valid (e.g.: when looking at the law on the 2016-04-07 (= dateVersion), I get the consolidation of 2015-04-12 of the ""National Insurance Contributions Act 2015"")",https://schema.org/version/latest/schemaorg-current-https.ttl,definition from source file,bm25
15,oht:statusDate,https://schema.org/reservationStatus,schema:reservationStatus,schema.org,2,screened out,"Read in the shortlist; word overlap only, not a fit for the coined meaning.",The current status of the reservation.,https://schema.org/version/latest/schemaorg-current-https.ttl,definition from source file,bm25
15,oht:statusDate,https://schema.org/orderStatus,schema:orderStatus,schema.org,2,screened out,"Read in the shortlist; word overlap only, not a fit for the coined meaning.",The current status of the order.,https://schema.org/version/latest/schemaorg-current-https.ttl,definition from source file,bm25
15,oht:statusDate,https://schema.org/actionStatus,schema:actionStatus,schema.org,2,screened out,"Read in the shortlist; word overlap only, not a fit for the coined meaning.",Indicates the current disposition of the Action.,https://schema.org/version/latest/schemaorg-current-https.ttl,definition from source file,bm25
15,oht:statusDate,https://w3id.org/dpv#ConsentStatusValidForProcessing,dpv:ConsentStatusValidForProcessing,DPV core,2,screened out,"Read in the shortlist; word overlap only, not a fit for the coined meaning.",States of consent that can be used as valid justifications for processing data,https://w3id.org/dpv,definition from source file,bm25
16,oht:sunsetDate,https://schema.org/expires,schema:expires,schema.org,2,exact,"'Date the content expires and is no longer useful or available.' Its domain is CreativeWork (and Certification), which covers a scheme but not a service such as an API.","Date the content expires and is no longer useful or available. For example a [[VideoObject]] or [[NewsArticle]] whose availability or relevance is time-limited, a [[ClaimReview]] fact check whose publisher wants to indicate that it may no longer be relevant (or helpful to highlight) after some date, or a [[Certification]] the validity has expired.",https://schema.org/version/latest/schemaorg-current-https.ttl,verified at source,bm25+lead
16,oht:sunsetDate,http://purl.org/dc/terms/valid,dcterms:valid,DCMI Terms,1,related,A validity range; harder to query.,Date (often a range) of validity of a resource.,https://www.dublincore.org/specifications/dublin-core/dcmi-terms/dublin_core_terms.ttl,verified at source,lead
16,oht:sunsetDate,http://data.europa.eu/eli/ontology#date_no_longer_in_force,eli:date_no_longer_in_force,ELI,2,related,For legislation only.,"The last date any part of the legislation is in force, if the date is known (can be seen as the end date of a dc:valid range for this resource).",http://data.europa.eu/eli/ontology,verified at source,bm25+lead
16,oht:sunsetDate,https://schema.org/endDate,schema:endDate,schema.org,2,related,End of an event or period.,The end date and time of the item (in [ISO 8601 date format](http://en.wikipedia.org/wiki/ISO_8601)).,https://schema.org/version/latest/schemaorg-current-https.ttl,verified at source,bm25+lead
16,oht:sunsetDate,https://schema.org/availableThrough,schema:availableThrough,schema.org,2,screened out,"Read in the shortlist; word overlap only, not a fit for the coined meaning.","After this date, the item will no longer be available for pickup.",https://schema.org/version/latest/schemaorg-current-https.ttl,definition from source file,bm25
16,oht:sunsetDate,https://schema.org/priceValidUntil,schema:priceValidUntil,schema.org,2,screened out,"Read in the shortlist; word overlap only, not a fit for the coined meaning.",The date after which the price is no longer available.,https://schema.org/version/latest/schemaorg-current-https.ttl,definition from source file,bm25
16,oht:sunsetDate,http://www.w3.org/ns/dcat#endDate,dcat:endDate,DCAT 3,1,screened out,"Read in the shortlist; word overlap only, not a fit for the coined meaning.",The end of the period.,https://www.w3.org/ns/dcat.ttl,definition from source file,bm25
16,oht:sunsetDate,http://purl.org/dc/terms/available,dcterms:available,DCMI Terms,1,screened out,"Read in the shortlist; word overlap only, not a fit for the coined meaning.",Date that the resource became or will become available.,https://www.dublincore.org/specifications/dublin-core/dcmi-terms/dublin_core_terms.ttl,definition from source file,bm25
16,oht:sunsetDate,https://schema.org/availableService,schema:availableService,schema.org,2,screened out,"Read in the shortlist; word overlap only, not a fit for the coined meaning.",A medical service available from this provider.,https://schema.org/version/latest/schemaorg-current-https.ttl,definition from source file,bm25
16,oht:sunsetDate,http://www.w3.org/ns/oa#sourceDateEnd,oa:sourceDateEnd,Web Annotation,1,screened out,"Read in the shortlist; word overlap only, not a fit for the coined meaning.",The end timestamp of the interval over which the Source resource should be interpreted as being applicable to the Annotation.,https://www.w3.org/ns/oa.ttl,definition from source file,bm25
16,oht:sunsetDate,http://rdf-vocabulary.ddialliance.org/discovery#endDate,disco:endDate,DDI Discovery,3,screened out,"Read in the shortlist; word overlap only, not a fit for the coined meaning.","Defines the end date of a period of time. Please note that this property is a feature at risk, since the domain is not a class of Disco. Maintainers of the domain ontology may define their own property.",http://rdf-vocabulary.ddialliance.org/discovery,definition from source file,bm25
16,oht:sunsetDate,http://www.w3.org/ns/dcat#endpointDescription,dcat:endpointDescription,DCAT 3,1,screened out,"Read in the shortlist; word overlap only, not a fit for the coined meaning.","A description of the service end-point, including its operations, parameters etc.",https://www.w3.org/ns/dcat.ttl,definition from source file,bm25
16,oht:sunsetDate,http://www.w3.org/ns/dcat#endpointURL,dcat:endpointURL,DCAT 3,1,screened out,"Read in the shortlist; word overlap only, not a fit for the coined meaning.",The root location or primary endpoint of the service (a web-resolvable IRI).,https://www.w3.org/ns/dcat.ttl,definition from source file,bm25
16,oht:sunsetDate,http://www.w3.org/2006/time#after,http://www.w3.org/2006/time#after,OWL-Time,1,screened out,"Read in the shortlist; word overlap only, not a fit for the coined meaning.","Gives directionality to time. If a temporal entity T1 is after another temporal entity T2, then the beginning of T1 is after the end of T2.",https://www.w3.org/2006/time.ttl,definition from source file,bm25
16,oht:sunsetDate,https://schema.org/validThrough,schema:validThrough,schema.org,2,screened out,"Read in the shortlist; word overlap only, not a fit for the coined meaning.","The date after when the item is not valid. For example the end of an offer, salary period, or a period of opening hours.",https://schema.org/version/latest/schemaorg-current-https.ttl,definition from source file,bm25
16,oht:sunsetDate,http://www.w3.org/ns/prov#End,prov:End,PROV-O,1,screened out,"Read in the shortlist; word overlap only, not a fit for the coined meaning.","End is when an activity is deemed to have been ended by an entity, known as trigger. The activity no longer exists after its end. Any usage, generation, or invalidation involving an activity precedes the activity's end. An end may refer to a trigger entity that terminated the activity, or to an activity, known as ender that generated the trigger.",https://www.w3.org/ns/prov.ttl,definition from source file,bm25
17,oht:severityEncoding,http://www.w3.org/2004/02/skos/core#note,skos:note,SKOS,1,related,Prose; the value is structured and filtered on.,"A general note, for any purpose.",http://www.w3.org/2004/02/skos/core.rdf,verified at source,lead
17,oht:severityEncoding,https://w3id.org/dpv/risk#HighSeverity,risk:HighSeverity,DPV RISK,2,related,"DPV has severity levels (values), not where severity is encoded.",Level where Severity is High,https://w3id.org/dpv/risk,verified at source,bm25
17,oht:severityEncoding,https://schema.org/Residence,schema:Residence,schema.org,2,screened out,"Read in the shortlist; word overlap only, not a fit for the coined meaning.",The place where a person lives.,https://schema.org/version/latest/schemaorg-current-https.ttl,definition from source file,bm25
17,oht:severityEncoding,https://schema.org/encodingType,schema:encodingType,schema.org,2,screened out,"Read in the shortlist; word overlap only, not a fit for the coined meaning.",The supported encoding type(s) for an EntryPoint request.,https://schema.org/version/latest/schemaorg-current-https.ttl,definition from source file,bm25
17,oht:severityEncoding,https://schema.org/encoding,schema:encoding,schema.org,2,screened out,"Read in the shortlist; word overlap only, not a fit for the coined meaning.",A media object that encodes this CreativeWork. This property is a synonym for associatedMedia.,https://schema.org/version/latest/schemaorg-current-https.ttl,definition from source file,bm25
17,oht:severityEncoding,http://purl.org/linked-data/cube#hierarchyRoot,qb:hierarchyRoot,RDF Data Cube,1,screened out,"Read in the shortlist; word overlap only, not a fit for the coined meaning.",Specifies a root of the hierarchy. A hierarchy may have multiple roots but must have at least one.,http://purl.org/linked-data/cube,definition from source file,bm25
17,oht:severityEncoding,https://w3id.org/dpv/risk#ModerateSeverity,risk:ModerateSeverity,DPV RISK,2,screened out,"Read in the shortlist; word overlap only, not a fit for the coined meaning.",Level where Severity is Moderate,https://w3id.org/dpv/risk,definition from source file,bm25
17,oht:severityEncoding,https://w3id.org/dpv/risk#LowSeverity,risk:LowSeverity,DPV RISK,2,screened out,"Read in the shortlist; word overlap only, not a fit for the coined meaning.",Level where Severity is Low,https://w3id.org/dpv/risk,definition from source file,bm25
17,oht:severityEncoding,http://www.w3.org/ns/org#classification,http://www.w3.org/ns/org#classification,ORG,1,screened out,"Read in the shortlist; word overlap only, not a fit for the coined meaning.",Indicates a classification for this Organization within some classification scheme. Extension vocabularies may wish to specialize this property to have a range corresponding to a specific `skos:ConceptScheme`. This property is under discussion and may be revised or removed - in many cases organizations are best categorized by defining a sub-class hierarchy in an extension vocabulary.,https://www.w3.org/ns/org.ttl,definition from source file,bm25
17,oht:severityEncoding,http://www.w3.org/2004/02/skos/core#inScheme,skos:inScheme,SKOS,1,screened out,"Read in the shortlist; word overlap only, not a fit for the coined meaning.",Relates a resource (for example a concept) to a concept scheme in which it is included.,http://www.w3.org/2004/02/skos/core.rdf,definition from source file,bm25
17,oht:severityEncoding,http://purl.org/dc/terms/Period,dcterms:Period,DCMI Terms,1,screened out,"Read in the shortlist; word overlap only, not a fit for the coined meaning.",The set of time intervals defined by their limits according to the DCMI Period Encoding Scheme.,https://www.dublincore.org/specifications/dublin-core/dcmi-terms/dublin_core_terms.ttl,definition from source file,bm25
17,oht:severityEncoding,http://purl.org/dc/terms/Point,dcterms:Point,DCMI Terms,1,screened out,"Read in the shortlist; word overlap only, not a fit for the coined meaning.",The set of points in space defined by their geographic coordinates according to the DCMI Point Encoding Scheme.,https://www.dublincore.org/specifications/dublin-core/dcmi-terms/dublin_core_terms.ttl,definition from source file,bm25
17,oht:severityEncoding,http://purl.org/dc/terms/Box,dcterms:Box,DCMI Terms,1,screened out,"Read in the shortlist; word overlap only, not a fit for the coined meaning.",The set of regions in space defined by their geographic coordinates according to the DCMI Box Encoding Scheme.,https://www.dublincore.org/specifications/dublin-core/dcmi-terms/dublin_core_terms.ttl,definition from source file,bm25
17,oht:severityEncoding,https://schema.org/encodingFormat,schema:encodingFormat,schema.org,2,screened out,"Read in the shortlist; word overlap only, not a fit for the coined meaning.","Media type typically expressed using a MIME format (see [IANA site](http://www.iana.org/assignments/media-types/media-types.xhtml) and [MDN reference](https://developer.mozilla.org/en-US/docs/Web/HTTP/Basics_of_HTTP/MIME_types)), e.g. application/zip for a SoftwareApplication binary, audio/mpeg for .mp3 etc. In cases where a [[CreativeWork]] has several media type representations, [[encoding]] can be used to indicate each [[MediaObject]] alongside particular [[encodingFormat]] information. Unregistered or niche encoding and file formats can be indicated instead via the most appropriate URL, e.g. defining Web page or a Wikipedia/Wikidata entry.",https://schema.org/version/latest/schemaorg-current-https.ttl,definition from source file,bm25
17,oht:severityEncoding,https://w3id.org/dpv/risk#VeryLowSeverity,risk:VeryLowSeverity,DPV RISK,2,screened out,"Read in the shortlist; word overlap only, not a fit for the coined meaning.",Level where Severity is Very Low,https://w3id.org/dpv/risk,definition from source file,bm25
17,oht:severityEncoding,https://w3id.org/dpv/risk#VeryHighSeverity,risk:VeryHighSeverity,DPV RISK,2,screened out,"Read in the shortlist; word overlap only, not a fit for the coined meaning.",Level where Severity is Very High,https://w3id.org/dpv/risk,definition from source file,bm25
18,oht:hasConcept,https://schema.org/hasDefinedTerm,schema:hasDefinedTerm,schema.org,2,exact,'A Defined Term contained in this term set'; requires typing the scheme schema:DefinedTermSet. In current schema.org core (not pending); absent from LOV's 2020 copy.,A Defined Term contained in this term set.,https://schema.org/version/latest/schemaorg-current-https.ttl,verified at source,bm25+lead
18,oht:hasConcept,http://www.w3.org/2004/02/skos/core#inScheme,skos:inScheme,SKOS,1,exact,"The standard link, from concept to scheme.",Relates a resource (for example a concept) to a concept scheme in which it is included.,http://www.w3.org/2004/02/skos/core.rdf,verified at source,lead
18,oht:hasConcept,http://www.w3.org/2004/02/skos/core#hasTopConcept,skos:hasTopConcept,SKOS,1,related,Top concepts only.,"Relates, by convention, a concept scheme to a concept which is topmost in the broader/narrower concept hierarchies for that scheme, providing an entry point to these hierarchies.",http://www.w3.org/2004/02/skos/core.rdf,verified at source,bm25+lead
18,oht:hasConcept,http://data.europa.eu/eli/ontology#WorkType,eli:WorkType,ELI,2,screened out,"Read in the shortlist; word overlap only, not a fit for the coined meaning.",,http://data.europa.eu/eli/ontology,no definition in file,bm25
18,oht:hasConcept,http://purl.org/skos-history/isVersionHistoryOf,sh:isVersionHistoryOf,skos-history,3,screened out,"Read in the shortlist; word overlap only, not a fit for the coined meaning.","Links the version history set to the skos concept scheme it is about. (Preliminary, may be better located in dsv ontology.)",http://purl.org/skos-history/,definition from source file,bm25
18,oht:hasConcept,http://www.w3.org/ns/org#hasMember,http://www.w3.org/ns/org#hasMember,ORG,1,screened out,"Read in the shortlist; word overlap only, not a fit for the coined meaning.","Indicates a person who is a member of the subject Organization. Inverse of `org:memberOf`, see that property for further clarification. Provided for compatibility with `foaf:member`.",https://www.w3.org/ns/org.ttl,definition from source file,bm25
18,oht:hasConcept,http://data.europa.eu/eli/ontology#version,eli:version,ELI,2,screened out,"Read in the shortlist; word overlap only, not a fit for the coined meaning.","A skos concept scheme, could be locally defined? Group proposal is to start with an initial ELI scheme, that might include concepts of ""Official Journal"" ""made"" ""consolidated"" ""proposed"" ""prospective""",http://data.europa.eu/eli/ontology,definition from source file,bm25
18,oht:hasConcept,http://data.europa.eu/eli/ontology#Version,eli:Version,ELI,2,screened out,"Read in the shortlist; word overlap only, not a fit for the coined meaning.",Formally defined as the set of skos:Concept in concept scheme eli:VersionTable,http://data.europa.eu/eli/ontology,definition from source file,bm25
18,oht:hasConcept,http://data.europa.eu/eli/ontology#InForce,eli:InForce,ELI,2,screened out,"Read in the shortlist; word overlap only, not a fit for the coined meaning.",Formally defined as the set of skos:Concept in concept scheme eli:InForceTable,http://data.europa.eu/eli/ontology,definition from source file,bm25
18,oht:hasConcept,http://www.w3.org/ns/org#member,http://www.w3.org/ns/org#member,ORG,1,screened out,"Read in the shortlist; word overlap only, not a fit for the coined meaning.",Indicates the Person (or other Agent including Organization) involved in the Membership relationship. Inverse of `org:hasMembership`,https://www.w3.org/ns/org.ttl,definition from source file,bm25
18,oht:hasConcept,http://data.europa.eu/eli/ontology#Language,eli:Language,ELI,2,screened out,"Read in the shortlist; word overlap only, not a fit for the coined meaning.",Formally defined as the set of skos:Concept in concept scheme http://publications.europa.eu/resource/authority/language,http://data.europa.eu/eli/ontology,definition from source file,bm25
18,oht:hasConcept,http://purl.org/skos-history/SchemeDelta,sh:SchemeDelta,skos-history,3,screened out,"Read in the shortlist; word overlap only, not a fit for the coined meaning.",The delta of two versions of a SKOS concept scheme.,http://purl.org/skos-history/,definition from source file,bm25
18,oht:hasConcept,http://data.europa.eu/eli/ontology#SubdivisionType,eli:SubdivisionType,ELI,2,screened out,"Read in the shortlist; word overlap only, not a fit for the coined meaning.",Formally defined as the set of skos:Concept in concept scheme eli:SubdivisionTypeTable,http://data.europa.eu/eli/ontology,definition from source file,bm25
18,oht:hasConcept,http://data.europa.eu/eli/ontology#ResourceType,eli:ResourceType,ELI,2,screened out,"Read in the shortlist; word overlap only, not a fit for the coined meaning.",Formally defined as the set of skos:Concept in concept scheme eli:ResourceTypeTable,http://data.europa.eu/eli/ontology,definition from source file,bm25
18,oht:hasConcept,http://data.europa.eu/eli/ontology#LegalValue,eli:LegalValue,ELI,2,screened out,"Read in the shortlist; word overlap only, not a fit for the coined meaning.",Formally defined as the set of skos:Concept in concept scheme eli:LegalValueTable,http://data.europa.eu/eli/ontology,definition from source file,bm25
18,oht:hasConcept,http://data.europa.eu/eli/ontology#FormatType,eli:FormatType,ELI,2,screened out,"Read in the shortlist; word overlap only, not a fit for the coined meaning.",Formally defined as the set of skos:Concept in concept scheme eli:MediaTypeTable.,http://data.europa.eu/eli/ontology,definition from source file,bm25
18,oht:hasConcept,http://purl.org/dc/terms/hasPart,dcterms:hasPart,DCMI Terms,1,screened out,"Read in the shortlist; word overlap only, not a fit for the coined meaning.",A related resource that is included either physically or logically in the described resource.,https://www.dublincore.org/specifications/dublin-core/dcmi-terms/dublin_core_terms.ttl,definition from source file,lead
18,oht:hasConcept,http://www.w3.org/2004/02/skos/core#member,skos:member,SKOS,1,screened out,"Read in the shortlist; word overlap only, not a fit for the coined meaning.",Relates a collection to one of its members.,http://www.w3.org/2004/02/skos/core.rdf,definition from source file,lead
19,oht:primarySource,http://www.w3.org/ns/prov#hadPrimarySource,prov:hadPrimarySource,PROV-O,1,exact,A source produced by an agent with direct knowledge; the issuer's PDF is that.,"[definition of prov:PrimarySource] A primary source for a topic refers to something produced by some agent with direct experience and knowledge about the topic, at the time of the topic's study, without benefit from hindsight. Because of the directness of primary sources, they 'speak for themselves' in ways that cannot be captured through the filter of secondary sources. As such, it is important for secondary sources to reference those primary sources from which they were derived, so that their reliability can be investigated. A primary source relation is a particular case of derivation of secondary materials from their primary sources. It is recognized that the determination of primary sources can be up to interpretation, and should be done according to conventions accepted within the application's domain.",https://www.w3.org/ns/prov.ttl,verified at source (definition carried by the qualified class),bm25+lead
19,oht:primarySource,http://purl.org/spar/cito/citesAsAuthority,cito:citesAsAuthority,CiTO,2,exact,'cites the cited entity as one that provides an authoritative description or definition'.,A relation according to which the citing entity cites the cited entity as one that provides an authoritative description or definition of the subject under discussion.,http://purl.org/spar/cito,verified at source,bm25+lead
19,oht:primarySource,http://purl.org/dc/terms/source,dcterms:source,DCMI Terms,1,related,Any source the resource derives from.,A related resource from which the described resource is derived.,https://www.dublincore.org/specifications/dublin-core/dcmi-terms/dublin_core_terms.ttl,verified at source,lead
19,oht:primarySource,http://purl.org/spar/cito/citesAsDataSource,cito:citesAsDataSource,CiTO,2,screened out,"Read in the shortlist; word overlap only, not a fit for the coined meaning.",A relation according to which the citing entity cites the cited entity as source of data.,http://purl.org/spar/cito,definition from source file,bm25
19,oht:primarySource,http://purl.org/spar/cito/citesAsSourceDocument,cito:citesAsSourceDocument,CiTO,2,screened out,"Read in the shortlist; word overlap only, not a fit for the coined meaning.","A relation according to which the citing entity cites the cited entity as being the entity from which the citing entity is derived, or about which the citing entity contains metadata.",http://purl.org/spar/cito,definition from source file,bm25
19,oht:primarySource,http://www.w3.org/ns/prov#qualifiedPrimarySource,prov:qualifiedPrimarySource,PROV-O,1,screened out,"Read in the shortlist; word overlap only, not a fit for the coined meaning.","If this Entity prov:hadPrimarySource Entity :e, then it can qualify how using prov:qualifiedPrimarySource [ a prov:PrimarySource; prov:entity :e; :foo :bar ].",https://www.w3.org/ns/prov.ttl,definition from source file,bm25
19,oht:primarySource,http://purl.org/spar/cito/citesForInformation,cito:citesForInformation,CiTO,2,screened out,"Read in the shortlist; word overlap only, not a fit for the coined meaning.",A relation according to which the citing entity cites the cited entity as a source of information on the subject under discussion.,http://purl.org/spar/cito,definition from source file,bm25
19,oht:primarySource,http://purl.org/spar/cito/citesAsEvidence,cito:citesAsEvidence,CiTO,2,screened out,"Read in the shortlist; word overlap only, not a fit for the coined meaning.",A relation according to which the citing entity cites the cited entity as source of factual evidence for statements it contains.,http://purl.org/spar/cito,definition from source file,bm25
19,oht:primarySource,http://data.europa.eu/eli/ontology#cites,eli:cites,ELI,2,screened out,"Read in the shortlist; word overlap only, not a fit for the coined meaning.","Citation in the text of the legislation. This may be at the legal resource or legal expression level, as required by the implementation context. This includes verbatim citation and citations in referrals.",http://data.europa.eu/eli/ontology,definition from source file,bm25
19,oht:primarySource,http://purl.org/spar/cito/isCitedAsAuthorityBy,cito:isCitedAsAuthorityBy,CiTO,2,screened out,"Read in the shortlist; word overlap only, not a fit for the coined meaning.",A relation according to which the cited entity is cited as providing an authoritative description or definition of the subject under discussion in the citing entity.,http://purl.org/spar/cito,definition from source file,bm25
19,oht:primarySource,http://www.w3.org/ns/prov#wasPrimarySourceOf,prov:wasPrimarySourceOf,PROV-O,1,screened out,"Read in the shortlist; word overlap only, not a fit for the coined meaning.",,https://www.w3.org/ns/prov.ttl,no definition in file,bm25
19,oht:primarySource,https://w3id.org/dpv#ConsultationWithAuthority,dpv:ConsultationWithAuthority,DPV core,2,screened out,"Read in the shortlist; word overlap only, not a fit for the coined meaning.",Consultation with an authority or authoritative entity,https://w3id.org/dpv,definition from source file,bm25
19,oht:primarySource,http://data.europa.eu/eli/ontology#LegalValue-authoritative,eli:LegalValue-authoritative,ELI,2,screened out,"Read in the shortlist; word overlap only, not a fit for the coined meaning.","The publisher gives some special status to the publication of the document. (""The Queens Printer"" version of a UK Act of Parliament). This status is specific to UK where no text can be considered « definitive ».",http://data.europa.eu/eli/ontology,definition from source file,bm25
19,oht:primarySource,http://www.w3.org/ns/prov#PrimarySource,prov:PrimarySource,PROV-O,1,screened out,"Read in the shortlist; word overlap only, not a fit for the coined meaning.","A primary source for a topic refers to something produced by some agent with direct experience and knowledge about the topic, at the time of the topic's study, without benefit from hindsight. Because of the directness of primary sources, they 'speak for themselves' in ways that cannot be captured through the filter of secondary sources. As such, it is important for secondary sources to reference those primary sources from which they were derived, so that their reliability can be investigated. A primary source relation is a particular case of derivation of secondary materials from their primary sources. It is recognized that the determination of primary sources can be up to interpretation, and should be done according to conventions accepted within the application's domain.",https://www.w3.org/ns/prov.ttl,definition from source file,bm25
19,oht:primarySource,http://purl.org/spar/cito/citesAsRelated,cito:citesAsRelated,CiTO,2,screened out,"Read in the shortlist; word overlap only, not a fit for the coined meaning.",A relation according to which the citing entity cites the cited entity as one that is related.,http://purl.org/spar/cito,definition from source file,bm25
19,oht:primarySource,http://purl.org/spar/cito/citesAsRecommendedReading,cito:citesAsRecommendedReading,CiTO,2,screened out,"Read in the shortlist; word overlap only, not a fit for the coined meaning.",A relation according to which the citing entity cites the cited entity as an item of recommended reading.,http://purl.org/spar/cito,definition from source file,bm25
20,oht:sourceType,http://www.w3.org/ns/prov#hadPrimarySource,prov:hadPrimarySource,PROV-O,1,exact,Primary case.,"[definition of prov:PrimarySource] A primary source for a topic refers to something produced by some agent with direct experience and knowledge about the topic, at the time of the topic's study, without benefit from hindsight. Because of the directness of primary sources, they 'speak for themselves' in ways that cannot be captured through the filter of secondary sources. As such, it is important for secondary sources to reference those primary sources from which they were derived, so that their reliability can be investigated. A primary source relation is a particular case of derivation of secondary materials from their primary sources. It is recognized that the determination of primary sources can be up to interpretation, and should be done according to conventions accepted within the application's domain.",https://www.w3.org/ns/prov.ttl,verified at source (definition carried by the qualified class),bm25+lead
20,oht:sourceType,http://www.w3.org/ns/prov#wasDerivedFrom,prov:wasDerivedFrom,PROV-O,1,super,Everything else; RO-Crate names it.,"A derivation is a transformation of an entity into another, an update of an entity resulting in a new one, or the construction of a new entity based on a pre-existing entity.",https://www.w3.org/ns/prov.ttl,verified at source,lead
20,oht:sourceType,http://www.w3.org/ns/prov#qualifiedPrimarySource,prov:qualifiedPrimarySource,PROV-O,1,screened out,"Read in the shortlist; word overlap only, not a fit for the coined meaning.","If this Entity prov:hadPrimarySource Entity :e, then it can qualify how using prov:qualifiedPrimarySource [ a prov:PrimarySource; prov:entity :e; :foo :bar ].",https://www.w3.org/ns/prov.ttl,definition from source file,bm25
20,oht:sourceType,http://www.w3.org/ns/prov#PrimarySource,prov:PrimarySource,PROV-O,1,screened out,"Read in the shortlist; word overlap only, not a fit for the coined meaning.","A primary source for a topic refers to something produced by some agent with direct experience and knowledge about the topic, at the time of the topic's study, without benefit from hindsight. Because of the directness of primary sources, they 'speak for themselves' in ways that cannot be captured through the filter of secondary sources. As such, it is important for secondary sources to reference those primary sources from which they were derived, so that their reliability can be investigated. A primary source relation is a particular case of derivation of secondary materials from their primary sources. It is recognized that the determination of primary sources can be up to interpretation, and should be done according to conventions accepted within the application's domain.",https://www.w3.org/ns/prov.ttl,definition from source file,bm25
20,oht:sourceType,http://www.w3.org/ns/prov#wasPrimarySourceOf,prov:wasPrimarySourceOf,PROV-O,1,screened out,"Read in the shortlist; word overlap only, not a fit for the coined meaning.",,https://www.w3.org/ns/prov.ttl,no definition in file,bm25
20,oht:sourceType,http://data.europa.eu/eli/ontology#basis_for,eli:basis_for,ELI,2,screened out,"Read in the shortlist; word overlap only, not a fit for the coined meaning.",Indicates that this work or expression empowers another . Typically primary legislation is the basis for secondary legislation.,http://data.europa.eu/eli/ontology,definition from source file,bm25
20,oht:sourceType,http://purl.org/spar/cito/citesAsSourceDocument,cito:citesAsSourceDocument,CiTO,2,screened out,"Read in the shortlist; word overlap only, not a fit for the coined meaning.","A relation according to which the citing entity cites the cited entity as being the entity from which the citing entity is derived, or about which the citing entity contains metadata.",http://purl.org/spar/cito,definition from source file,bm25
20,oht:sourceType,https://schema.org/digitalSourceType,schema:digitalSourceType,schema.org,2,screened out,"Read in the shortlist; word overlap only, not a fit for the coined meaning.",Indicates an IPTCDigitalSourceEnumeration code indicating the nature of the digital source(s) for some [[CreativeWork]].,https://schema.org/version/latest/schemaorg-current-https.ttl,definition from source file,bm25
20,oht:sourceType,http://purl.org/spar/cito/isCitedAsSourceDocumentBy,cito:isCitedAsSourceDocumentBy,CiTO,2,screened out,"Read in the shortlist; word overlap only, not a fit for the coined meaning.","A relation according to which the cited entity is cited as being the entity from which the citing entity is derived, or about which the citing entity contains metadata.",http://purl.org/spar/cito,definition from source file,bm25
20,oht:sourceType,http://purl.org/spar/cito/isCitedAsDataSourceBy,cito:isCitedAsDataSourceBy,CiTO,2,screened out,"Read in the shortlist; word overlap only, not a fit for the coined meaning.",A relation according to which the cited entity is cited as a data source by the citing entity.,http://purl.org/spar/cito,definition from source file,bm25
20,oht:sourceType,http://purl.org/spar/cito/citesAsDataSource,cito:citesAsDataSource,CiTO,2,screened out,"Read in the shortlist; word overlap only, not a fit for the coined meaning.",A relation according to which the citing entity cites the cited entity as source of data.,http://purl.org/spar/cito,definition from source file,bm25
20,oht:sourceType,https://schema.org/secondaryPrevention,schema:secondaryPrevention,schema.org,2,screened out,"Read in the shortlist; word overlap only, not a fit for the coined meaning.",A preventative therapy used to prevent reoccurrence of the medical condition after an initial episode of the condition.,https://schema.org/version/latest/schemaorg-current-https.ttl,definition from source file,bm25
20,oht:sourceType,http://xmlns.com/foaf/0.1/isPrimaryTopicOf,foaf:isPrimaryTopicOf,FOAF,2,screened out,"Read in the shortlist; word overlap only, not a fit for the coined meaning.",A document that this thing is the primary topic of.,http://xmlns.com/foaf/spec/index.rdf,definition from source file,bm25
20,oht:sourceType,http://xmlns.com/foaf/0.1/primaryTopic,foaf:primaryTopic,FOAF,2,screened out,"Read in the shortlist; word overlap only, not a fit for the coined meaning.",The primary topic of some page or document.,http://xmlns.com/foaf/spec/index.rdf,definition from source file,bm25
20,oht:sourceType,https://schema.org/legislationPassedBy,schema:legislationPassedBy,schema.org,2,screened out,"Read in the shortlist; word overlap only, not a fit for the coined meaning.","The person or organization that originally passed or made the law: typically parliament (for primary legislation) or government (for secondary legislation). This indicates the ""legal author"" of the law, as opposed to its physical author.",https://schema.org/version/latest/schemaorg-current-https.ttl,definition from source file,bm25
20,oht:sourceType,https://w3id.org/dpv#SecondaryImportance,dpv:SecondaryImportance,DPV core,2,screened out,"Read in the shortlist; word overlap only, not a fit for the coined meaning.",Indication of 'secondary' or 'minor' or 'auxiliary' importance,https://w3id.org/dpv,definition from source file,bm25
21,oht:hasChange,http://purl.org/dc/terms/hasPart,dcterms:hasPart,DCMI Terms,1,super,A change entry is logically part of the version's record.,A related resource that is included either physically or logically in the described resource.,https://www.dublincore.org/specifications/dublin-core/dcmi-terms/dublin_core_terms.ttl,verified at source,bm25+lead
21,oht:hasChange,http://purl.org/skos-history/hasDelta,sh:hasDelta,skos-history,3,related,Version to delta; tier 3.,A delta for this version. The subject of the triple may be a dsv:VersionHistoryRecord.,http://purl.org/skos-history/,verified at source,bm25
21,oht:hasChange,https://w3id.org/airo#hasVersion,https://w3id.org/airo#hasVersion,AIRO,3,screened out,"Read in the shortlist; word overlap only, not a fit for the coined meaning.",Indicates the version of an entity.,https://w3id.org/airo,definition from source file,bm25
21,oht:hasChange,https://w3id.org/airo#hasPreDeterminedChange,https://w3id.org/airo#hasPreDeterminedChange,AIRO,3,screened out,"Read in the shortlist; word overlap only, not a fit for the coined meaning.","Indicates the changes that are planned to be applied to the system, components, or context of use.",https://w3id.org/airo,definition from source file,bm25
21,oht:hasChange,http://purl.org/dc/terms/hasVersion,dcterms:hasVersion,DCMI Terms,1,screened out,"Read in the shortlist; word overlap only, not a fit for the coined meaning.","A related resource that is a version, edition, or adaptation of the described resource.",https://www.dublincore.org/specifications/dublin-core/dcmi-terms/dublin_core_terms.ttl,definition from source file,bm25
21,oht:hasChange,http://www.w3.org/ns/dcat#hasVersion,dcat:hasVersion,DCAT 3,1,screened out,"Read in the shortlist; word overlap only, not a fit for the coined meaning.","This resource has a more specific, versioned resource [PAV].",https://www.w3.org/ns/dcat.ttl,definition from source file,bm25
21,oht:hasChange,http://www.w3.org/ns/dcat#hasCurrentVersion,dcat:hasCurrentVersion,DCAT 3,1,screened out,"Read in the shortlist; word overlap only, not a fit for the coined meaning.","This resource has a more specific, versioned resource with equivalent content [PAV].",https://www.w3.org/ns/dcat.ttl,definition from source file,bm25
21,oht:hasChange,http://rdf-vocabulary.ddialliance.org/xkos#hasPart,xkos:hasPart,XKOS,2,screened out,"Read in the shortlist; word overlap only, not a fit for the coined meaning.",,http://rdf-vocabulary.ddialliance.org/xkos,no definition in file,bm25
21,oht:hasChange,http://data.europa.eu/eli/ontology#has_part,eli:has_part,ELI,2,screened out,"Read in the shortlist; word overlap only, not a fit for the coined meaning.","inverse of ""is_part_of""",http://data.europa.eu/eli/ontology,definition from source file,bm25
21,oht:hasChange,http://www.w3.org/ns/mls#hasPart,mls:hasPart,ML Schema,2,screened out,"Read in the shortlist; word overlap only, not a fit for the coined meaning.",A relation which represents a part-whole relationship holding between an entity and its part.,http://www.w3.org/ns/mls,definition from source file,bm25
21,oht:hasChange,https://schema.org/hasPart,schema:hasPart,schema.org,2,screened out,"Read in the shortlist; word overlap only, not a fit for the coined meaning.","Indicates an item or CreativeWork that is part of this item, or CreativeWork (in some sense).",https://schema.org/version/latest/schemaorg-current-https.ttl,definition from source file,bm25
21,oht:hasChange,https://w3id.org/airo#hasFrequency,https://w3id.org/airo#hasFrequency,AIRO,3,screened out,"Read in the shortlist; word overlap only, not a fit for the coined meaning.","Indicates frequency of an event, e.g. change.",https://w3id.org/airo,definition from source file,bm25
21,oht:hasChange,http://purl.org/pav/hasEarlierVersion,pav:hasEarlierVersion,PAV,2,screened out,"Read in the shortlist; word overlap only, not a fit for the coined meaning.","This versioned resource has an earlier version. Any earlier version of this resource can be indicated with pav:hasEarlierVersion, e.g.: <http://example.com/v4> pav:hasEarlierVersion <http://example.com/v2> ; pav:hasEarlierVersion <http://example.com/v1> . The subproperty pav:previousVersion SHOULD be used if the earlier version is the direct ancestor of this version. <http://example.com/v4> pav:previousVersion <http://example.com/v3> . This property is transitive, so it should not be necessary to repeat the earlier versions of an earlier version. A chain of previous versions can be declared using the subproperty pav:previousVersion, implying that the previous previous version is also an earlier version. It might however still be useful to declare an earlier version explicitly, for instance because it is an earlier version of high relevance or because the complete chain of pav:previousVersion is not available. To indicate that this version is a snapshot of a more general, non-versioned resource, e.g. ""Weather Today"" vs. ""Weather Today on 2013-12-07"", see pav:hasVersion.",http://purl.org/pav/,definition from source file,bm25
21,oht:hasChange,http://data.europa.eu/eli/ontology#changes,eli:changes,ELI,2,screened out,"Read in the shortlist; word overlap only, not a fit for the coined meaning.","Indicates that this work or expression legally changes another. This encompasses the notions of amendment, replacement, repeal, or other types of change. This may be a direct change (textual or non-textual amendment) or a consequential or indirect change. Note, the property is to be used to express the existence of a change relationship between two acts rather than the existence of a consolidated version of the text that shows the result of the change. For consolidation relationships, use the ""consolidates"" and ""consolidated_by"" properties.",http://data.europa.eu/eli/ontology,definition from source file,bm25
21,oht:hasChange,https://schema.org/hasBioChemEntityPart,schema:hasBioChemEntityPart,schema.org,2,screened out,"Read in the shortlist; word overlap only, not a fit for the coined meaning.",Indicates a BioChemEntity that (in some sense) has this BioChemEntity as a part.,https://schema.org/version/latest/schemaorg-current-https.ttl,definition from source file,bm25
22,oht:changeType,http://purl.org/dc/terms/type,dcterms:type,DCMI Terms,1,exact,One type slot on a change.,The nature or genre of the resource.,https://www.dublincore.org/specifications/dublin-core/dcmi-terms/dublin_core_terms.ttl,verified at source,lead
22,oht:changeType,http://purl.obolibrary.org/obo/IAO_0000227,obo:IAO_0000227,OBO IAO,2,related,Value alignment: 'terms merged'.,The term has been combined with one or more other terms to create a more encompassing (merged) term.,http://purl.obolibrary.org/obo/iao.owl,verified at source,bm25
22,oht:changeType,http://purl.obolibrary.org/obo/IAO_0000229,obo:IAO_0000229,OBO IAO,2,related,Value alignment: 'term split'.,The term has been split into two or more new terms.,http://purl.obolibrary.org/obo/iao.owl,verified at source,bm25
22,oht:changeType,http://www.w3.org/2004/02/skos/core#changeNote,skos:changeNote,SKOS,1,related,Prose.,A note about a modification to a concept.,http://www.w3.org/2004/02/skos/core.rdf,verified at source,bm25
22,oht:changeType,http://www.w3.org/ns/prov#removedKey,prov:removedKey,PROV-O,1,screened out,"Read in the shortlist; word overlap only, not a fit for the coined meaning.",The key removed in a Removal.,https://www.w3.org/ns/prov.ttl,definition from source file,bm25
22,oht:changeType,https://schema.org/EventMovedOnline,schema:EventMovedOnline,schema.org,2,screened out,"Read in the shortlist; word overlap only, not a fit for the coined meaning.",Indicates that the event was changed to allow online participation. See [[eventAttendanceMode]] for specifics of whether it is now fully or partially online.,https://schema.org/version/latest/schemaorg-current-https.ttl,definition from source file,bm25
22,oht:changeType,https://schema.org/mapType,schema:mapType,schema.org,2,screened out,"Read in the shortlist; word overlap only, not a fit for the coined meaning.","Indicates the kind of Map, from the MapCategoryType Enumeration.",https://schema.org/version/latest/schemaorg-current-https.ttl,definition from source file,bm25
22,oht:changeType,https://schema.org/valueAddedTaxIncluded,schema:valueAddedTaxIncluded,schema.org,2,screened out,"Read in the shortlist; word overlap only, not a fit for the coined meaning.",Specifies whether the applicable value-added tax (VAT) is included in the price specification or not.,https://schema.org/version/latest/schemaorg-current-https.ttl,definition from source file,bm25
22,oht:changeType,https://schema.org/albumReleaseType,schema:albumReleaseType,schema.org,2,screened out,"Read in the shortlist; word overlap only, not a fit for the coined meaning.","The kind of release which this album is: single, EP or album.",https://schema.org/version/latest/schemaorg-current-https.ttl,definition from source file,bm25
22,oht:changeType,https://schema.org/learningResourceType,schema:learningResourceType,schema.org,2,screened out,"Read in the shortlist; word overlap only, not a fit for the coined meaning.","The predominant type or kind characterizing the learning resource. For example, 'presentation', 'handout'.",https://schema.org/version/latest/schemaorg-current-https.ttl,definition from source file,bm25
22,oht:changeType,http://purl.obolibrary.org/obo/IAO_0000002,obo:IAO_0000002,OBO IAO,2,screened out,"Read in the shortlist; word overlap only, not a fit for the coined meaning.",,http://purl.obolibrary.org/obo/iao.owl,no definition in file,bm25
22,oht:changeType,http://purl.obolibrary.org/obo/IAO_0006011,obo:IAO_0006011,OBO IAO,2,screened out,"Read in the shortlist; word overlap only, not a fit for the coined meaning.",A annotation relationship between two terms in an ontology that may refer to the same (natural) type but where more evidence is required before terms are merged.,http://purl.obolibrary.org/obo/iao.owl,definition from source file,bm25
22,oht:changeType,http://purl.org/iso25964/skos-thes#plusUF,http://purl.org/iso25964/skos-thes#plusUF,ISO 25964 SKOS extension,3,screened out,"Read in the shortlist; word overlap only, not a fit for the coined meaning.",Definition: ISO 25964-1: UF+ The non preferred term labeling a complex concept. The complex concept will be identified by splitting the non preferred term into 2 or more (component) preferred terms.,http://purl.org/iso25964/skos-thes,definition from source file,bm25
22,oht:changeType,http://rdf-vocabulary.ddialliance.org/discovery#kindOfData,disco:kindOfData,DDI Discovery,3,screened out,"Read in the shortlist; word overlap only, not a fit for the coined meaning.","The general kind of data (e.g. geospatial, register, survey) collected in this study, given either as a skos:Concept, or as a blank node with attached free-text rdfs:label.",http://rdf-vocabulary.ddialliance.org/discovery,definition from source file,bm25
22,oht:changeType,https://w3id.org/airo#hasPreDeterminedChange,https://w3id.org/airo#hasPreDeterminedChange,AIRO,3,screened out,"Read in the shortlist; word overlap only, not a fit for the coined meaning.","Indicates the changes that are planned to be applied to the system, components, or context of use.",https://w3id.org/airo,definition from source file,bm25
22,oht:changeType,https://schema.org/contactType,schema:contactType,schema.org,2,screened out,"Read in the shortlist; word overlap only, not a fit for the coined meaning.","A person or organization can have different contact points, for different purposes. For example, a sales contact point, a PR contact point and so on. This property is used to specify the kind of contact point.",https://schema.org/version/latest/schemaorg-current-https.ttl,definition from source file,bm25
23,oht:affectsConcept,http://purl.org/dc/terms/subject,dcterms:subject,DCMI Terms,1,related,"Topic, odd for an operand.",A topic of the resource.,https://www.dublincore.org/specifications/dublin-core/dcmi-terms/dublin_core_terms.ttl,verified at source,lead
23,oht:affectsConcept,http://www.w3.org/ns/prov#used,prov:used,PROV-O,1,related,Requires the change to be an activity (see item 3).,"A prov:Entity that was used by this prov:Activity. For example, :baking prov:used :spoon, :egg, :oven .",https://www.w3.org/ns/prov.ttl,verified at source,lead
23,oht:affectsConcept,http://www.w3.org/ns/oa#hasTarget,oa:hasTarget,Web Annotation,1,related,Domain oa:Annotation.,The relationship between an Annotation and its Target.,https://www.w3.org/ns/oa.ttl,verified at source,bm25+lead
23,oht:affectsConcept,http://www.w3.org/ns/org#changedBy,http://www.w3.org/ns/org#changedBy,ORG,1,screened out,"Read in the shortlist; word overlap only, not a fit for the coined meaning.",Indicates a change event which resulted in a change to this organization. Depending on the event the organization may or may not have continued to exist after the event. Inverse of `org:originalOrganization`.,https://www.w3.org/ns/org.ttl,definition from source file,bm25
23,oht:affectsConcept,http://data.europa.eu/eli/ontology#changed_by,eli:changed_by,ELI,2,screened out,"Read in the shortlist; word overlap only, not a fit for the coined meaning.","Inverse of « changes ». Indicates that this work or expression is being legally changed by another. This encompasses the notions of amendment, replacement, repeal, or other types of change.",http://data.europa.eu/eli/ontology,definition from source file,bm25
23,oht:affectsConcept,http://rdf-vocabulary.ddialliance.org/xkos#targetConcept,xkos:targetConcept,XKOS,2,screened out,"Read in the shortlist; word overlap only, not a fit for the coined meaning.",,http://rdf-vocabulary.ddialliance.org/xkos,no definition in file,bm25
23,oht:affectsConcept,http://www.w3.org/ns/odrl/2/target,odrl:target,ODRL,1,screened out,"Read in the shortlist; word overlap only, not a fit for the coined meaning.",The target property indicates the Asset that is the primary subject to which the Rule action directly applies.,https://www.w3.org/ns/odrl/2/ODRL22.ttl,definition from source file,bm25
23,oht:affectsConcept,http://www.w3.org/2004/02/skos/core#changeNote,skos:changeNote,SKOS,1,screened out,"Read in the shortlist; word overlap only, not a fit for the coined meaning.",A note about a modification to a concept.,http://www.w3.org/2004/02/skos/core.rdf,definition from source file,bm25
23,oht:affectsConcept,https://w3id.org/airo#hasChangedEntity,https://w3id.org/airo#hasChangedEntity,AIRO,3,screened out,"Read in the shortlist; word overlap only, not a fit for the coined meaning.",Indicates the entity that is being changed.,https://w3id.org/airo,definition from source file,bm25
23,oht:affectsConcept,http://purl.org/skos-history/concepthistory,sh:concepthistory,skos-history,3,screened out,"Read in the shortlist; word overlap only, not a fit for the coined meaning.",Collects the concept deltas of a concept (given in the subject of the triple).,http://purl.org/skos-history/,definition from source file,bm25
23,oht:affectsConcept,http://www.w3.org/ns/org#originalOrganization,http://www.w3.org/ns/org#originalOrganization,ORG,1,screened out,"Read in the shortlist; word overlap only, not a fit for the coined meaning.",Indicates one or more organizations that existed before the change event. Depending on the event they may or may not have continued to exist after the event. Inverse of `org:changedBy`.,https://www.w3.org/ns/org.ttl,definition from source file,bm25
23,oht:affectsConcept,http://www.w3.org/ns/oa#editing,oa:editing,Web Annotation,1,screened out,"Read in the shortlist; word overlap only, not a fit for the coined meaning.",The motivation for when the user intends to request a change or edit to the Target resource.,https://www.w3.org/ns/oa.ttl,definition from source file,bm25
23,oht:affectsConcept,https://schema.org/object,schema:object,schema.org,2,screened out,"Read in the shortlist; word overlap only, not a fit for the coined meaning.","The object upon which the action is carried out, whose state is kept intact or changed. Also known as the semantic roles patient, affected or undergoer (which change their state) or theme (which doesn't). E.g. John read *a book*.",https://schema.org/version/latest/schemaorg-current-https.ttl,definition from source file,bm25
23,oht:affectsConcept,https://schema.org/target,schema:target,schema.org,2,screened out,"Read in the shortlist; word overlap only, not a fit for the coined meaning.","Indicates a target EntryPoint, or url, for an Action.",https://schema.org/version/latest/schemaorg-current-https.ttl,definition from source file,bm25
23,oht:affectsConcept,https://schema.org/targetCollection,schema:targetCollection,schema.org,2,screened out,"Read in the shortlist; word overlap only, not a fit for the coined meaning.",A sub property of object. The collection target of the action.,https://schema.org/version/latest/schemaorg-current-https.ttl,definition from source file,bm25
23,oht:affectsConcept,https://schema.org/targetUrl,schema:targetUrl,schema.org,2,screened out,"Read in the shortlist; word overlap only, not a fit for the coined meaning.",The URL of a node in an established educational framework.,https://schema.org/version/latest/schemaorg-current-https.ttl,definition from source file,bm25
23,oht:affectsConcept,https://schema.org/targetName,schema:targetName,schema.org,2,screened out,"Read in the shortlist; word overlap only, not a fit for the coined meaning.",The name of a node in an established educational framework.,https://schema.org/version/latest/schemaorg-current-https.ttl,definition from source file,bm25
24,oht:officialMapping,http://rdf-vocabulary.ddialliance.org/xkos#Correspondence,xkos:Correspondence,XKOS,2,exact,"A correspondence between two concept schemes, which the issuer's crosswalk is.",The complete collection of such associations for all the concepts in two SKOS Concept Schemes forms a correspondence and is expressed as an instance of the xkos:Correspondence class.,https://rdf-vocabulary.ddialliance.org/xkos.html (section 7),verified at source (specification text),bm25+lead
24,oht:officialMapping,http://purl.org/dc/terms/relation,dcterms:relation,DCMI Terms,1,super,Too vague to help.,A related resource.,https://www.dublincore.org/specifications/dublin-core/dcmi-terms/dublin_core_terms.ttl,verified at source,lead
24,oht:officialMapping,http://www.w3.org/ns/dcat#previousVersion,dcat:previousVersion,DCAT 3,1,screened out,"Read in the shortlist; word overlap only, not a fit for the coined meaning.",The previous version of a resource in a lineage [PAV].,https://www.w3.org/ns/dcat.ttl,definition from source file,bm25
24,oht:officialMapping,https://w3id.org/sssom/mapping_tool_version,sssom:mapping_tool_version,SSSOM,2,screened out,"Read in the shortlist; word overlap only, not a fit for the coined meaning.",Version string that denotes the version of the mapping tool used.,https://w3id.org/sssom/,definition from source file,bm25
24,oht:officialMapping,owl:versionInfo,owl:versionInfo,SSSOM,2,screened out,"Read in the shortlist; word overlap only, not a fit for the coined meaning.",A version string for the mapping.,https://w3id.org/sssom/,definition from source file,bm25
24,oht:officialMapping,http://www.w3.org/ns/adms#versionNotes,adms:versionNotes,ADMS,2,screened out,"Read in the shortlist; word overlap only, not a fit for the coined meaning.",A description of changes between this version and the previous version of the Asset.,https://www.w3.org/ns/adms.ttl,definition from source file,bm25
24,oht:officialMapping,http://purl.org/pav/version,pav:version,PAV,2,screened out,"Read in the shortlist; word overlap only, not a fit for the coined meaning.","The version number of a resource. This is a freetext string, typical values are ""1.5"" or ""21"". The URI identifying the previous version can be provided using prov:previousVersion. This property is normally used in a functional way, although PAV does not formally restrict this.",http://purl.org/pav/,definition from source file,bm25
24,oht:officialMapping,http://purl.org/pav/hasEarlierVersion,pav:hasEarlierVersion,PAV,2,screened out,"Read in the shortlist; word overlap only, not a fit for the coined meaning.","This versioned resource has an earlier version. Any earlier version of this resource can be indicated with pav:hasEarlierVersion, e.g.: <http://example.com/v4> pav:hasEarlierVersion <http://example.com/v2> ; pav:hasEarlierVersion <http://example.com/v1> . The subproperty pav:previousVersion SHOULD be used if the earlier version is the direct ancestor of this version. <http://example.com/v4> pav:previousVersion <http://example.com/v3> . This property is transitive, so it should not be necessary to repeat the earlier versions of an earlier version. A chain of previous versions can be declared using the subproperty pav:previousVersion, implying that the previous previous version is also an earlier version. It might however still be useful to declare an earlier version explicitly, for instance because it is an earlier version of high relevance or because the complete chain of pav:previousVersion is not available. To indicate that this version is a snapshot of a more general, non-versioned resource, e.g. ""Weather Today"" vs. ""Weather Today on 2013-12-07"", see pav:hasVersion.",http://purl.org/pav/,definition from source file,bm25
24,oht:officialMapping,http://purl.org/pav/previousVersion,pav:previousVersion,PAV,2,screened out,"Read in the shortlist; word overlap only, not a fit for the coined meaning.","The previous version of a resource in a lineage. For instance a news article updated to correct factual information would point to the previous version of the article with pav:previousVersion. If however the content has significantly changed so that the two resources no longer share lineage (say a new article that talks about the same facts), they can instead be related using pav:derivedFrom. This property is normally used in a functional way, although PAV does not formally restrict this. Earlier versions which are not direct ancestors of this resource may instead be provided using the superproperty pav:hasEarlierVersion. A version number of this resource can be provided using the data property pav:version. To indicate that this version is a snapshot of a more general, non-versioned resource, e.g. ""Weather Today"" vs. ""Weather Today on 2013-12-07"", see pav:hasVersion. Note that it might be confusing to indicate pav:previousVersion from a resource that also has pav:hasVersion or pav:hasCurrentVersion relations, as such resources are intended to be a long-living and ""unversioned"", while pav:previousVersion is intended for use between permalink-like ""snapshots"" arranged in a linear history.",http://purl.org/pav/,definition from source file,bm25
24,oht:officialMapping,https://w3id.org/sssom/sssom_version,sssom:sssom_version,SSSOM,2,screened out,"Read in the shortlist; word overlap only, not a fit for the coined meaning.",The version of the SSSOM specification a mapping set is compliant with.,https://w3id.org/sssom/,definition from source file,bm25
24,oht:officialMapping,http://www.w3.org/ns/adms#prev,adms:prev,ADMS,2,screened out,"Read in the shortlist; word overlap only, not a fit for the coined meaning.",A link to the previous version of the Asset.,https://www.w3.org/ns/adms.ttl,definition from source file,bm25
24,oht:officialMapping,http://www.w3.org/ns/odrl/2/assigner,odrl:assigner,ODRL,1,screened out,"Read in the shortlist; word overlap only, not a fit for the coined meaning.",The Party is the issuer of the Rule.,https://www.w3.org/ns/odrl/2/ODRL22.ttl,definition from source file,bm25
24,oht:officialMapping,http://rdf-vocabulary.ddialliance.org/xkos#previous,xkos:previous,XKOS,2,screened out,"Read in the shortlist; word overlap only, not a fit for the coined meaning.",immediate predecessor in the sequence,http://rdf-vocabulary.ddialliance.org/xkos,definition from source file,bm25
24,oht:officialMapping,http://www.w3.org/ns/dcat#prev,dcat:prev,DCAT 3,1,screened out,"Read in the shortlist; word overlap only, not a fit for the coined meaning.",The previous resource (before the current one) in an ordered collection or series of resources.,https://www.w3.org/ns/dcat.ttl,definition from source file,bm25
24,oht:officialMapping,https://schema.org/previousItem,schema:previousItem,schema.org,2,screened out,"Read in the shortlist; word overlap only, not a fit for the coined meaning.",A link to the ListItem that precedes the current one.,https://schema.org/version/latest/schemaorg-current-https.ttl,definition from source file,bm25
24,oht:officialMapping,http://purl.org/pav/hasVersion,pav:hasVersion,PAV,2,screened out,"Read in the shortlist; word overlap only, not a fit for the coined meaning.","This resource has a more specific, versioned resource. This property is intended for relating a non-versioned or abstract resource to several versioned resources, e.g. snapshots. For instance, if there are two snapshots of the News page, made on 23rd and 24th of December, then: <http://news.example.com/> pav:hasVersion <http://news.example.com/2013-12-23/> ; pav:hasVersion <http://news.example.com/2013-12-24/> . If one of the versions has somewhat the equivalent content to this resource (e.g. can be used as a permalink for this resource), then it should instead be indicated with the subproperty pav:hasCurrentVersion: <http://news.example.com/> pav:hasCurrentVersion <http://news.example.com/2013-12-25/> . To order the versions, use pav:previousVersion: <http://news.example.com/2013-12-25/> pav:previousVersion <http://news.example.com/2013-12-24/> . <http://news.example.com/2013-12-24/> pav:previousVersion <http://news.example.com/2013-12-23/> . Note that it might be confusing to also indicate pav:previousVersion from a resource that has pav:hasVersion relations, as such a resource is intended to be a long-living ""unversioned"" resource. The PAV ontology does however not formally restrict this, to cater for more complex scenarios with multiple abstraction levels. pav:hasVersion is a subproperty of dcterms:hasVersion to more strongly define this hierarchical pattern. It is therefore also a subproperty of pav:generalizationOf (inverse of prov:specializationOf). To indicate the existence of other, non-hierarchical kind of editions and adaptations of this resource that are not versioned snapshots (e.g. Powerpoint slides has a video recording version), use instead dcterms:hasVersion or prov:alternateOf.",http://purl.org/pav/,definition from source file,bm25
25,oht:introducedIn,http://purl.org/dc/terms/created,dcterms:created,DCMI Terms,1,related,Date.,Date of creation of the resource.,https://www.dublincore.org/specifications/dublin-core/dcmi-terms/dublin_core_terms.ttl,verified at source,bm25
25,oht:introducedIn,http://www.w3.org/ns/prov#generatedAtTime,prov:generatedAtTime,PROV-O,1,related,Timestamp.,The time at which an entity was completely created and is available for use.,https://www.w3.org/ns/prov.ttl,verified at source,lead
25,oht:introducedIn,http://purl.org/pav/createdAt,pav:createdAt,PAV,2,irrelevant,"Despite its name, PAV defines it as the geo-location of the creating agent.",The geo-location of the agents when creating the resource (pav:createdBy). For instance a photographer takes a picture of the Eiffel Tower while standing in front of it.,http://purl.org/pav/,verified at source,lead
25,oht:introducedIn,http://purl.org/skos-history/ConceptVersion,sh:ConceptVersion,skos-history,3,screened out,"Read in the shortlist; word overlap only, not a fit for the coined meaning.",(???) A version of a SKOS concept.,http://purl.org/skos-history/,definition from source file,bm25
25,oht:introducedIn,http://data.europa.eu/eli/ontology#Version,eli:Version,ELI,2,screened out,"Read in the shortlist; word overlap only, not a fit for the coined meaning.",Formally defined as the set of skos:Concept in concept scheme eli:VersionTable,http://data.europa.eu/eli/ontology,definition from source file,bm25
25,oht:introducedIn,http://purl.org/skos-history/isVersionHistoryOf,sh:isVersionHistoryOf,skos-history,3,screened out,"Read in the shortlist; word overlap only, not a fit for the coined meaning.","Links the version history set to the skos concept scheme it is about. (Preliminary, may be better located in dsv ontology.)",http://purl.org/skos-history/,definition from source file,bm25
25,oht:introducedIn,http://data.europa.eu/eli/ontology#version,eli:version,ELI,2,screened out,"Read in the shortlist; word overlap only, not a fit for the coined meaning.","A skos concept scheme, could be locally defined? Group proposal is to start with an initial ELI scheme, that might include concepts of ""Official Journal"" ""made"" ""consolidated"" ""proposed"" ""prospective""",http://data.europa.eu/eli/ontology,definition from source file,bm25
25,oht:introducedIn,http://xmlns.com/foaf/0.1/firstName,foaf:firstName,FOAF,2,screened out,"Read in the shortlist; word overlap only, not a fit for the coined meaning.",The first name of a person.,http://xmlns.com/foaf/spec/index.rdf,definition from source file,bm25
25,oht:introducedIn,http://www.w3.org/ns/dcat#first,dcat:first,DCAT 3,1,screened out,"Read in the shortlist; word overlap only, not a fit for the coined meaning.","The first resource in an ordered collection or series of resources, to which the current resource belongs.",https://www.w3.org/ns/dcat.ttl,definition from source file,bm25
25,oht:introducedIn,https://schema.org/firstPerformance,schema:firstPerformance,schema.org,2,screened out,"Read in the shortlist; word overlap only, not a fit for the coined meaning.",The date and place the work was first performed.,https://schema.org/version/latest/schemaorg-current-https.ttl,definition from source file,bm25
25,oht:introducedIn,https://schema.org/firstAppearance,schema:firstAppearance,schema.org,2,screened out,"Read in the shortlist; word overlap only, not a fit for the coined meaning.",Indicates the first known occurrence of a [[Claim]] in some [[CreativeWork]].,https://schema.org/version/latest/schemaorg-current-https.ttl,definition from source file,bm25
25,oht:introducedIn,https://schema.org/dateVehicleFirstRegistered,schema:dateVehicleFirstRegistered,schema.org,2,screened out,"Read in the shortlist; word overlap only, not a fit for the coined meaning.",The date of the first registration of the vehicle with the respective public authorities.,https://schema.org/version/latest/schemaorg-current-https.ttl,definition from source file,bm25
25,oht:introducedIn,http://usefulinc.com/ns/doap#created,doap:created,DOAP,2,screened out,"Read in the shortlist; word overlap only, not a fit for the coined meaning.","Date when something was created, in YYYY-MM-DD form. e.g. 2004-04-05",http://usefulinc.com/ns/doap,definition from source file,bm25
25,oht:introducedIn,http://purl.obolibrary.org/obo/IAO_0000426,obo:IAO_0000426,OBO IAO,2,screened out,"Read in the shortlist; word overlap only, not a fit for the coined meaning.",,http://purl.obolibrary.org/obo/iao.owl,no definition in file,bm25
25,oht:introducedIn,https://schema.org/printSection,schema:printSection,schema.org,2,screened out,"Read in the shortlist; word overlap only, not a fit for the coined meaning.","If this NewsArticle appears in print, this field indicates the print section in which the article appeared.",https://schema.org/version/latest/schemaorg-current-https.ttl,definition from source file,bm25
25,oht:introducedIn,http://www.w3.org/ns/dcat#version,dcat:version,DCAT 3,1,screened out,"Read in the shortlist; word overlap only, not a fit for the coined meaning.",The version indicator (name or identifier) of a resource.,https://www.w3.org/ns/dcat.ttl,definition from source file,bm25
25,oht:introducedIn,https://schema.org/dateCreated,schema:dateCreated,schema.org,2,screened out,"Read in the shortlist; word overlap only, not a fit for the coined meaning.",The date on which the CreativeWork was created or the item was added to a DataFeed.,https://schema.org/version/latest/schemaorg-current-https.ttl,definition from source file,bm25
25,oht:introducedIn,http://purl.org/dc/terms/issued,dcterms:issued,DCMI Terms,1,screened out,"Read in the shortlist; word overlap only, not a fit for the coined meaning.",Date of formal issuance of the resource.,https://www.dublincore.org/specifications/dublin-core/dcmi-terms/dublin_core_terms.ttl,definition from source file,lead
26,oht:retiredIn,http://www.w3.org/2002/07/owl#deprecated,owl:deprecated,OWL 2,1,related,A flag with no version; add it alongside.,The annotation property that indicates that a given entity has been deprecated.,https://www.w3.org/2002/07/owl.ttl,verified at source,bm25+lead
26,oht:retiredIn,http://purl.org/dc/terms/isReplacedBy,dcterms:isReplacedBy,DCMI Terms,1,related,"The successor, where there is one.","A related resource that supplants, displaces, or supersedes the described resource.",https://www.dublincore.org/specifications/dublin-core/dcmi-terms/dublin_core_terms.ttl,verified at source,bm25+lead
26,oht:retiredIn,http://purl.obolibrary.org/obo/IAO_0100001,obo:IAO_0100001,OBO IAO,2,related,OBO's 'term replaced by'; tier 2.,"Use on obsolete terms, relating the term to another term that can be used as a substitute",http://purl.obolibrary.org/obo/iao.owl,verified at source,bm25
26,oht:retiredIn,http://www.w3.org/ns/prov#invalidatedAtTime,prov:invalidatedAtTime,PROV-O,1,related,Timestamp.,"The time at which an entity was invalidated (i.e., no longer usable).",https://www.w3.org/ns/prov.ttl,verified at source,lead
26,oht:retiredIn,http://www.w3.org/2002/07/owl#versionIRI,owl:versionIRI,OWL 2,1,screened out,"Read in the shortlist; word overlap only, not a fit for the coined meaning.",The property that identifies the version IRI of an ontology.,https://www.w3.org/2002/07/owl.ttl,definition from source file,bm25
26,oht:retiredIn,https://w3id.org/sssom/object_source_version,sssom:object_source_version,SSSOM,2,screened out,"Read in the shortlist; word overlap only, not a fit for the coined meaning.",Version IRI or version string of the source of the object term.,https://w3id.org/sssom/,definition from source file,bm25
26,oht:retiredIn,https://w3id.org/sssom/subject_source_version,sssom:subject_source_version,SSSOM,2,screened out,"Read in the shortlist; word overlap only, not a fit for the coined meaning.",Version IRI or version string of the source of the subject term.,https://w3id.org/sssom/,definition from source file,bm25
26,oht:retiredIn,http://www.w3.org/ns/prov#removedKey,prov:removedKey,PROV-O,1,screened out,"Read in the shortlist; word overlap only, not a fit for the coined meaning.",The key removed in a Removal.,https://www.w3.org/ns/prov.ttl,definition from source file,bm25
26,oht:retiredIn,http://purl.org/skos-history/ConceptVersion,sh:ConceptVersion,skos-history,3,screened out,"Read in the shortlist; word overlap only, not a fit for the coined meaning.",(???) A version of a SKOS concept.,http://purl.org/skos-history/,definition from source file,bm25
26,oht:retiredIn,https://schema.org/dateDeleted,schema:dateDeleted,schema.org,2,screened out,"Read in the shortlist; word overlap only, not a fit for the coined meaning.",The datetime the item was removed from the DataFeed.,https://schema.org/version/latest/schemaorg-current-https.ttl,definition from source file,bm25
26,oht:retiredIn,https://w3id.org/dpv/ai#RetirementStage,https://w3id.org/dpv/ai#RetirementStage,DPV AI,2,screened out,"Read in the shortlist; word overlap only, not a fit for the coined meaning.",The stage in the lifecycle where the AI system is retired and becomes obsolete,https://w3id.org/dpv/ai,definition from source file,bm25
26,oht:retiredIn,http://purl.obolibrary.org/obo/IAO_0000604,obo:IAO_0000604,OBO IAO,2,screened out,"Read in the shortlist; word overlap only, not a fit for the coined meaning.","relates a class of CRID to the date after which further instances should not be made, according to the central authority",http://purl.obolibrary.org/obo/iao.owl,definition from source file,bm25
26,oht:retiredIn,http://www.w3.org/ns/prov#wasRevisionOf,prov:wasRevisionOf,PROV-O,1,screened out,"Read in the shortlist; word overlap only, not a fit for the coined meaning.",A revision is a derivation that revises an entity into a revised version.,https://www.w3.org/ns/prov.ttl,definition from source file,bm25
26,oht:retiredIn,http://purl.obolibrary.org/obo/IAO_0000226,obo:IAO_0000226,OBO IAO,2,screened out,"Read in the shortlist; word overlap only, not a fit for the coined meaning.","The term was created to temporarily stand in for a semantic purpose, but is no longer needed, typically due to another permanent term being defined.",http://purl.obolibrary.org/obo/iao.owl,definition from source file,bm25
26,oht:retiredIn,http://data.europa.eu/eli/ontology#Version,eli:Version,ELI,2,screened out,"Read in the shortlist; word overlap only, not a fit for the coined meaning.",Formally defined as the set of skos:Concept in concept scheme eli:VersionTable,http://data.europa.eu/eli/ontology,definition from source file,bm25
26,oht:retiredIn,https://schema.org/IncentiveStatusRetired,schema:IncentiveStatusRetired,schema.org,2,screened out,"Read in the shortlist; word overlap only, not a fit for the coined meaning.",This incentive is not longer available.,https://schema.org/version/latest/schemaorg-current-https.ttl,definition from source file,bm25
26,oht:retiredIn,https://schema.org/supersededBy,schema:supersededBy,schema.org,2,screened out,"Read in the shortlist; word overlap only, not a fit for the coined meaning.","Relates a term (i.e. a property, class or enumeration) to one that supersedes it.",https://schema.org/version/latest/schemaorg-current-https.ttl,definition from source file,lead
27,oht:hasAxis,http://purl.org/dc/terms/hasPart,dcterms:hasPart,DCMI Terms,1,super,An axis is logically part of the scheme.,A related resource that is included either physically or logically in the described resource.,https://www.dublincore.org/specifications/dublin-core/dcmi-terms/dublin_core_terms.ttl,verified at source,bm25+lead
27,oht:hasAxis,http://purl.org/linked-data/cube#component,qb:component,RDF Data Cube,1,related,Data Cube structure component; analogue only.,indicates a component specification which is included in the structure of the dataset,http://purl.org/linked-data/cube,verified at source,lead
27,oht:hasAxis,http://purl.org/linked-data/cube#dimension,qb:dimension,RDF Data Cube,1,screened out,"Read in the shortlist; word overlap only, not a fit for the coined meaning.",An alternative to qb:componentProperty which makes explicit that the component is a dimension,http://purl.org/linked-data/cube,definition from source file,bm25
27,oht:hasAxis,http://purl.org/linked-data/cube#measureDimension,qb:measureDimension,RDF Data Cube,1,screened out,"Read in the shortlist; word overlap only, not a fit for the coined meaning.",An alternative to qb:componentProperty which makes explicit that the component is a measure dimension,http://purl.org/linked-data/cube,definition from source file,bm25
27,oht:hasAxis,http://purl.org/linked-data/cube#componentProperty,qb:componentProperty,RDF Data Cube,1,screened out,"Read in the shortlist; word overlap only, not a fit for the coined meaning.","indicates a ComponentProperty (i.e. attribute/dimension) expected on a DataSet, or a dimension fixed in a SliceKey",http://purl.org/linked-data/cube,definition from source file,bm25
27,oht:hasAxis,https://w3id.org/airo#hasComponent,https://w3id.org/airo#hasComponent,AIRO,3,screened out,"Read in the shortlist; word overlap only, not a fit for the coined meaning.",Indicates a component incorporating an AI system or another component.,https://w3id.org/airo,definition from source file,bm25
27,oht:hasAxis,http://purl.org/linked-data/cube#ComponentSpecification,qb:ComponentSpecification,RDF Data Cube,1,screened out,"Read in the shortlist; word overlap only, not a fit for the coined meaning.","Used to define properties of a component (attribute, dimension etc) which are specific to its usage in a DSD.",http://purl.org/linked-data/cube,definition from source file,bm25
27,oht:hasAxis,http://rdf-vocabulary.ddialliance.org/xkos#hasPart,xkos:hasPart,XKOS,2,screened out,"Read in the shortlist; word overlap only, not a fit for the coined meaning.",,http://rdf-vocabulary.ddialliance.org/xkos,no definition in file,bm25
27,oht:hasAxis,http://data.europa.eu/eli/ontology#has_part,eli:has_part,ELI,2,screened out,"Read in the shortlist; word overlap only, not a fit for the coined meaning.","inverse of ""is_part_of""",http://data.europa.eu/eli/ontology,definition from source file,bm25
27,oht:hasAxis,http://purl.obolibrary.org/obo/IAO_0000142,obo:IAO_0000142,OBO IAO,2,screened out,"Read in the shortlist; word overlap only, not a fit for the coined meaning.",An information artifact IA mentions an entity E exactly when it has a component/part that denotes E,http://purl.obolibrary.org/obo/iao.owl,definition from source file,bm25
27,oht:hasAxis,https://schema.org/priceComponentType,schema:priceComponentType,schema.org,2,screened out,"Read in the shortlist; word overlap only, not a fit for the coined meaning.","Identifies a price component (for example, a line item on an invoice), part of the total price for an offer.",https://schema.org/version/latest/schemaorg-current-https.ttl,definition from source file,bm25
27,oht:hasAxis,http://www.w3.org/ns/dqv#inDimension,dqv:inDimension,DQV,2,screened out,"Read in the shortlist; word overlap only, not a fit for the coined meaning.","Represents the dimensions a quality metric, certificate and annotation allow a measurement of.",https://www.w3.org/ns/dqv.ttl,definition from source file,bm25
27,oht:hasAxis,http://www.w3.org/ns/mls#hasPart,mls:hasPart,ML Schema,2,screened out,"Read in the shortlist; word overlap only, not a fit for the coined meaning.",A relation which represents a part-whole relationship holding between an entity and its part.,http://www.w3.org/ns/mls,definition from source file,bm25
27,oht:hasAxis,https://schema.org/hasPart,schema:hasPart,schema.org,2,screened out,"Read in the shortlist; word overlap only, not a fit for the coined meaning.","Indicates an item or CreativeWork that is part of this item, or CreativeWork (in some sense).",https://schema.org/version/latest/schemaorg-current-https.ttl,definition from source file,bm25
27,oht:hasAxis,http://purl.org/skos-history/SchemeDeltaInsertions,sh:SchemeDeltaInsertions,skos-history,3,screened out,"Read in the shortlist; word overlap only, not a fit for the coined meaning.",Should be related to the delta by dcterms:isPartOf.,http://purl.org/skos-history/,definition from source file,bm25
27,oht:hasAxis,http://purl.org/skos-history/SchemeDeltaDeletions,sh:SchemeDeltaDeletions,skos-history,3,screened out,"Read in the shortlist; word overlap only, not a fit for the coined meaning.",Should be related to the delta by dcterms:isPartOf.,http://purl.org/skos-history/,definition from source file,bm25
28,oht:axisKind,http://purl.org/dc/terms/type,dcterms:type,DCMI Terms,1,exact,One type slot on an axis.,The nature or genre of the resource.,https://www.dublincore.org/specifications/dublin-core/dcmi-terms/dublin_core_terms.ttl,verified at source,lead
28,oht:axisKind,https://w3id.org/dpv#hasScale,dpv:hasScale,DPV core,2,screened out,"Read in the shortlist; word overlap only, not a fit for the coined meaning.",Indicates the scale of specified concept,https://w3id.org/dpv,definition from source file,bm25
28,oht:axisKind,https://w3id.org/dpv#hasProcessingScale,dpv:hasProcessingScale,DPV core,2,screened out,"Read in the shortlist; word overlap only, not a fit for the coined meaning.",Indicates the scale of processing operations,https://w3id.org/dpv,definition from source file,bm25
28,oht:axisKind,https://w3id.org/dpv#hasDataSubjectScale,dpv:hasDataSubjectScale,DPV core,2,screened out,"Read in the shortlist; word overlap only, not a fit for the coined meaning.",Indicates the scale of data subjects,https://w3id.org/dpv,definition from source file,bm25
28,oht:axisKind,http://rdf-vocabulary.ddialliance.org/discovery#kindOfData,disco:kindOfData,DDI Discovery,3,screened out,"Read in the shortlist; word overlap only, not a fit for the coined meaning.","The general kind of data (e.g. geospatial, register, survey) collected in this study, given either as a skos:Concept, or as a blank node with attached free-text rdfs:label.",http://rdf-vocabulary.ddialliance.org/discovery,definition from source file,bm25
28,oht:axisKind,https://w3id.org/dpv#ProcessingScale,dpv:ProcessingScale,DPV core,2,screened out,"Read in the shortlist; word overlap only, not a fit for the coined meaning.",Scale of Processing,https://w3id.org/dpv,definition from source file,bm25
28,oht:axisKind,https://w3id.org/dpv#Scale,dpv:Scale,DPV core,2,screened out,"Read in the shortlist; word overlap only, not a fit for the coined meaning.",A measurement along some dimension,https://w3id.org/dpv,definition from source file,bm25
28,oht:axisKind,http://www.w3.org/2006/time#TRS,http://www.w3.org/2006/time#TRS,OWL-Time,1,screened out,"Read in the shortlist; word overlap only, not a fit for the coined meaning.","A temporal reference system, such as a temporal coordinate system (with an origin, direction, and scale), a calendar-clock combination, or a (possibly hierarchical) ordinal system. This is a stub class, representing the set of all temporal reference systems.",https://www.w3.org/2006/time.ttl,definition from source file,bm25
28,oht:axisKind,https://schema.org/energyEfficiencyScaleMin,schema:energyEfficiencyScaleMin,schema.org,2,screened out,"Read in the shortlist; word overlap only, not a fit for the coined meaning.","Specifies the least energy efficient class on the regulated EU energy consumption scale for the product category a product belongs to. For example, energy consumption for televisions placed on the market after January 1, 2020 is scaled from D to A+++.",https://schema.org/version/latest/schemaorg-current-https.ttl,definition from source file,bm25
28,oht:axisKind,https://schema.org/energyEfficiencyScaleMax,schema:energyEfficiencyScaleMax,schema.org,2,screened out,"Read in the shortlist; word overlap only, not a fit for the coined meaning.","Specifies the most energy efficient class on the regulated EU energy consumption scale for the product category a product belongs to. For example, energy consumption for televisions placed on the market after January 1, 2020 is scaled from D to A+++.",https://schema.org/version/latest/schemaorg-current-https.ttl,definition from source file,bm25
28,oht:axisKind,https://w3id.org/dpv#DataSubjectScale,dpv:DataSubjectScale,DPV core,2,screened out,"Read in the shortlist; word overlap only, not a fit for the coined meaning.",Scale of Data Subject(s),https://w3id.org/dpv,definition from source file,bm25
28,oht:axisKind,http://www.w3.org/2006/time#nominalPosition,http://www.w3.org/2006/time#nominalPosition,OWL-Time,1,screened out,"Read in the shortlist; word overlap only, not a fit for the coined meaning.",The (nominal) value indicating temporal position in an ordinal reference system,https://www.w3.org/2006/time.ttl,definition from source file,bm25
28,oht:axisKind,https://w3id.org/dpv#NationalScale,dpv:NationalScale,DPV core,2,screened out,"Read in the shortlist; word overlap only, not a fit for the coined meaning.",Geographic coverage spanning a nation,https://w3id.org/dpv,definition from source file,bm25
28,oht:axisKind,https://w3id.org/dpv#LocalityScale,dpv:LocalityScale,DPV core,2,screened out,"Read in the shortlist; word overlap only, not a fit for the coined meaning.",Geographic coverage spanning a specific locality,https://w3id.org/dpv,definition from source file,bm25
28,oht:axisKind,https://w3id.org/dpv#GlobalScale,dpv:GlobalScale,DPV core,2,screened out,"Read in the shortlist; word overlap only, not a fit for the coined meaning.",Geographic coverage spanning the entire globe,https://w3id.org/dpv,definition from source file,bm25
28,oht:axisKind,https://w3id.org/dpv#RegionalScale,dpv:RegionalScale,DPV core,2,screened out,"Read in the shortlist; word overlap only, not a fit for the coined meaning.",Geographic coverage spanning a specific region or regions,https://w3id.org/dpv,definition from source file,bm25
29,oht:multiValued,https://schema.org/multipleValues,schema:multipleValues,schema.org,2,related,'Whether multiple values are allowed for the property'; domain PropertyValueSpecification.,Whether multiple values are allowed for the property. Default is false.,https://schema.org/version/latest/schemaorg-current-https.ttl,verified at source,bm25
29,oht:multiValued,http://www.w3.org/2002/07/owl#FunctionalProperty,owl:FunctionalProperty,OWL 2,1,related,Would need one property per axis.,The class of functional properties.,https://www.w3.org/2002/07/owl.ttl,verified at source,lead
29,oht:multiValued,https://w3id.org/sssom/mapping_cardinality,sssom:mapping_cardinality,SSSOM,2,screened out,"Read in the shortlist; word overlap only, not a fit for the coined meaning.","A value indicating whether the subject (respectively object) of this mapping record is present in other records involving a different object (respectively subject), within the subset of records defined by the cardinality_scope slot (or within the entire mapping set if cardinality_scope is undefined). Note that this is a convenience field, whose values can always be derived from the mapping set.",https://w3id.org/sssom/,definition from source file,bm25
29,oht:multiValued,https://w3id.org/sssom/mapping_cardinality_enum#n:n,sssom:mapping_cardinality_enum#n:n,SSSOM,2,screened out,"Read in the shortlist; word overlap only, not a fit for the coined meaning.","Indicates the mapping record is about a many-to-many mapping, that is, the subject is mapped to several different objects and the object is mapped to several different subjects.",https://w3id.org/sssom/,definition from source file,bm25
29,oht:multiValued,https://w3id.org/sssom/mapping_cardinality_enum#n:1,sssom:mapping_cardinality_enum#n:1,SSSOM,2,screened out,"Read in the shortlist; word overlap only, not a fit for the coined meaning.","Indicates the mapping record is about a many-to-one mapping, that is, several different subjects are mapped to the same object.",https://w3id.org/sssom/,definition from source file,bm25
29,oht:multiValued,https://w3id.org/sssom/mapping_cardinality_enum#1:n,sssom:mapping_cardinality_enum#1:n,SSSOM,2,screened out,"Read in the shortlist; word overlap only, not a fit for the coined meaning.","Indicates the mapping record is about a one-to-many mapping, that is, the same subject is mapped to several different objects.",https://w3id.org/sssom/,definition from source file,bm25
29,oht:multiValued,http://www.w3.org/2002/07/owl#cardinality,owl:cardinality,OWL 2,1,screened out,"Read in the shortlist; word overlap only, not a fit for the coined meaning.",The property that determines the cardinality of an exact cardinality restriction.,https://www.w3.org/2002/07/owl.ttl,definition from source file,bm25
29,oht:multiValued,http://www.w3.org/2002/07/owl#minCardinality,owl:minCardinality,OWL 2,1,screened out,"Read in the shortlist; word overlap only, not a fit for the coined meaning.",The property that determines the cardinality of a minimum cardinality restriction.,https://www.w3.org/2002/07/owl.ttl,definition from source file,bm25
29,oht:multiValued,http://www.w3.org/2002/07/owl#maxCardinality,owl:maxCardinality,OWL 2,1,screened out,"Read in the shortlist; word overlap only, not a fit for the coined meaning.",The property that determines the cardinality of a maximum cardinality restriction.,https://www.w3.org/2002/07/owl.ttl,definition from source file,bm25
29,oht:multiValued,http://www.w3.org/2002/07/owl#qualifiedCardinality,owl:qualifiedCardinality,OWL 2,1,screened out,"Read in the shortlist; word overlap only, not a fit for the coined meaning.",The property that determines the cardinality of an exact qualified cardinality restriction.,https://www.w3.org/2002/07/owl.ttl,definition from source file,bm25
29,oht:multiValued,http://www.w3.org/2002/07/owl#minQualifiedCardinality,owl:minQualifiedCardinality,OWL 2,1,screened out,"Read in the shortlist; word overlap only, not a fit for the coined meaning.",The property that determines the cardinality of a minimum qualified cardinality restriction.,https://www.w3.org/2002/07/owl.ttl,definition from source file,bm25
29,oht:multiValued,http://www.w3.org/2002/07/owl#maxQualifiedCardinality,owl:maxQualifiedCardinality,OWL 2,1,screened out,"Read in the shortlist; word overlap only, not a fit for the coined meaning.",The property that determines the cardinality of a maximum qualified cardinality restriction.,https://www.w3.org/2002/07/owl.ttl,definition from source file,bm25
29,oht:multiValued,https://schema.org/playMode,schema:playMode,schema.org,2,screened out,"Read in the shortlist; word overlap only, not a fit for the coined meaning.","Indicates whether this game is multi-player, co-op or single-player. The game can be marked as multi-player, co-op and single-player at the same time.",https://schema.org/version/latest/schemaorg-current-https.ttl,definition from source file,bm25
29,oht:multiValued,http://purl.obolibrary.org/obo/IAO_0000184,obo:IAO_0000184,OBO IAO,2,screened out,"Read in the shortlist; word overlap only, not a fit for the coined meaning.","A scatterplot is a graph which uses Cartesian coordinates to display values for two variables for a set of data. The data is displayed as a collection of points, each having the value of one variable determining the position on the horizontal axis and the value of the other variable determining the position on the vertical axis.",http://purl.obolibrary.org/obo/iao.owl,definition from source file,bm25
29,oht:multiValued,https://w3id.org/semapv/vocab/CardinalityFiltering,semapv:CardinalityFiltering,SEMAPV,2,screened out,"Read in the shortlist; word overlap only, not a fit for the coined meaning.",,https://w3id.org/semapv/vocab/,no definition in file,bm25
29,oht:multiValued,http://cv.iptc.org/newscodes/digitalsourcetype/composite,iptcdst:composite,IPTC Digital Source Type,2,screened out,"Read in the shortlist; word overlap only, not a fit for the coined meaning.","Mix or composite of several elements, any of which may or may not be generative AI",http://cv.iptc.org/newscodes/digitalsourcetype/,definition from source file,bm25
30,oht:hasFacetValue,http://rdf-vocabulary.ddialliance.org/xkos#classifiedUnder,xkos:classifiedUnder,XKOS,2,super,"XKOS's generic 'entity classified under a classification item' property, which it expects to be specialised; a concept taking a value on an axis is exactly that.","classifying results in the creation of a RDF statement where the resource representing the entity is the subject and the concept representing the classification item is the object. XKOS defines a generic property, xkos:classifiedUnder, that can be used in such statements ... it is expected that xkos:classifiedUnder will be specialized for different classification systems.",https://rdf-vocabulary.ddialliance.org/xkos.html (section 5),verified at source (specification text),reading
30,oht:hasFacetValue,http://www.w3.org/2004/02/skos/core#related,skos:related,SKOS,1,related,Associative only.,Relates a concept to a concept with which there is an associative semantic relationship.,http://www.w3.org/2004/02/skos/core.rdf,verified at source,lead
30,oht:hasFacetValue,http://www.w3.org/ns/org#classification,http://www.w3.org/ns/org#classification,ORG,1,screened out,"Read in the shortlist; word overlap only, not a fit for the coined meaning.",Indicates a classification for this Organization within some classification scheme. Extension vocabularies may wish to specialize this property to have a range corresponding to a specific `skos:ConceptScheme`. This property is under discussion and may be revised or removed - in many cases organizations are best categorized by defining a sub-class hierarchy in an extension vocabulary.,https://www.w3.org/ns/org.ttl,definition from source file,bm25
30,oht:hasFacetValue,http://w3id.org/nkos/nkostype#classification_scheme,nkostype:classification_scheme,NKOS KOS Types,3,screened out,"Read in the shortlist; word overlap only, not a fit for the coined meaning.","schedule of concepts and pre-coordinated combinations of concepts, arranged by classification",https://nkos.dublincore.org/nkos-type.html,definition from source file,bm25
30,oht:hasFacetValue,http://www.w3.org/2004/02/skos/core#topConceptOf,skos:topConceptOf,SKOS,1,screened out,"Read in the shortlist; word overlap only, not a fit for the coined meaning.",Relates a concept to the concept scheme that it is a top level concept of.,http://www.w3.org/2004/02/skos/core.rdf,definition from source file,bm25
30,oht:hasFacetValue,http://www.w3.org/2004/02/skos/core#inScheme,skos:inScheme,SKOS,1,screened out,"Read in the shortlist; word overlap only, not a fit for the coined meaning.",Relates a resource (for example a concept) to a concept scheme in which it is included.,http://www.w3.org/2004/02/skos/core.rdf,definition from source file,bm25
30,oht:hasFacetValue,http://www.w3.org/2004/02/skos/core#notation,skos:notation,SKOS,1,screened out,"Read in the shortlist; word overlap only, not a fit for the coined meaning.","A notation, also known as classification code, is a string of characters such as ""T58.5"" or ""303.4833"" used to uniquely identify a concept within the scope of a given concept scheme.",http://www.w3.org/2004/02/skos/core.rdf,definition from source file,bm25
30,oht:hasFacetValue,http://data.europa.eu/eli/ontology#LegalValue,eli:LegalValue,ELI,2,screened out,"Read in the shortlist; word overlap only, not a fit for the coined meaning.",Formally defined as the set of skos:Concept in concept scheme eli:LegalValueTable,http://data.europa.eu/eli/ontology,definition from source file,bm25
30,oht:hasFacetValue,http://www.w3.org/2002/07/owl#withRestrictions,owl:withRestrictions,OWL 2,1,screened out,"Read in the shortlist; word overlap only, not a fit for the coined meaning.",The property that determines the collection of facet-value pairs that define a datatype restriction.,https://www.w3.org/2002/07/owl.ttl,definition from source file,bm25
30,oht:hasFacetValue,http://purl.org/linked-data/cube#measureType,qb:measureType,RDF Data Cube,1,screened out,"Read in the shortlist; word overlap only, not a fit for the coined meaning.","Generic measure dimension, the value of this dimension indicates which measure (from the set of measures in the DSD) is being given by the obsValue (or other primary measure)",http://purl.org/linked-data/cube,definition from source file,bm25
30,oht:hasFacetValue,http://www.w3.org/2004/02/skos/core#hasTopConcept,skos:hasTopConcept,SKOS,1,screened out,"Read in the shortlist; word overlap only, not a fit for the coined meaning.","Relates, by convention, a concept scheme to a concept which is topmost in the broader/narrower concept hierarchies for that scheme, providing an entry point to these hierarchies.",http://www.w3.org/2004/02/skos/core.rdf,definition from source file,bm25
30,oht:hasFacetValue,http://purl.org/linked-data/cube#dimension,qb:dimension,RDF Data Cube,1,screened out,"Read in the shortlist; word overlap only, not a fit for the coined meaning.",An alternative to qb:componentProperty which makes explicit that the component is a dimension,http://purl.org/linked-data/cube,definition from source file,bm25
30,oht:hasFacetValue,http://www.w3.org/2004/02/skos/core#ConceptScheme,skos:ConceptScheme,SKOS,1,screened out,"Read in the shortlist; word overlap only, not a fit for the coined meaning.","A set of concepts, optionally including statements about semantic relationships between those concepts.",http://www.w3.org/2004/02/skos/core.rdf,definition from source file,bm25
30,oht:hasFacetValue,http://www.w3.org/ns/dqv#inDimension,dqv:inDimension,DQV,2,screened out,"Read in the shortlist; word overlap only, not a fit for the coined meaning.","Represents the dimensions a quality metric, certificate and annotation allow a measurement of.",https://www.w3.org/ns/dqv.ttl,definition from source file,bm25
30,oht:hasFacetValue,http://purl.org/linked-data/cube#measureDimension,qb:measureDimension,RDF Data Cube,1,screened out,"Read in the shortlist; word overlap only, not a fit for the coined meaning.",An alternative to qb:componentProperty which makes explicit that the component is a measure dimension,http://purl.org/linked-data/cube,definition from source file,bm25
30,oht:hasFacetValue,http://purl.org/skos-history/SchemeDelta,sh:SchemeDelta,skos-history,3,screened out,"Read in the shortlist; word overlap only, not a fit for the coined meaning.",The delta of two versions of a SKOS concept scheme.,http://purl.org/skos-history/,definition from source file,bm25
30,oht:hasFacetValue,http://data.europa.eu/eli/ontology#in_force,eli:in_force,ELI,2,screened out,"Read in the shortlist; word overlap only, not a fit for the coined meaning.",A value indicating the legal force of a legal resource or a legal expression. A set of values is defined by ELI in the corresponding concept scheme. These values are : - in force - partially in force - not in force,http://data.europa.eu/eli/ontology,definition from source file,bm25
31,oht:consequence,http://www.w3.org/2004/02/skos/core#scopeNote,skos:scopeNote,SKOS,1,super,'A note that helps to clarify the meaning and/or the use of a concept.',A note that helps to clarify the meaning and/or the use of a concept.,http://www.w3.org/2004/02/skos/core.rdf,verified at source,bm25+lead
31,oht:consequence,http://www.w3.org/2004/02/skos/core#note,skos:note,SKOS,1,super,Safe general parent.,"A general note, for any purpose.",http://www.w3.org/2004/02/skos/core.rdf,verified at source,lead
31,oht:consequence,https://w3id.org/dpv#hasConsequence,dpv:hasConsequence,DPV core,2,related,"Links to a dpv:Consequence resource, not a note.",Indicates consequence(s) possible or arising from specified concept,https://w3id.org/dpv,verified at source,bm25
31,oht:consequence,http://www.w3.org/2004/02/skos/core#topConceptOf,skos:topConceptOf,SKOS,1,screened out,"Read in the shortlist; word overlap only, not a fit for the coined meaning.",Relates a concept to the concept scheme that it is a top level concept of.,http://www.w3.org/2004/02/skos/core.rdf,definition from source file,bm25
31,oht:consequence,http://www.w3.org/2004/02/skos/core#inScheme,skos:inScheme,SKOS,1,screened out,"Read in the shortlist; word overlap only, not a fit for the coined meaning.",Relates a resource (for example a concept) to a concept scheme in which it is included.,http://www.w3.org/2004/02/skos/core.rdf,definition from source file,bm25
31,oht:consequence,https://w3id.org/dpv#hasScope,dpv:hasScope,DPV core,2,screened out,"Read in the shortlist; word overlap only, not a fit for the coined meaning.",Indicates the scope of specified concept or context,https://w3id.org/dpv,definition from source file,bm25
31,oht:consequence,http://www.w3.org/2004/02/skos/core#notation,skos:notation,SKOS,1,screened out,"Read in the shortlist; word overlap only, not a fit for the coined meaning.","A notation, also known as classification code, is a string of characters such as ""T58.5"" or ""303.4833"" used to uniquely identify a concept within the scope of a given concept scheme.",http://www.w3.org/2004/02/skos/core.rdf,definition from source file,bm25
31,oht:consequence,http://rdf-vocabulary.ddialliance.org/xkos#follows,xkos:follows,XKOS,2,screened out,"Read in the shortlist; word overlap only, not a fit for the coined meaning.",,http://rdf-vocabulary.ddialliance.org/xkos,no definition in file,bm25
31,oht:consequence,https://w3id.org/sssom/cardinality_scope,sssom:cardinality_scope,SSSOM,2,screened out,"Read in the shortlist; word overlap only, not a fit for the coined meaning.","A list of mapping slots that define the scope for the value found in the mapping_cardinality slot. Mappings are considered to belong to the same scope if they have the same value for all slots listed in the scope. If no scope is defined, the default scope is empty, meaning that all mappings belong to a single scope that is identical to the entire mapping set. The behaviour if a value in the list does not correspond to a valid slot name is undefined.",https://w3id.org/sssom/,definition from source file,bm25
31,oht:consequence,http://data.europa.eu/eli/ontology#LegalValue,eli:LegalValue,ELI,2,screened out,"Read in the shortlist; word overlap only, not a fit for the coined meaning.",Formally defined as the set of skos:Concept in concept scheme eli:LegalValueTable,http://data.europa.eu/eli/ontology,definition from source file,bm25
31,oht:consequence,https://schema.org/follows,schema:follows,schema.org,2,screened out,"Read in the shortlist; word overlap only, not a fit for the coined meaning.",The most generic uni-directional social relation.,https://schema.org/version/latest/schemaorg-current-https.ttl,definition from source file,bm25
31,oht:consequence,https://w3id.org/dpv/risk#PotentialConsequence,risk:PotentialConsequence,DPV RISK,2,screened out,"Read in the shortlist; word overlap only, not a fit for the coined meaning.",Indicates a concept can potentially be a 'consequence concept within an use-case,https://w3id.org/dpv/risk,definition from source file,bm25
31,oht:consequence,https://w3id.org/airo#followsCodeOfConduct,https://w3id.org/airo#followsCodeOfConduct,AIRO,3,screened out,"Read in the shortlist; word overlap only, not a fit for the coined meaning.",Indicates the code of conduct followed.,https://w3id.org/airo,definition from source file,bm25
31,oht:consequence,http://www.w3.org/2004/02/skos/core#hasTopConcept,skos:hasTopConcept,SKOS,1,screened out,"Read in the shortlist; word overlap only, not a fit for the coined meaning.","Relates, by convention, a concept scheme to a concept which is topmost in the broader/narrower concept hierarchies for that scheme, providing an entry point to these hierarchies.",http://www.w3.org/2004/02/skos/core.rdf,definition from source file,bm25
31,oht:consequence,http://www.w3.org/2004/02/skos/core#ConceptScheme,skos:ConceptScheme,SKOS,1,screened out,"Read in the shortlist; word overlap only, not a fit for the coined meaning.","A set of concepts, optionally including statements about semantic relationships between those concepts.",http://www.w3.org/2004/02/skos/core.rdf,definition from source file,bm25
31,oht:consequence,https://w3id.org/dpv#Filter,dpv:Filter,DPV core,2,screened out,"Read in the shortlist; word overlap only, not a fit for the coined meaning.",to filter or keep data for some criteria,https://w3id.org/dpv,definition from source file,bm25
32,oht:hasOutput,http://www.w3.org/ns/ssn/hasOutput,ssn:hasOutput,SSN,1,exact,'Relation between a Procedure and an Output of it.',Relation between a Procedure and an Output of it.,https://www.w3.org/ns/ssn/,verified at source,bm25+lead
32,oht:hasOutput,http://www.w3.org/ns/mls#hasOutput,mls:hasOutput,ML Schema,2,related,Run to model.,A relation between a run and either a model or model evaluation that is produced on it’s output.,http://www.w3.org/ns/mls,verified at source,bm25
32,oht:hasOutput,https://w3id.org/airo#hasControlOverAIOutput,https://w3id.org/airo#hasControlOverAIOutput,AIRO,3,screened out,"Read in the shortlist; word overlap only, not a fit for the coined meaning.",Indicates the level of control a stakeholder has over outputs produced by an AI system.,https://w3id.org/airo,definition from source file,bm25
32,oht:hasOutput,http://purl.obolibrary.org/obo/IAO_0000418,obo:IAO_0000418,OBO IAO,2,screened out,"Read in the shortlist; word overlap only, not a fit for the coined meaning.",A relation between a data item and a quality of a material entity where the material entity is the specified output of a material transformation which achieves an objective specification that indicates the intended value of the specified quality.,http://purl.obolibrary.org/obo/iao.owl,definition from source file,bm25
32,oht:hasOutput,http://www.w3.org/2004/02/skos/core#hasTopConcept,skos:hasTopConcept,SKOS,1,screened out,"Read in the shortlist; word overlap only, not a fit for the coined meaning.","Relates, by convention, a concept scheme to a concept which is topmost in the broader/narrower concept hierarchies for that scheme, providing an entry point to these hierarchies.",http://www.w3.org/2004/02/skos/core.rdf,definition from source file,bm25
32,oht:hasOutput,http://www.w3.org/ns/odrl/2/output,odrl:output,ODRL,1,screened out,"Read in the shortlist; word overlap only, not a fit for the coined meaning.",The output property specifies the Asset which is created from the output of the Action.,https://www.w3.org/ns/odrl/2/ODRL22.ttl,definition from source file,bm25
32,oht:hasOutput,https://w3id.org/airo#hasInput,https://w3id.org/airo#hasInput,AIRO,3,screened out,"Read in the shortlist; word overlap only, not a fit for the coined meaning.",Indicates the input an AI system or componet need to process to generate output.,https://w3id.org/airo,definition from source file,bm25
32,oht:hasOutput,http://www.w3.org/2004/02/skos/core#inScheme,skos:inScheme,SKOS,1,screened out,"Read in the shortlist; word overlap only, not a fit for the coined meaning.",Relates a resource (for example a concept) to a concept scheme in which it is included.,http://www.w3.org/2004/02/skos/core.rdf,definition from source file,bm25
32,oht:hasOutput,https://w3id.org/airo#producesOutput,https://w3id.org/airo#producesOutput,AIRO,3,screened out,"Read in the shortlist; word overlap only, not a fit for the coined meaning.",Specifies an output generated by an AI system or component.,https://w3id.org/airo,definition from source file,bm25
32,oht:hasOutput,https://schema.org/serviceOutput,schema:serviceOutput,schema.org,2,screened out,"Read in the shortlist; word overlap only, not a fit for the coined meaning.","The tangible thing generated by the service, e.g. a passport, permit, etc.",https://schema.org/version/latest/schemaorg-current-https.ttl,definition from source file,bm25
32,oht:hasOutput,https://schema.org/hasShippingService,schema:hasShippingService,schema.org,2,screened out,"Read in the shortlist; word overlap only, not a fit for the coined meaning.",Specification of a shipping service offered by the organization.,https://schema.org/version/latest/schemaorg-current-https.ttl,definition from source file,bm25
32,oht:hasOutput,http://www.w3.org/2004/02/skos/core#topConceptOf,skos:topConceptOf,SKOS,1,screened out,"Read in the shortlist; word overlap only, not a fit for the coined meaning.",Relates a concept to the concept scheme that it is a top level concept of.,http://www.w3.org/2004/02/skos/core.rdf,definition from source file,bm25
32,oht:hasOutput,https://w3id.org/airo#Output,https://w3id.org/airo#Output,AIRO,3,screened out,"Read in the shortlist; word overlap only, not a fit for the coined meaning.",Output generated by the system.,https://w3id.org/airo,definition from source file,bm25
32,oht:hasOutput,http://www.w3.org/ns/ssn/Output,ssn:Output,SSN,1,screened out,"Read in the shortlist; word overlap only, not a fit for the coined meaning.",Any information that is reported from a Procedure.,https://www.w3.org/ns/ssn/,definition from source file,bm25
32,oht:hasOutput,http://w3id.org/nkos/nkostype#categorization_scheme,nkostype:categorization_scheme,NKOS KOS Types,3,screened out,"Read in the shortlist; word overlap only, not a fit for the coined meaning.",loosely formed grouping scheme,https://nkos.dublincore.org/nkos-type.html,definition from source file,bm25
33,oht:outputType,http://purl.org/dc/terms/type,dcterms:type,DCMI Terms,1,exact,One type slot on an output.,The nature or genre of the resource.,https://www.dublincore.org/specifications/dublin-core/dcmi-terms/dublin_core_terms.ttl,verified at source,lead
33,oht:outputType,http://www.w3.org/ns/odrl/2/isNoneOf,odrl:isNoneOf,ODRL,1,screened out,"Read in the shortlist; word overlap only, not a fit for the coined meaning.",A set-based operator indicating that a given value is none of the right operand of the Constraint.,https://www.w3.org/ns/odrl/2/ODRL22.ttl,definition from source file,bm25
33,oht:outputType,https://w3id.org/sssom/similarity_score,sssom:similarity_score,SSSOM,2,screened out,"Read in the shortlist; word overlap only, not a fit for the coined meaning.","A score between 0 and 1 to denote the similarity between two entities, where 1 denotes equivalence, and 0 denotes disjointness. The score is meant to be used in conjunction with the similarity_measure field, to document, for example, the lexical or semantic match of a matching algorithm.",https://w3id.org/sssom/,definition from source file,bm25
33,oht:outputType,https://schema.org/mapType,schema:mapType,schema.org,2,screened out,"Read in the shortlist; word overlap only, not a fit for the coined meaning.","Indicates the kind of Map, from the MapCategoryType Enumeration.",https://schema.org/version/latest/schemaorg-current-https.ttl,definition from source file,bm25
33,oht:outputType,http://www.w3.org/ns/dqv#expectedDataType,dqv:expectedDataType,DQV,2,screened out,"Read in the shortlist; word overlap only, not a fit for the coined meaning.","Represents the expected data type for metric's observed value (e.g. xsd:boolean, xsd:double etc...)",https://www.w3.org/ns/dqv.ttl,definition from source file,bm25
33,oht:outputType,https://schema.org/Boolean,schema:Boolean,schema.org,2,screened out,"Read in the shortlist; word overlap only, not a fit for the coined meaning.",Boolean: True or False.,https://schema.org/version/latest/schemaorg-current-https.ttl,definition from source file,bm25
33,oht:outputType,https://schema.org/albumReleaseType,schema:albumReleaseType,schema.org,2,screened out,"Read in the shortlist; word overlap only, not a fit for the coined meaning.","The kind of release which this album is: single, EP or album.",https://schema.org/version/latest/schemaorg-current-https.ttl,definition from source file,bm25
33,oht:outputType,http://www.w3.org/ns/odrl/2/output,odrl:output,ODRL,1,screened out,"Read in the shortlist; word overlap only, not a fit for the coined meaning.",The output property specifies the Asset which is created from the output of the Action.,https://www.w3.org/ns/odrl/2/ODRL22.ttl,definition from source file,bm25
33,oht:outputType,https://schema.org/learningResourceType,schema:learningResourceType,schema.org,2,screened out,"Read in the shortlist; word overlap only, not a fit for the coined meaning.","The predominant type or kind characterizing the learning resource. For example, 'presentation', 'handout'.",https://schema.org/version/latest/schemaorg-current-https.ttl,definition from source file,bm25
33,oht:outputType,https://w3id.org/vair#DeterminingCreditScore,https://w3id.org/vair#DeterminingCreditScore,VAIR,3,screened out,"Read in the shortlist; word overlap only, not a fit for the coined meaning.",Determining credit score of a person,https://w3id.org/vair,definition from source file,bm25
33,oht:outputType,https://schema.org/MedicalRiskScore,schema:MedicalRiskScore,schema.org,2,screened out,"Read in the shortlist; word overlap only, not a fit for the coined meaning.","A simple system that adds up the number of risk factors to yield a score that is associated with prognosis, e.g. CHAD score, TIMI risk score.",https://schema.org/version/latest/schemaorg-current-https.ttl,definition from source file,bm25
33,oht:outputType,http://www.w3.org/ns/ssn/hasOutput,ssn:hasOutput,SSN,1,screened out,"Read in the shortlist; word overlap only, not a fit for the coined meaning.",Relation between a Procedure and an Output of it.,https://www.w3.org/ns/ssn/,definition from source file,bm25
33,oht:outputType,https://w3id.org/airo#producesOutput,https://w3id.org/airo#producesOutput,AIRO,3,screened out,"Read in the shortlist; word overlap only, not a fit for the coined meaning.",Specifies an output generated by an AI system or component.,https://w3id.org/airo,definition from source file,bm25
33,oht:outputType,https://schema.org/serviceOutput,schema:serviceOutput,schema.org,2,screened out,"Read in the shortlist; word overlap only, not a fit for the coined meaning.","The tangible thing generated by the service, e.g. a passport, permit, etc.",https://schema.org/version/latest/schemaorg-current-https.ttl,definition from source file,bm25
33,oht:outputType,http://rdf-vocabulary.ddialliance.org/discovery#kindOfData,disco:kindOfData,DDI Discovery,3,screened out,"Read in the shortlist; word overlap only, not a fit for the coined meaning.","The general kind of data (e.g. geospatial, register, survey) collected in this study, given either as a skos:Concept, or as a blank node with attached free-text rdfs:label.",http://rdf-vocabulary.ddialliance.org/discovery,definition from source file,bm25
33,oht:outputType,https://w3id.org/sssom/similarity_measure,sssom:similarity_measure,SSSOM,2,screened out,"Read in the shortlist; word overlap only, not a fit for the coined meaning.","The measure used for computing a similarity score. This field is meant to be used in conjunction with the similarity_score field, to document, for example, the lexical or semantic match of a matching algorithm. To make processing this field as unambiguous as possible, we recommend using wikidata CURIEs, but the type of this field is deliberately unspecified.",https://w3id.org/sssom/,definition from source file,bm25
34,oht:outputAxis,http://purl.org/linked-data/cube#dimension,qb:dimension,RDF Data Cube,1,related,"Data Cube structure, not classifier output.",An alternative to qb:componentProperty which makes explicit that the component is a dimension,http://purl.org/linked-data/cube,verified at source,lead
34,oht:outputAxis,https://w3id.org/airo#ModeOfOutputControllability,https://w3id.org/airo#ModeOfOutputControllability,AIRO,3,screened out,"Read in the shortlist; word overlap only, not a fit for the coined meaning.",The level of control over AI outputs exercised by humans.,https://w3id.org/airo,definition from source file,bm25
34,oht:outputAxis,https://w3id.org/airo#hasControlOverAIOutput,https://w3id.org/airo#hasControlOverAIOutput,AIRO,3,screened out,"Read in the shortlist; word overlap only, not a fit for the coined meaning.",Indicates the level of control a stakeholder has over outputs produced by an AI system.,https://w3id.org/airo,definition from source file,bm25
34,oht:outputAxis,https://schema.org/OrderReturned,schema:OrderReturned,schema.org,2,screened out,"Read in the shortlist; word overlap only, not a fit for the coined meaning.",OrderStatus representing that an order has been returned.,https://schema.org/version/latest/schemaorg-current-https.ttl,definition from source file,bm25
34,oht:outputAxis,http://www.w3.org/ns/odrl/2/output,odrl:output,ODRL,1,screened out,"Read in the shortlist; word overlap only, not a fit for the coined meaning.",The output property specifies the Asset which is created from the output of the Action.,https://www.w3.org/ns/odrl/2/ODRL22.ttl,definition from source file,bm25
34,oht:outputAxis,http://www.w3.org/ns/ssn/hasOutput,ssn:hasOutput,SSN,1,screened out,"Read in the shortlist; word overlap only, not a fit for the coined meaning.",Relation between a Procedure and an Output of it.,https://www.w3.org/ns/ssn/,definition from source file,bm25
34,oht:outputAxis,https://w3id.org/airo#producesOutput,https://w3id.org/airo#producesOutput,AIRO,3,screened out,"Read in the shortlist; word overlap only, not a fit for the coined meaning.",Specifies an output generated by an AI system or component.,https://w3id.org/airo,definition from source file,bm25
34,oht:outputAxis,https://w3id.org/dpv#hasScale,dpv:hasScale,DPV core,2,screened out,"Read in the shortlist; word overlap only, not a fit for the coined meaning.",Indicates the scale of specified concept,https://w3id.org/dpv,definition from source file,bm25
34,oht:outputAxis,https://w3id.org/dpv#hasProcessingScale,dpv:hasProcessingScale,DPV core,2,screened out,"Read in the shortlist; word overlap only, not a fit for the coined meaning.",Indicates the scale of processing operations,https://w3id.org/dpv,definition from source file,bm25
34,oht:outputAxis,https://schema.org/serviceOutput,schema:serviceOutput,schema.org,2,screened out,"Read in the shortlist; word overlap only, not a fit for the coined meaning.","The tangible thing generated by the service, e.g. a passport, permit, etc.",https://schema.org/version/latest/schemaorg-current-https.ttl,definition from source file,bm25
34,oht:outputAxis,https://w3id.org/dpv#hasDataSubjectScale,dpv:hasDataSubjectScale,DPV core,2,screened out,"Read in the shortlist; word overlap only, not a fit for the coined meaning.",Indicates the scale of data subjects,https://w3id.org/dpv,definition from source file,bm25
34,oht:outputAxis,https://w3id.org/airo#Output,https://w3id.org/airo#Output,AIRO,3,screened out,"Read in the shortlist; word overlap only, not a fit for the coined meaning.",Output generated by the system.,https://w3id.org/airo,definition from source file,bm25
34,oht:outputAxis,http://www.w3.org/ns/ssn/Output,ssn:Output,SSN,1,screened out,"Read in the shortlist; word overlap only, not a fit for the coined meaning.",Any information that is reported from a Procedure.,https://www.w3.org/ns/ssn/,definition from source file,bm25
34,oht:outputAxis,http://www.w3.org/ns/mls#hasOutput,mls:hasOutput,ML Schema,2,screened out,"Read in the shortlist; word overlap only, not a fit for the coined meaning.",A relation between a run and either a model or model evaluation that is produced on it’s output.,http://www.w3.org/ns/mls,definition from source file,bm25
34,oht:outputAxis,https://w3id.org/dpv#ProcessingScale,dpv:ProcessingScale,DPV core,2,screened out,"Read in the shortlist; word overlap only, not a fit for the coined meaning.",Scale of Processing,https://w3id.org/dpv,definition from source file,bm25
34,oht:outputAxis,https://w3id.org/dpv#Scale,dpv:Scale,DPV core,2,screened out,"Read in the shortlist; word overlap only, not a fit for the coined meaning.",A measurement along some dimension,https://w3id.org/dpv,definition from source file,bm25
35,oht:modality,http://purl.org/dc/dcmitype/Text,dcmitype:Text,DCMI Type,1,related,"Value reuse: DCMI Type gives Text, StillImage, MovingImage, Sound; tier 1.",A resource consisting primarily of words for reading.,https://www.dublincore.org/specifications/dublin-core/dcmi-terms/dublin_core_type.ttl,verified at source,reading
35,oht:modality,http://purl.org/dc/terms/format,dcterms:format,DCMI Terms,1,related,Format of the resource itself.,"The file format, physical medium, or dimensions of the resource.",https://www.dublincore.org/specifications/dublin-core/dcmi-terms/dublin_core_terms.ttl,verified at source,lead
35,oht:modality,https://schema.org/encodingFormat,schema:encodingFormat,schema.org,2,related,MIME type of a media object.,"Media type typically expressed using a MIME format (see [IANA site](http://www.iana.org/assignments/media-types/media-types.xhtml) and [MDN reference](https://developer.mozilla.org/en-US/docs/Web/HTTP/Basics_of_HTTP/MIME_types)), e.g. application/zip for a SoftwareApplication binary, audio/mpeg for .mp3 etc. In cases where a [[CreativeWork]] has several media type representations, [[encoding]] can be used to indicate each [[MediaObject]] alongside particular [[encodingFormat]] information. Unregistered or niche encoding and file formats can be indicated instead via the most appropriate URL, e.g. defining Web page or a Wikipedia/Wikidata entry.",https://schema.org/version/latest/schemaorg-current-https.ttl,verified at source,bm25+lead
35,oht:modality,https://schema.org/videoFormat,schema:videoFormat,schema.org,2,screened out,"Read in the shortlist; word overlap only, not a fit for the coined meaning.","The type of screening or video broadcast used (e.g. IMAX, 3D, SD, HD, etc.).",https://schema.org/version/latest/schemaorg-current-https.ttl,definition from source file,bm25
35,oht:modality,https://schema.org/MediaObject,schema:MediaObject,schema.org,2,screened out,"Read in the shortlist; word overlap only, not a fit for the coined meaning.","A media object, such as an image, video, audio, or text object embedded in a web page or a downloadable dataset i.e. DataDownload. Note that a creative work may have many media objects associated with it on the same web page. For example, a page about a single song (MusicRecording) may have a music video (VideoObject), and a high and low bandwidth audio stream (2 AudioObject's).",https://schema.org/version/latest/schemaorg-current-https.ttl,definition from source file,bm25
35,oht:modality,http://data.europa.eu/eli/ontology#FormatType,eli:FormatType,ELI,2,screened out,"Read in the shortlist; word overlap only, not a fit for the coined meaning.",Formally defined as the set of skos:Concept in concept scheme eli:MediaTypeTable.,http://data.europa.eu/eli/ontology,definition from source file,bm25
35,oht:modality,https://schema.org/transcript,schema:transcript,schema.org,2,screened out,"Read in the shortlist; word overlap only, not a fit for the coined meaning.","If this MediaObject is an AudioObject or VideoObject, the transcript of that object.",https://schema.org/version/latest/schemaorg-current-https.ttl,definition from source file,bm25
35,oht:modality,https://schema.org/musicReleaseFormat,schema:musicReleaseFormat,schema.org,2,screened out,"Read in the shortlist; word overlap only, not a fit for the coined meaning.","Format of this release (the type of recording media used, i.e. compact disc, digital media, LP, etc.).",https://schema.org/version/latest/schemaorg-current-https.ttl,definition from source file,bm25
35,oht:modality,https://schema.org/EditedOrCroppedContent,schema:EditedOrCroppedContent,schema.org,2,screened out,"Read in the shortlist; word overlap only, not a fit for the coined meaning.","Content coded 'edited or cropped content' in a [[MediaReview]], considered in the context of how it was published or shared. For a [[VideoObject]] to be 'edited or cropped content': The video has been edited or rearranged. This category applies to time edits, including editing multiple videos together to alter the story being told or editing out large portions from a video. For an [[ImageObject]] to be 'edited or cropped content': Presenting a part of an image from a larger whole to mislead the viewer. For an [[ImageObject]] with embedded text to be 'edited or cropped content': Presenting a part of an image from a larger whole to mislead the viewer. For an [[AudioObject]] to be 'edited or cropped content': The audio has been edited or rearranged. This category applies to time edits, including editing multiple audio clips together to alter the story being told or editing out large portions from the recording.",https://schema.org/version/latest/schemaorg-current-https.ttl,definition from source file,bm25
35,oht:modality,https://schema.org/sharedContent,schema:sharedContent,schema.org,2,screened out,"Read in the shortlist; word overlap only, not a fit for the coined meaning.","A CreativeWork such as an image, video, or audio clip shared as part of this posting.",https://schema.org/version/latest/schemaorg-current-https.ttl,definition from source file,bm25
35,oht:modality,http://purl.org/dc/terms/MediaType,dcterms:MediaType,DCMI Terms,1,screened out,"Read in the shortlist; word overlap only, not a fit for the coined meaning.",A file format or physical medium.,https://www.dublincore.org/specifications/dublin-core/dcmi-terms/dublin_core_terms.ttl,definition from source file,bm25
35,oht:modality,http://rdf-vocabulary.ddialliance.org/discovery#kindOfData,disco:kindOfData,DDI Discovery,3,screened out,"Read in the shortlist; word overlap only, not a fit for the coined meaning.","The general kind of data (e.g. geospatial, register, survey) collected in this study, given either as a skos:Concept, or as a blank node with attached free-text rdfs:label.",http://rdf-vocabulary.ddialliance.org/discovery,definition from source file,bm25
35,oht:modality,https://schema.org/MediaSubscription,schema:MediaSubscription,schema.org,2,screened out,"Read in the shortlist; word overlap only, not a fit for the coined meaning.","A subscription which allows a user to access media including audio, video, books, etc.",https://schema.org/version/latest/schemaorg-current-https.ttl,definition from source file,bm25
35,oht:modality,http://data.europa.eu/eli/ontology#media_type,eli:media_type,ELI,2,screened out,"Read in the shortlist; word overlap only, not a fit for the coined meaning.","The file format of the manifestation. This field is intended to capture the technical file format and will serve as a basis for content negotiation for the server to return the appropriate file based on the client preference. Although not mandatory, this property is highly encouraged. Possible URIs values MUST be taken from http://www.iana.org/assignments/media-types (e.g. http://www.iana.org/assignments/media-types/application/xml). See also the ""format"" property.",http://data.europa.eu/eli/ontology,definition from source file,bm25
35,oht:modality,https://schema.org/MusicReleaseFormatType,schema:MusicReleaseFormatType,schema.org,2,screened out,"Read in the shortlist; word overlap only, not a fit for the coined meaning.","Format of this release (the type of recording media used, i.e. compact disc, digital media, LP, etc.).",https://schema.org/version/latest/schemaorg-current-https.ttl,definition from source file,bm25
35,oht:modality,https://schema.org/contentUrl,schema:contentUrl,schema.org,2,screened out,"Read in the shortlist; word overlap only, not a fit for the coined meaning.","Actual bytes of the media object, for example the image file or video file.",https://schema.org/version/latest/schemaorg-current-https.ttl,definition from source file,bm25
35,oht:modality,https://schema.org/DigitalAudioTapeFormat,schema:DigitalAudioTapeFormat,schema.org,2,screened out,"Read in the shortlist; word overlap only, not a fit for the coined meaning.",DigitalAudioTapeFormat.,https://schema.org/version/latest/schemaorg-current-https.ttl,definition from source file,bm25
35,oht:modality,http://purl.org/dc/terms/medium,dcterms:medium,DCMI Terms,1,screened out,"Read in the shortlist; word overlap only, not a fit for the coined meaning.",The material or physical carrier of the resource.,https://www.dublincore.org/specifications/dublin-core/dcmi-terms/dublin_core_terms.ttl,definition from source file,lead
36,oht:legalBasis,https://w3id.org/dpv#hasLegalBasis,dpv:hasLegalBasis,DPV core,2,related,"Range dpv:LegalBasis, 'used to justify processing of data or use of technology'.",Indicates use or applicability of a Legal Basis,https://w3id.org/dpv,verified at source,bm25+lead
36,oht:legalBasis,http://data.europa.eu/eli/ontology#based_on,eli:based_on,ELI,2,related,Work empowered by another; legal resources only.,"Inverse of ""basis_for"". Indicates that thiswork is empowered by another one, typically a constitution, a treaty or an enabling act.",http://data.europa.eu/eli/ontology,verified at source,lead
36,oht:legalBasis,http://data.europa.eu/eli/ontology#implements,eli:implements,ELI,2,irrelevant,"Deprecated in current ELI: 'Use ""applies"" instead.'","This property is deprecated. Use ""applies"" instead.",http://data.europa.eu/eli/ontology,verified at source,lead
36,oht:legalBasis,http://purl.org/dc/terms/source,dcterms:source,DCMI Terms,1,related,Already used for bibliographic sources.,A related resource from which the described resource is derived.,https://www.dublincore.org/specifications/dublin-core/dcmi-terms/dublin_core_terms.ttl,verified at source,lead
36,oht:legalBasis,https://w3id.org/dpv#LegalBasis,dpv:LegalBasis,DPV core,2,screened out,"Read in the shortlist; word overlap only, not a fit for the coined meaning.",Legal basis used to justify processing of data or use of technology in accordance with a law,https://w3id.org/dpv,definition from source file,bm25
36,oht:legalBasis,http://data.europa.eu/eli/ontology#cited_by_case_law,eli:cited_by_case_law,ELI,2,screened out,"Read in the shortlist; word overlap only, not a fit for the coined meaning.","Indicates that this LegalResource or LegalExpression is being cited in a case law, identified by a suitable URI. If the case law cannot be identified by a suitable URI, the property ""eli:cited_by_case_law_reference"" can be used with a textual reference to the case law. The actual citation link is expressed from the case law to the legislation, but legal portals may use the link from a legislation to a case law to e.g. refer to representative case laws about a legislation.",http://data.europa.eu/eli/ontology,definition from source file,bm25
36,oht:legalBasis,http://data.europa.eu/eli/ontology#cited_by_case_law_reference,eli:cited_by_case_law_reference,ELI,2,screened out,"Read in the shortlist; word overlap only, not a fit for the coined meaning.","Indicates that this LegalResource or LegalExpression is being cited in a case law that cannot be identified by a suitable URI and that is indicated by textual reference. An ECLI (European Case Law Identifier) can be used here. When the case law can be identified by a suitable URI, the property eli:cited_by_case_law should be used instead.",http://data.europa.eu/eli/ontology,definition from source file,bm25
36,oht:legalBasis,http://data.europa.eu/eli/ontology#ensures_implementation_of,eli:ensures_implementation_of,ELI,2,screened out,"Read in the shortlist; word overlap only, not a fit for the coined meaning.","Indicates that this LegalResource ensures the implementation of another LegalResource. This implies a legal meaning (contrary to eli:applies). This can cover links from national legislation to EU legislation, or links from regional to national legislation. It can also cover links from EU implementing acts to EU legislative acts. In the case of implementation of EU legislation at national level, this covers links to EU regulations, decisions, etc. However the transpositions of EU Directives must be captured with eli:transposes. Links between national primary and secondary legislation must be captured by eli:based_on / eli:basis_for.",http://data.europa.eu/eli/ontology,definition from source file,bm25
36,oht:legalBasis,http://data.europa.eu/eli/ontology#implementation_ensured_by,eli:implementation_ensured_by,ELI,2,screened out,"Read in the shortlist; word overlap only, not a fit for the coined meaning.",Indicates that the implementation of this LegalResource is ensured by another LegalResource. This implies a legal meaning (contrary to eli:applies). See the definition of eli:ensures_implementation_of.,http://data.europa.eu/eli/ontology,definition from source file,bm25
36,oht:legalBasis,http://data.europa.eu/eli/ontology#in_force,eli:in_force,ELI,2,screened out,"Read in the shortlist; word overlap only, not a fit for the coined meaning.",A value indicating the legal force of a legal resource or a legal expression. A set of values is defined by ELI in the corresponding concept scheme. These values are : - in force - partially in force - not in force,http://data.europa.eu/eli/ontology,definition from source file,bm25
36,oht:legalBasis,http://data.europa.eu/eli/ontology#LegalResource,eli:LegalResource,ELI,2,screened out,"Read in the shortlist; word overlap only, not a fit for the coined meaning.","A work in a legislative corpus. This applies to acts that have been legally enacted (whether or not they are still in force). For example, the abstract concept of the legal resource; e.g. ""act 3 of 2005"" (adapted from Akoma Ntoso) A legal resource can represent a legal act or any component of a legal act, like an article. Legal resources can be linked together using properties defined in the model. Note that ELI ontology accommodates different point of view on what should be considered a new legal resource, or a new legal expression of the same resource. Typically, a consolidated version can be viewed, in the context of ELI, either as separate legal resource (linked to original version and previous consolidated version using corresponding ELI relations), or as a different legal expression of the same legal resource.",http://data.europa.eu/eli/ontology,definition from source file,bm25
36,oht:legalBasis,http://data.europa.eu/eli/ontology#amends,eli:amends,ELI,2,screened out,"Read in the shortlist; word overlap only, not a fit for the coined meaning.","Indicates that this work introduces legal changes in another resource. For modifications that don’t have a legal impact, use eli:corrects.",http://data.europa.eu/eli/ontology,definition from source file,bm25
36,oht:legalBasis,http://data.europa.eu/eli/ontology#legal_value,eli:legal_value,ELI,2,screened out,"Read in the shortlist; word overlap only, not a fit for the coined meaning.","The legal value associated with a specific format of a resource. A set of values is defined by ELI in the corresponding concept scheme. These values are : - unofficial : no particular or special standing; - official : published by an organisation with the public task of making the information available (e.g. a consolidated version of a EU directive) ; - authoritative : the publisher gives some special status to the publication (e.g. ""the Queens Printer"" version of an Act of Parliament, or the OJ version of a EU Directive); - definitive : the text is conclusively what the law says, (e.g. the digitally signed version of an OJ).",http://data.europa.eu/eli/ontology,definition from source file,bm25
36,oht:legalBasis,http://data.europa.eu/eli/ontology#LegalResourceSubdivision,eli:LegalResourceSubdivision,ELI,2,screened out,"Read in the shortlist; word overlap only, not a fit for the coined meaning.","A component of a legal act, at an arbitrary level of precision, like a chapter, an article, an alinea, a paragraph or an list item. A subdivision can be linked with its parent and children subdivision using the properties eli:has_part / eli:is_part_of.",http://data.europa.eu/eli/ontology,definition from source file,bm25
36,oht:legalBasis,http://data.europa.eu/eli/ontology#LegalValue,eli:LegalValue,ELI,2,screened out,"Read in the shortlist; word overlap only, not a fit for the coined meaning.",Formally defined as the set of skos:Concept in concept scheme eli:LegalValueTable,http://data.europa.eu/eli/ontology,definition from source file,bm25
36,oht:legalBasis,http://data.europa.eu/eli/ontology#amended_by,eli:amended_by,ELI,2,screened out,"Read in the shortlist; word overlap only, not a fit for the coined meaning.","Inverse of ""amends"". Indicates a work that introduced legal changes in this resource. For modifications that don’t have a legal impact, use eli:corrected_by.",http://data.europa.eu/eli/ontology,definition from source file,bm25
36,oht:legalBasis,https://w3id.org/dpv#DataTransferLegalBasis,dpv:DataTransferLegalBasis,DPV core,2,screened out,"Read in the shortlist; word overlap only, not a fit for the coined meaning.",Specific or special categories and instances of legal basis intended for justifying data transfers,https://w3id.org/dpv,definition from source file,bm25
36,oht:legalBasis,http://data.europa.eu/eli/ontology#LegalExpression,eli:LegalExpression,ELI,2,screened out,"Read in the shortlist; word overlap only, not a fit for the coined meaning.","The intellectual realisation of a legal resource in the form of a ""sequence of signs"" (typically alpha-numeric characters in a legal context). For example, any version of the legal resource whose content is specified and different from others for any reason: language, versions, etc.; Note that ELI ontology accommodates different point of view on what should be considered a new legal resource, or a new legal expression of the same resource. Typically, a consolidated version can be viewed, in the context of ELI, either as separate legal resource (linked to original version and previous consolidated version using corresponding ELI relations), or as a different legal expression of the same legal resource.",http://data.europa.eu/eli/ontology,definition from source file,bm25
37,oht:contextDependent,http://www.w3.org/2004/02/skos/core#note,skos:note,SKOS,1,related,Prose.,"A general note, for any purpose.",http://www.w3.org/2004/02/skos/core.rdf,verified at source,lead
37,oht:contextDependent,http://www.w3.org/2004/02/skos/core#topConceptOf,skos:topConceptOf,SKOS,1,screened out,"Read in the shortlist; word overlap only, not a fit for the coined meaning.",Relates a concept to the concept scheme that it is a top level concept of.,http://www.w3.org/2004/02/skos/core.rdf,definition from source file,bm25
37,oht:contextDependent,http://www.w3.org/2004/02/skos/core#inScheme,skos:inScheme,SKOS,1,screened out,"Read in the shortlist; word overlap only, not a fit for the coined meaning.",Relates a resource (for example a concept) to a concept scheme in which it is included.,http://www.w3.org/2004/02/skos/core.rdf,definition from source file,bm25
37,oht:contextDependent,http://www.w3.org/ns/ssn/inDeployment,ssn:inDeployment,SSN,1,screened out,"Read in the shortlist; word overlap only, not a fit for the coined meaning.","Relation between a Platform and a Deployment, meaning that the deployedSystems of the Deployment are hosted on the Platform.",https://www.w3.org/ns/ssn/,definition from source file,bm25
37,oht:contextDependent,http://www.w3.org/ns/ssn/hasDeployment,ssn:hasDeployment,SSN,1,screened out,"Read in the shortlist; word overlap only, not a fit for the coined meaning.","Relation between a System and a Deployment, recording that the System is deployed in that Deployment.",https://www.w3.org/ns/ssn/,definition from source file,bm25
37,oht:contextDependent,http://www.w3.org/2004/02/skos/core#hasTopConcept,skos:hasTopConcept,SKOS,1,screened out,"Read in the shortlist; word overlap only, not a fit for the coined meaning.","Relates, by convention, a concept scheme to a concept which is topmost in the broader/narrower concept hierarchies for that scheme, providing an entry point to these hierarchies.",http://www.w3.org/2004/02/skos/core.rdf,definition from source file,bm25
37,oht:contextDependent,http://www.w3.org/2004/02/skos/core#ConceptScheme,skos:ConceptScheme,SKOS,1,screened out,"Read in the shortlist; word overlap only, not a fit for the coined meaning.","A set of concepts, optionally including statements about semantic relationships between those concepts.",http://www.w3.org/2004/02/skos/core.rdf,definition from source file,bm25
37,oht:contextDependent,http://www.w3.org/ns/adms#status,adms:status,ADMS,2,screened out,"Read in the shortlist; word overlap only, not a fit for the coined meaning.",The status of the Asset in the context of a particular workflow process.,https://www.w3.org/ns/adms.ttl,definition from source file,bm25
37,oht:contextDependent,http://purl.org/skos-history/SchemeDelta,sh:SchemeDelta,skos-history,3,screened out,"Read in the shortlist; word overlap only, not a fit for the coined meaning.",The delta of two versions of a SKOS concept scheme.,http://purl.org/skos-history/,definition from source file,bm25
37,oht:contextDependent,http://purl.org/iso25964/skos-thes#status,http://purl.org/iso25964/skos-thes#status,ISO 25964 SKOS extension,3,screened out,"Read in the shortlist; word overlap only, not a fit for the coined meaning.",ISO status - on ThesaurusConcept - on ThesaurusTerm,http://purl.org/iso25964/skos-thes,definition from source file,bm25
37,oht:contextDependent,https://w3id.org/dpv#hasStatus,dpv:hasStatus,DPV core,2,screened out,"Read in the shortlist; word overlap only, not a fit for the coined meaning.",Indicates the status of specified concept,https://w3id.org/dpv,definition from source file,bm25
37,oht:contextDependent,http://www.w3.org/ns/ssn/Deployment,ssn:Deployment,SSN,1,screened out,"Read in the shortlist; word overlap only, not a fit for the coined meaning.",Describes the Deployment of one or more Systems for a particular purpose. Deployment may be done on a Platform.,https://www.w3.org/ns/ssn/,definition from source file,bm25
37,oht:contextDependent,http://data.europa.eu/eli/ontology#WorkType,eli:WorkType,ELI,2,screened out,"Read in the shortlist; word overlap only, not a fit for the coined meaning.",,http://data.europa.eu/eli/ontology,no definition in file,bm25
37,oht:contextDependent,http://data.europa.eu/eli/ontology#legal_value,eli:legal_value,ELI,2,screened out,"Read in the shortlist; word overlap only, not a fit for the coined meaning.","The legal value associated with a specific format of a resource. A set of values is defined by ELI in the corresponding concept scheme. These values are : - unofficial : no particular or special standing; - official : published by an organisation with the public task of making the information available (e.g. a consolidated version of a EU directive) ; - authoritative : the publisher gives some special status to the publication (e.g. ""the Queens Printer"" version of an Act of Parliament, or the OJ version of a EU Directive); - definitive : the text is conclusively what the law says, (e.g. the digitally signed version of an OJ).",http://data.europa.eu/eli/ontology,definition from source file,bm25
37,oht:contextDependent,https://w3id.org/vair#Deployment,https://w3id.org/vair#Deployment,VAIR,3,screened out,"Read in the shortlist; word overlap only, not a fit for the coined meaning.","Refers to deployment phase when the AI system is installed, released or configured for operation in a target environment.",https://w3id.org/vair,definition from source file,bm25
37,oht:contextDependent,https://w3id.org/dpv#hasComplianceStatus,dpv:hasComplianceStatus,DPV core,2,screened out,"Read in the shortlist; word overlap only, not a fit for the coined meaning.",Indicates the status of compliance of specified concept,https://w3id.org/dpv,definition from source file,bm25
38,oht:verbatim,http://www.w3.org/ns/prov#wasQuotedFrom,prov:wasQuotedFrom,PROV-O,1,exact,"'An entity is derived from an original entity by copying, or quoting, some or all of it.'","An entity is derived from an original entity by copying, or 'quoting', some or all of it.",https://www.w3.org/ns/prov.ttl,verified at source,bm25+lead
38,oht:verbatim,http://purl.org/spar/cito/includesQuotationFrom,cito:includesQuotationFrom,CiTO,2,related,Citation-level; for documents.,A relation according to which the citing entity includes one or more quotations from the cited entity.,http://purl.org/spar/cito,verified at source,bm25+lead
38,oht:verbatim,http://www.w3.org/ns/oa#exact,oa:exact,Web Annotation,1,irrelevant,Text selector.,"The object of the predicate is a copy of the text which is being selected, after normalization.",https://www.w3.org/ns/oa.ttl,verified at source,bm25
38,oht:verbatim,http://purl.org/spar/cito/providesQuotationFor,cito:providesQuotationFor,CiTO,2,screened out,"Read in the shortlist; word overlap only, not a fit for the coined meaning.","A relation according to which the cited entity contains information, usually of a textual nature, that is quoted by (used as a quotation within) the citing entity.",http://purl.org/spar/cito,definition from source file,bm25
38,oht:verbatim,http://rdf-vocabulary.ddialliance.org/xkos#ExplanatoryNote,xkos:ExplanatoryNote,XKOS,2,screened out,"Read in the shortlist; word overlap only, not a fit for the coined meaning.",,http://rdf-vocabulary.ddialliance.org/xkos,no definition in file,bm25
38,oht:verbatim,http://www.w3.org/ns/prov#qualifiedQuotation,prov:qualifiedQuotation,PROV-O,1,screened out,"Read in the shortlist; word overlap only, not a fit for the coined meaning.","If this Entity prov:wasQuotedFrom Entity :e, then it can qualify how using prov:qualifiedQuotation [ a prov:Quotation; prov:entity :e; :foo :bar ].",https://www.w3.org/ns/prov.ttl,definition from source file,bm25
38,oht:verbatim,http://purl.org/ontology/bibo/annotates,bibo:annotates,BIBO,2,screened out,"Read in the shortlist; word overlap only, not a fit for the coined meaning.",Critical or explanatory note for a Document.,http://purl.org/ontology/bibo/,definition from source file,bm25
38,oht:verbatim,http://www.w3.org/ns/prov#Quotation,prov:Quotation,PROV-O,1,screened out,"Read in the shortlist; word overlap only, not a fit for the coined meaning.","A quotation is the repeat of (some or all of) an entity, such as text or image, by someone who may or may not be its original author. Quotation is a particular case of derivation.",https://www.w3.org/ns/prov.ttl,definition from source file,bm25+lead
38,oht:verbatim,http://purl.org/dc/dcmitype/Text,dcmitype:Text,DCMI Type,1,screened out,"Read in the shortlist; word overlap only, not a fit for the coined meaning.",A resource consisting primarily of words for reading.,https://www.dublincore.org/specifications/dublin-core/dcmi-terms/dublin_core_type.ttl,definition from source file,bm25
38,oht:verbatim,https://schema.org/Quotation,schema:Quotation,schema.org,2,screened out,"Read in the shortlist; word overlap only, not a fit for the coined meaning.","A quotation. Often but not necessarily from some written work, attributable to a real world author and - if associated with a fictional character - to any fictional Person. Use [[isBasedOn]] to link to source/origin. The [[recordedIn]] property can be used to reference a Quotation from an [[Event]].",https://schema.org/version/latest/schemaorg-current-https.ttl,definition from source file,bm25
38,oht:verbatim,http://www.w3.org/ns/prov#quotedAs,prov:quotedAs,PROV-O,1,screened out,"Read in the shortlist; word overlap only, not a fit for the coined meaning.",,https://www.w3.org/ns/prov.ttl,no definition in file,bm25
38,oht:verbatim,http://usefulinc.com/ns/doap#shortdesc,doap:shortdesc,DOAP,2,screened out,"Read in the shortlist; word overlap only, not a fit for the coined meaning.",Short (8 or 9 words) plain text description of a project.,http://usefulinc.com/ns/doap,definition from source file,bm25
38,oht:verbatim,http://data.europa.eu/eli/ontology#cites,eli:cites,ELI,2,screened out,"Read in the shortlist; word overlap only, not a fit for the coined meaning.","Citation in the text of the legislation. This may be at the legal resource or legal expression level, as required by the implementation context. This includes verbatim citation and citations in referrals.",http://data.europa.eu/eli/ontology,definition from source file,bm25
38,oht:verbatim,http://www.w3.org/ns/prov#qualifiedQuotationOf,prov:qualifiedQuotationOf,PROV-O,1,screened out,"Read in the shortlist; word overlap only, not a fit for the coined meaning.",,https://www.w3.org/ns/prov.ttl,no definition in file,bm25
38,oht:verbatim,https://schema.org/wordCount,schema:wordCount,schema.org,2,screened out,"Read in the shortlist; word overlap only, not a fit for the coined meaning.","The number of words in the text of the CreativeWork such as an Article, Book, etc.",https://schema.org/version/latest/schemaorg-current-https.ttl,definition from source file,bm25
39,oht:operationalises,http://purl.org/dc/terms/conformsTo,dcterms:conformsTo,DCMI Terms,1,related,'An established standard to which the described resource conforms.',An established standard to which the described resource conforms.,https://www.dublincore.org/specifications/dublin-core/dcmi-terms/dublin_core_terms.ttl,verified at source,bm25+lead
39,oht:operationalises,http://data.europa.eu/eli/ontology#applies,eli:applies,ELI,2,related,Informative conformity between legislation; range LegalResource.,"Indicates that this legislation (or part of a legislation) somehow conforms with another legislation. This is an informative link, and it has no legal value. For legally-binding links of transposition, use the property transposes. This can be used for example : - when a pre-existing law already conforms to a recent european directive (in that case it does not ""transposes"" it strictly speaking); - when non-EU member states make sure their legislation is conformant with EU law without strictly speaking transposing it; - when a legislation from a local authority conforms with a national legislation; Note that this should point to a LegalResource, not to a language-specific expression.",http://data.europa.eu/eli/ontology,verified at source,bm25
39,oht:operationalises,http://data.europa.eu/eli/ontology#transposes,eli:transposes,ELI,2,related,"Binding, legislation to legislation.","Indicates that this legislation (or part of legislation) fulfills the objectives set by another legislation, by passing appropriate implementation measures. Typically, some legislations of European Union's member states or regions transpose European Directives. This indicates a legally binding link between the 2 legislations, at act or article level, from the original version of a national implementing measure to the legal resource Directive as published in the EU Official Journal. Can be used for transposition tables, once EU Publication Office has introduced ELI support down to the article level. The implementation of EU legislation at national level, involving links to EU regulations, decisions, etc. must be captured with eli:ensures_implementation_of. Note that this should point to the legal resource of the Directive itself, not to one of its language-specific legal expression.",http://data.europa.eu/eli/ontology,verified at source,lead
39,oht:operationalises,http://data.europa.eu/eli/ontology#implements,eli:implements,ELI,2,irrelevant,Deprecated in current ELI.,"This property is deprecated. Use ""applies"" instead.",http://data.europa.eu/eli/ontology,verified at source,lead
39,oht:operationalises,http://www.w3.org/ns/mls#implements,mls:implements,ML Schema,2,screened out,"Read in the shortlist; word overlap only, not a fit for the coined meaning.",A relation between an information entity and a specification that it conforms to.,http://www.w3.org/ns/mls,definition from source file,bm25
39,oht:operationalises,http://www.w3.org/ns/ssn/implements,ssn:implements,SSN,1,screened out,"Read in the shortlist; word overlap only, not a fit for the coined meaning.","Relation between an entity that implements a Procedure in some executable way and the Procedure (an algorithm, procedure or method).",https://www.w3.org/ns/ssn/,definition from source file,bm25
39,oht:operationalises,https://w3id.org/airo#conformsToStandard,https://w3id.org/airo#conformsToStandard,AIRO,3,screened out,"Read in the shortlist; word overlap only, not a fit for the coined meaning.",Indicates conformance of an entity to a standard.,https://w3id.org/airo,definition from source file,bm25
39,oht:operationalises,http://usefulinc.com/ns/doap#implements,doap:implements,DOAP,2,screened out,"Read in the shortlist; word overlap only, not a fit for the coined meaning.","A specification that a project implements. Could be a standard, API or legally defined level of conformance.",http://usefulinc.com/ns/doap,definition from source file,bm25
39,oht:operationalises,https://schema.org/publishingPrinciples,schema:publishingPrinciples,schema.org,2,screened out,"Read in the shortlist; word overlap only, not a fit for the coined meaning.","The publishingPrinciples property indicates (typically via [[URL]]) a document describing the editorial principles of an [[Organization]] (or individual, e.g. a [[Person]] writing a blog) that relate to their activities as a publisher, e.g. ethics or diversity policies. When applied to a [[CreativeWork]] (e.g. [[NewsArticle]]) the principles are those of the party primarily responsible for the creation of the [[CreativeWork]]. While such policies are most typically expressed in natural language, sometimes related information (e.g. indicating a [[funder]]) can be expressed using schema.org terminology.",https://schema.org/version/latest/schemaorg-current-https.ttl,definition from source file,bm25
39,oht:operationalises,https://schema.org/legislationTransposes,schema:legislationTransposes,schema.org,2,screened out,"Read in the shortlist; word overlap only, not a fit for the coined meaning.","Indicates that this legislation (or part of legislation) fulfills the objectives set by another legislation, by passing appropriate implementation measures. Typically, some legislations of European Union's member states or regions transpose European Directives. This indicates a legally binding link between the 2 legislations.",https://schema.org/version/latest/schemaorg-current-https.ttl,definition from source file,bm25
39,oht:operationalises,http://www.w3.org/ns/odrl/2/#duties,odrl:#duties,ODRL,1,screened out,"Read in the shortlist; word overlap only, not a fit for the coined meaning.",,https://www.w3.org/ns/odrl/2/ODRL22.ttl,no definition in file,bm25
39,oht:operationalises,http://www.w3.org/2004/02/skos/core#inScheme,skos:inScheme,SKOS,1,screened out,"Read in the shortlist; word overlap only, not a fit for the coined meaning.",Relates a resource (for example a concept) to a concept scheme in which it is included.,http://www.w3.org/2004/02/skos/core.rdf,definition from source file,bm25
39,oht:operationalises,http://w3id.org/nkos/nkostype#subject_heading_scheme,nkostype:subject_heading_scheme,NKOS KOS Types,3,screened out,"Read in the shortlist; word overlap only, not a fit for the coined meaning.","structured vocabulary comprising terms available for subject indexing, plus rules for combining them into pre-coordinated strings of terms where necessary",https://nkos.dublincore.org/nkos-type.html,definition from source file,bm25
39,oht:operationalises,https://schema.org/target,schema:target,schema.org,2,screened out,"Read in the shortlist; word overlap only, not a fit for the coined meaning.","Indicates a target EntryPoint, or url, for an Action.",https://schema.org/version/latest/schemaorg-current-https.ttl,definition from source file,bm25
39,oht:operationalises,http://rdf-vocabulary.ddialliance.org/xkos#targetConcept,xkos:targetConcept,XKOS,2,screened out,"Read in the shortlist; word overlap only, not a fit for the coined meaning.",,http://rdf-vocabulary.ddialliance.org/xkos,no definition in file,bm25
39,oht:operationalises,http://www.w3.org/ns/oa#hasTarget,oa:hasTarget,Web Annotation,1,screened out,"Read in the shortlist; word overlap only, not a fit for the coined meaning.",The relationship between an Annotation and its Target.,https://www.w3.org/ns/oa.ttl,definition from source file,bm25
39,oht:operationalises,https://schema.org/targetCollection,schema:targetCollection,schema.org,2,screened out,"Read in the shortlist; word overlap only, not a fit for the coined meaning.",A sub property of object. The collection target of the action.,https://schema.org/version/latest/schemaorg-current-https.ttl,definition from source file,bm25
40,oht:operationalisedBy,http://data.europa.eu/eli/ontology#implemented_by,eli:implemented_by,ELI,2,irrelevant,Deprecated in current ELI.,"This property is deprecated. Use ""applied_by"" instead.",http://data.europa.eu/eli/ontology,verified at source,lead
40,oht:operationalisedBy,https://w3id.org/dpv#isImplementedByEntity,dpv:isImplementedByEntity,DPV core,2,screened out,"Read in the shortlist; word overlap only, not a fit for the coined meaning.",Indicates implementation details such as entities or agents,https://w3id.org/dpv,definition from source file,bm25
40,oht:operationalisedBy,http://www.w3.org/ns/ssn/implementedBy,ssn:implementedBy,SSN,1,screened out,"Read in the shortlist; word overlap only, not a fit for the coined meaning.","Relation between a Procedure (an algorithm, procedure or method) and an entity that implements that Procedure in some executable way.",https://www.w3.org/ns/ssn/,definition from source file,bm25
40,oht:operationalisedBy,https://w3id.org/dpv#isImplementedUsingTechnology,dpv:isImplementedUsingTechnology,DPV core,2,screened out,"Read in the shortlist; word overlap only, not a fit for the coined meaning.",Indicates implementation details such as technologies or processes,https://w3id.org/dpv,definition from source file,bm25
40,oht:operationalisedBy,http://www.w3.org/2002/07/owl#inverseOf,owl:inverseOf,OWL 2,1,screened out,"Read in the shortlist; word overlap only, not a fit for the coined meaning.",The property that determines that two given properties are inverse.,https://www.w3.org/2002/07/owl.ttl,definition from source file,bm25
40,oht:operationalisedBy,https://w3id.org/dpv#hasInverseJurisdiction,dpv:hasInverseJurisdiction,DPV core,2,screened out,"Read in the shortlist; word overlap only, not a fit for the coined meaning.",Indicates the inverse jurisdiction for a given jurisdiction,https://w3id.org/dpv,definition from source file,bm25
40,oht:operationalisedBy,https://schema.org/inverseOf,schema:inverseOf,schema.org,2,screened out,"Read in the shortlist; word overlap only, not a fit for the coined meaning.","Relates a property to a property that is its inverse. Inverse properties relate the same pairs of items to each other, but in reversed direction. For example, the 'alumni' and 'alumniOf' properties are inverseOf each other. Some properties don't have explicit inverses; in these situations RDFa and JSON-LD syntax for reverse properties can be used.",https://schema.org/version/latest/schemaorg-current-https.ttl,definition from source file,bm25
40,oht:operationalisedBy,http://www.w3.org/2002/07/owl#InverseFunctionalProperty,owl:InverseFunctionalProperty,OWL 2,1,screened out,"Read in the shortlist; word overlap only, not a fit for the coined meaning.",The class of inverse-functional properties.,https://www.w3.org/2002/07/owl.ttl,definition from source file,bm25
40,oht:operationalisedBy,https://w3id.org/dpv#InverseJurisdiction,dpv:InverseJurisdiction,DPV core,2,screened out,"Read in the shortlist; word overlap only, not a fit for the coined meaning.",An inverse jurisdiction for a specific jurisdiction is the set of all other jurisdictions that are not part of the specific jurisdiction,https://w3id.org/dpv,definition from source file,bm25
40,oht:operationalisedBy,http://www.w3.org/ns/prov#inverse,prov:inverse,PROV-O,1,screened out,"Read in the shortlist; word overlap only, not a fit for the coined meaning.","PROV-O does not define all property inverses. The directionalities defined in PROV-O should be given preference over those not defined. However, if users wish to name the inverse of a PROV-O property, the local name given by prov:inverse should be used.",https://www.w3.org/ns/prov.ttl,definition from source file,bm25
40,oht:operationalisedBy,http://usefulinc.com/ns/doap#programming-language,doap:programming-language,DOAP,2,screened out,"Read in the shortlist; word overlap only, not a fit for the coined meaning.",Programming language a project is implemented in or intended for use with.,http://usefulinc.com/ns/doap,definition from source file,bm25
40,oht:operationalisedBy,http://purl.obolibrary.org/obo/IAO_0000235,obo:IAO_0000235,OBO IAO,2,screened out,"Read in the shortlist; word overlap only, not a fit for the coined meaning.",inverse of the relation 'denotes',http://purl.obolibrary.org/obo/iao.owl,definition from source file,bm25
40,oht:operationalisedBy,http://purl.obolibrary.org/obo/IAO_0000143,obo:IAO_0000143,OBO IAO,2,screened out,"Read in the shortlist; word overlap only, not a fit for the coined meaning.",Inverse of the relation 'mentions',http://purl.obolibrary.org/obo/iao.owl,definition from source file,bm25
40,oht:operationalisedBy,http://purl.obolibrary.org/obo/IAO_0000113,obo:IAO_0000113,OBO IAO,2,screened out,"Read in the shortlist; word overlap only, not a fit for the coined meaning.",An annotation property indicating which module the terms belong to. This is currently experimental and not implemented yet.,http://purl.obolibrary.org/obo/iao.owl,definition from source file,bm25
40,oht:operationalisedBy,https://w3id.org/airo#hasCapability,https://w3id.org/airo#hasCapability,AIRO,3,screened out,"Read in the shortlist; word overlap only, not a fit for the coined meaning.",Specifies capabilities implemented within an AI system to materialise its purposes.,https://w3id.org/airo,definition from source file,bm25
40,oht:operationalisedBy,http://data.europa.eu/eli/ontology#is_embodied_by,eli:is_embodied_by,ELI,2,screened out,"Read in the shortlist; word overlap only, not a fit for the coined meaning.","Relates an expression to a manifestation of that expression. Inverse of ""embodies"".",http://data.europa.eu/eli/ontology,definition from source file,bm25
40,oht:operationalisedBy,http://data.europa.eu/eli/ontology#transposed_by,eli:transposed_by,ELI,2,screened out,"Read in the shortlist; word overlap only, not a fit for the coined meaning.","Inverse of ""transposes"". Note that this property is expressed on a legal resource, not on one of its language-specific legal expression.",http://data.europa.eu/eli/ontology,definition from source file,lead
41,oht:conflictsWith,http://purl.org/spar/cito/disagreesWith,cito:disagreesWith,CiTO,2,related,Directional and authored by the citing work.,"A relation according to which the citing entity disagrees with statements, ideas or conclusions presented in the cited entity.",http://purl.org/spar/cito,verified at source,bm25+lead
41,oht:conflictsWith,http://rdf-vocabulary.ddialliance.org/xkos#disjoint,xkos:disjoint,XKOS,2,related,Concepts with no common instances.,,http://rdf-vocabulary.ddialliance.org/xkos,no definition in the source file,bm25+lead
41,oht:conflictsWith,http://www.w3.org/2002/07/owl#disjointWith,owl:disjointWith,OWL 2,1,irrelevant,Classes.,The property that determines that two given classes are disjoint.,https://www.w3.org/2002/07/owl.ttl,verified at source,bm25+lead
41,oht:conflictsWith,http://www.w3.org/2002/07/owl#propertyDisjointWith,owl:propertyDisjointWith,OWL 2,1,screened out,"Read in the shortlist; word overlap only, not a fit for the coined meaning.",The property that determines that two given properties are disjoint.,https://www.w3.org/2002/07/owl.ttl,definition from source file,bm25
41,oht:conflictsWith,http://www.w3.org/2002/07/owl#incompatibleWith,owl:incompatibleWith,OWL 2,1,screened out,"Read in the shortlist; word overlap only, not a fit for the coined meaning.",The annotation property that indicates that a given ontology is incompatible with another ontology.,https://www.w3.org/2002/07/owl.ttl,definition from source file,bm25
41,oht:conflictsWith,http://www.w3.org/2002/07/owl#sameAs,owl:sameAs,OWL 2,1,screened out,"Read in the shortlist; word overlap only, not a fit for the coined meaning.",The property that determines that two given individuals are equal.,https://www.w3.org/2002/07/owl.ttl,definition from source file,bm25
41,oht:conflictsWith,https://schema.org/geoDisjoint,schema:geoDisjoint,schema.org,2,screened out,"Read in the shortlist; word overlap only, not a fit for the coined meaning.","Represents spatial relations in which two geometries (or the places they represent) are topologically disjoint: ""they have no point in common. They form a set of disconnected geometries."" (A symmetric relationship, as defined in [DE-9IM](https://en.wikipedia.org/wiki/DE-9IM).)",https://schema.org/version/latest/schemaorg-current-https.ttl,definition from source file,bm25
41,oht:conflictsWith,http://www.w3.org/ns/odrl/2/conflict,odrl:conflict,ODRL,1,screened out,"Read in the shortlist; word overlap only, not a fit for the coined meaning.",The conflict-resolution strategy for a Policy.,https://www.w3.org/ns/odrl/2/ODRL22.ttl,definition from source file,bm25
41,oht:conflictsWith,http://www.w3.org/2002/07/owl#disjointUnionOf,owl:disjointUnionOf,OWL 2,1,screened out,"Read in the shortlist; word overlap only, not a fit for the coined meaning.",The property that determines that a given class is equivalent to the disjoint union of a collection of other classes.,https://www.w3.org/2002/07/owl.ttl,definition from source file,bm25
41,oht:conflictsWith,http://www.w3.org/ns/odrl/2/ConflictTerm,odrl:ConflictTerm,ODRL,1,screened out,"Read in the shortlist; word overlap only, not a fit for the coined meaning.",Used to establish strategies to resolve conflicts that arise from the merging of Policies or conflicts between Permissions and Prohibitions in the same Policy.,https://www.w3.org/ns/odrl/2/ODRL22.ttl,definition from source file,bm25
41,oht:conflictsWith,https://w3id.org/sssom/similarity_measure,sssom:similarity_measure,SSSOM,2,screened out,"Read in the shortlist; word overlap only, not a fit for the coined meaning.","The measure used for computing a similarity score. This field is meant to be used in conjunction with the similarity_score field, to document, for example, the lexical or semantic match of a matching algorithm. To make processing this field as unambiguous as possible, we recommend using wikidata CURIEs, but the type of this field is deliberately unspecified.",https://w3id.org/sssom/,definition from source file,bm25
41,oht:conflictsWith,http://www.w3.org/2004/02/skos/core#mappingRelation,skos:mappingRelation,SKOS,1,screened out,"Read in the shortlist; word overlap only, not a fit for the coined meaning.","Relates two concepts coming, by convention, from different schemes, and that have comparable meanings",http://www.w3.org/2004/02/skos/core.rdf,definition from source file,bm25
41,oht:conflictsWith,http://www.w3.org/2006/time#intervalDisjoint,http://www.w3.org/2006/time#intervalDisjoint,OWL-Time,1,screened out,"Read in the shortlist; word overlap only, not a fit for the coined meaning.","If a proper interval T1 is intervalDisjoint another proper interval T2, then the beginning of T1 is after the end of T2, or the end of T1 is before the beginning of T2, i.e. the intervals do not overlap in any way, but their ordering relationship is not known.",https://www.w3.org/2006/time.ttl,definition from source file,bm25
41,oht:conflictsWith,http://www.w3.org/ns/prov#alternateOf,prov:alternateOf,PROV-O,1,screened out,"Read in the shortlist; word overlap only, not a fit for the coined meaning.","Two alternate entities present aspects of the same thing. These aspects may be the same or different, and the alternate entities may or may not overlap in time.",https://www.w3.org/ns/prov.ttl,definition from source file,bm25
41,oht:conflictsWith,http://www.w3.org/2002/07/owl#AllDisjointProperties,owl:AllDisjointProperties,OWL 2,1,screened out,"Read in the shortlist; word overlap only, not a fit for the coined meaning.",The class of collections of pairwise disjoint properties.,https://www.w3.org/2002/07/owl.ttl,definition from source file,bm25
42,oht:hasUptake,http://www.w3.org/ns/duv#hasUsage,duv:hasUsage,DUV,2,related,"Usage guidance, see item 6.",Dataset/distribution usage guidance or instructions.,https://www.w3.org/ns/duv.ttl,verified at source,bm25+lead
42,oht:hasUptake,http://www.w3.org/ns/duv#hasUsageTool,duv:hasUsageTool,DUV,2,screened out,"Read in the shortlist; word overlap only, not a fit for the coined meaning.",Describes the tool that provides the Usage,https://www.w3.org/ns/duv.ttl,definition from source file,bm25
42,oht:hasUptake,https://schema.org/evidenceLevel,schema:evidenceLevel,schema.org,2,screened out,"Read in the shortlist; word overlap only, not a fit for the coined meaning.",Strength of evidence of the data used to formulate the guideline (enumerated).,https://schema.org/version/latest/schemaorg-current-https.ttl,definition from source file,bm25
42,oht:hasUptake,http://purl.org/spar/cito/isCitedAsEvidenceBy,cito:isCitedAsEvidenceBy,CiTO,2,screened out,"Read in the shortlist; word overlap only, not a fit for the coined meaning.",A relation according to which the cited entity is cited for providing factual evidence to the citing entity.,http://purl.org/spar/cito,definition from source file,bm25
42,oht:hasUptake,http://purl.org/spar/cito/citesAsEvidence,cito:citesAsEvidence,CiTO,2,screened out,"Read in the shortlist; word overlap only, not a fit for the coined meaning.",A relation according to which the citing entity cites the cited entity as source of factual evidence for statements it contains.,http://purl.org/spar/cito,definition from source file,bm25
42,oht:hasUptake,http://www.w3.org/2004/02/skos/core#hasTopConcept,skos:hasTopConcept,SKOS,1,screened out,"Read in the shortlist; word overlap only, not a fit for the coined meaning.","Relates, by convention, a concept scheme to a concept which is topmost in the broader/narrower concept hierarchies for that scheme, providing an entry point to these hierarchies.",http://www.w3.org/2004/02/skos/core.rdf,definition from source file,bm25
42,oht:hasUptake,https://schema.org/evidenceOrigin,schema:evidenceOrigin,schema.org,2,screened out,"Read in the shortlist; word overlap only, not a fit for the coined meaning.","Source of the data used to formulate the guidance, e.g. RCT, consensus opinion, etc.",https://schema.org/version/latest/schemaorg-current-https.ttl,definition from source file,bm25
42,oht:hasUptake,http://www.w3.org/2004/02/skos/core#inScheme,skos:inScheme,SKOS,1,screened out,"Read in the shortlist; word overlap only, not a fit for the coined meaning.",Relates a resource (for example a concept) to a concept scheme in which it is included.,http://www.w3.org/2004/02/skos/core.rdf,definition from source file,bm25
42,oht:hasUptake,https://schema.org/permittedUsage,schema:permittedUsage,schema.org,2,screened out,"Read in the shortlist; word overlap only, not a fit for the coined meaning.",Indications regarding the permitted usage of the accommodation.,https://schema.org/version/latest/schemaorg-current-https.ttl,definition from source file,bm25
42,oht:hasUptake,http://www.w3.org/ns/prov#hadUsage,prov:hadUsage,PROV-O,1,screened out,"Read in the shortlist; word overlap only, not a fit for the coined meaning.",The _optional_ Usage involved in an Entity's Derivation.,https://www.w3.org/ns/prov.ttl,definition from source file,bm25
42,oht:hasUptake,https://schema.org/vehicleSpecialUsage,schema:vehicleSpecialUsage,schema.org,2,screened out,"Read in the shortlist; word overlap only, not a fit for the coined meaning.","Indicates whether the vehicle has been used for special purposes, like commercial rental, driving school, or as a taxi. The legislation in many countries requires this information to be revealed when offering a car for sale.",https://schema.org/version/latest/schemaorg-current-https.ttl,definition from source file,bm25
42,oht:hasUptake,https://schema.org/hasMolecularFunction,schema:hasMolecularFunction,schema.org,2,screened out,"Read in the shortlist; word overlap only, not a fit for the coined meaning.",Molecular function performed by this BioChemEntity; please use PropertyValue if you want to include any evidence.,https://schema.org/version/latest/schemaorg-current-https.ttl,definition from source file,bm25
42,oht:hasUptake,http://www.w3.org/2004/02/skos/core#topConceptOf,skos:topConceptOf,SKOS,1,screened out,"Read in the shortlist; word overlap only, not a fit for the coined meaning.",Relates a concept to the concept scheme that it is a top level concept of.,http://www.w3.org/2004/02/skos/core.rdf,definition from source file,bm25
42,oht:hasUptake,http://www.w3.org/ns/prov#qualifiedUsage,prov:qualifiedUsage,PROV-O,1,screened out,"Read in the shortlist; word overlap only, not a fit for the coined meaning.","If this Activity prov:used Entity :e, then it can qualify how it used it using prov:qualifiedUsage [ a prov:Usage; prov:entity :e; :foo :bar ].",https://www.w3.org/ns/prov.ttl,definition from source file,bm25
42,oht:hasUptake,https://schema.org/MedicalEvidenceLevel,schema:MedicalEvidenceLevel,schema.org,2,screened out,"Read in the shortlist; word overlap only, not a fit for the coined meaning.",Level of evidence for a medical guideline. Enumerated type.,https://schema.org/version/latest/schemaorg-current-https.ttl,definition from source file,bm25
43,oht:uptakeKind,http://purl.org/dc/terms/type,dcterms:type,DCMI Terms,1,exact,One type slot on an uptake.,The nature or genre of the resource.,https://www.dublincore.org/specifications/dublin-core/dcmi-terms/dublin_core_terms.ttl,verified at source,lead
43,oht:uptakeKind,https://schema.org/contactType,schema:contactType,schema.org,2,screened out,"Read in the shortlist; word overlap only, not a fit for the coined meaning.","A person or organization can have different contact points, for different purposes. For example, a sales contact point, a PR contact point and so on. This property is used to specify the kind of contact point.",https://schema.org/version/latest/schemaorg-current-https.ttl,definition from source file,bm25
43,oht:uptakeKind,https://schema.org/targetPlatform,schema:targetPlatform,schema.org,2,screened out,"Read in the shortlist; word overlap only, not a fit for the coined meaning.","Type of app development: phone, Metro style, desktop, XBox, etc.",https://schema.org/version/latest/schemaorg-current-https.ttl,definition from source file,bm25
43,oht:uptakeKind,https://schema.org/actionPlatform,schema:actionPlatform,schema.org,2,screened out,"Read in the shortlist; word overlap only, not a fit for the coined meaning.","The high level platform(s) where the Action can be performed for the given URL. To specify a specific application or operating system instance, use actionApplication.",https://schema.org/version/latest/schemaorg-current-https.ttl,definition from source file,bm25
43,oht:uptakeKind,https://schema.org/substanceOfConcern,schema:substanceOfConcern,schema.org,2,screened out,"Read in the shortlist; word overlap only, not a fit for the coined meaning.","A substance of concern (SoC) contained within the product, typically based on regulatory lists like REACH or RoHS.",https://schema.org/version/latest/schemaorg-current-https.ttl,definition from source file,bm25
43,oht:uptakeKind,https://schema.org/mapType,schema:mapType,schema.org,2,screened out,"Read in the shortlist; word overlap only, not a fit for the coined meaning.","Indicates the kind of Map, from the MapCategoryType Enumeration.",https://schema.org/version/latest/schemaorg-current-https.ttl,definition from source file,bm25
43,oht:uptakeKind,https://schema.org/bed,schema:bed,schema.org,2,screened out,"Read in the shortlist; word overlap only, not a fit for the coined meaning.","The type of bed or beds included in the accommodation. For the single case of just one bed of a certain type, you use bed directly with a text. If you want to indicate the quantity of a certain kind of bed, use an instance of BedDetails. For more detailed information, use the amenityFeature property.",https://schema.org/version/latest/schemaorg-current-https.ttl,definition from source file,bm25
43,oht:uptakeKind,https://schema.org/departurePlatform,schema:departurePlatform,schema.org,2,screened out,"Read in the shortlist; word overlap only, not a fit for the coined meaning.",The platform from which the train departs.,https://schema.org/version/latest/schemaorg-current-https.ttl,definition from source file,bm25
43,oht:uptakeKind,https://schema.org/arrivalPlatform,schema:arrivalPlatform,schema.org,2,screened out,"Read in the shortlist; word overlap only, not a fit for the coined meaning.",The platform where the train arrives.,https://schema.org/version/latest/schemaorg-current-https.ttl,definition from source file,bm25
43,oht:uptakeKind,http://purl.org/spar/cito/isCitationCharacterizationOf,cito:isCitationCharacterizationOf,CiTO,2,screened out,"Read in the shortlist; word overlap only, not a fit for the coined meaning.","A relation between the characterization of a citation, made by using a CiTO citation characterization property, and that citation.",http://purl.org/spar/cito,definition from source file,bm25
43,oht:uptakeKind,https://schema.org/albumReleaseType,schema:albumReleaseType,schema.org,2,screened out,"Read in the shortlist; word overlap only, not a fit for the coined meaning.","The kind of release which this album is: single, EP or album.",https://schema.org/version/latest/schemaorg-current-https.ttl,definition from source file,bm25
43,oht:uptakeKind,http://usefulinc.com/ns/doap#platform,doap:platform,DOAP,2,screened out,"Read in the shortlist; word overlap only, not a fit for the coined meaning.","Indicator of software platform (non-OS specific), e.g. Java, Firefox, ECMA CLR",http://usefulinc.com/ns/doap,definition from source file,bm25
43,oht:uptakeKind,http://www.w3.org/ns/ssn/deployedOnPlatform,ssn:deployedOnPlatform,SSN,1,screened out,"Read in the shortlist; word overlap only, not a fit for the coined meaning.",Relation between a Deployment and the Platform on which the Systems are deployed.,https://www.w3.org/ns/ssn/,definition from source file,bm25
43,oht:uptakeKind,http://purl.org/dc/terms/bibliographicCitation,dcterms:bibliographicCitation,DCMI Terms,1,screened out,"Read in the shortlist; word overlap only, not a fit for the coined meaning.",A bibliographic reference for the resource.,https://www.dublincore.org/specifications/dublin-core/dcmi-terms/dublin_core_terms.ttl,definition from source file,bm25
43,oht:uptakeKind,https://schema.org/learningResourceType,schema:learningResourceType,schema.org,2,screened out,"Read in the shortlist; word overlap only, not a fit for the coined meaning.","The predominant type or kind characterizing the learning resource. For example, 'presentation', 'handout'.",https://schema.org/version/latest/schemaorg-current-https.ttl,definition from source file,bm25
43,oht:uptakeKind,https://schema.org/citation,schema:citation,schema.org,2,screened out,"Read in the shortlist; word overlap only, not a fit for the coined meaning.","A citation or reference to another creative work, such as another publication, web page, scholarly article, etc.",https://schema.org/version/latest/schemaorg-current-https.ttl,definition from source file,bm25
44,oht:strength,https://w3id.org/sssom/confidence,sssom:confidence,SSSOM,2,related,"Numeric, and about mappings.","A value assigned by the creator of the mapping to denote the creator's confidence or estimated probability that the mapping record is correct. A value of 1.0 means the creator has full confidence in the correctness of the mapping record, while a value of 0.0 means the creator is fully unsure whether the mapping record is correct or not. When not explicitly specified, confidence estimation algorithms should consider the mapping confidence to be 1.0 by default.",https://w3id.org/sssom/,verified at source,bm25+lead
44,oht:strength,https://schema.org/evidenceLevel,schema:evidenceLevel,schema.org,2,related,Medical guidelines only.,Strength of evidence of the data used to formulate the guideline (enumerated).,https://schema.org/version/latest/schemaorg-current-https.ttl,verified at source,bm25
44,oht:strength,https://schema.org/recommendationStrength,schema:recommendationStrength,schema.org,2,screened out,"Read in the shortlist; word overlap only, not a fit for the coined meaning.",Strength of the guideline's recommendation (e.g. 'class I').,https://schema.org/version/latest/schemaorg-current-https.ttl,definition from source file,bm25
44,oht:strength,https://schema.org/availableStrength,schema:availableStrength,schema.org,2,screened out,"Read in the shortlist; word overlap only, not a fit for the coined meaning.",An available dosage strength for the drug.,https://schema.org/version/latest/schemaorg-current-https.ttl,definition from source file,bm25
44,oht:strength,https://schema.org/strengthValue,schema:strengthValue,schema.org,2,screened out,"Read in the shortlist; word overlap only, not a fit for the coined meaning.","The value of an active ingredient's strength, e.g. 325.",https://schema.org/version/latest/schemaorg-current-https.ttl,definition from source file,bm25
44,oht:strength,https://schema.org/strengthUnit,schema:strengthUnit,schema.org,2,screened out,"Read in the shortlist; word overlap only, not a fit for the coined meaning.","The units of an active ingredient's strength, e.g. mg.",https://schema.org/version/latest/schemaorg-current-https.ttl,definition from source file,bm25
44,oht:strength,https://w3id.org/sssom/registry_confidence,sssom:registry_confidence,SSSOM,2,screened out,"Read in the shortlist; word overlap only, not a fit for the coined meaning.","This value is set by the creator/maintainer of the mapping registry and reflects the confidence the mapping registry has in the correctness (i.e., precision) of mappings in the mapping set. When not explicitly specified, confidence estimation algorithms should consider the registry confidence in a mapping set to be 1.0 by default.",https://w3id.org/sssom/,definition from source file,bm25
44,oht:strength,https://w3id.org/sssom/mapping_set_confidence,sssom:mapping_set_confidence,SSSOM,2,screened out,"Read in the shortlist; word overlap only, not a fit for the coined meaning.","Mapping-set level confidence is assigned by the creator of the mapping set to indicate their overall confidence in the correctness (i.e., precision) of mappings in the mapping set. Mapping set confidence is intended to be used in cases were the creator wants to express an overall confidence into the agent that curated the individual mappings, for example a lexical matching tool, or a group of students. When not explicitly specified, confidence estimation algorithms should consider the mapping set confidence to be 1.0 by default.",https://w3id.org/sssom/,definition from source file,bm25
44,oht:strength,https://schema.org/executableLibraryName,schema:executableLibraryName,schema.org,2,screened out,"Read in the shortlist; word overlap only, not a fit for the coined meaning.","Library file name, e.g., mscorlib.dll, system.web.dll.",https://schema.org/version/latest/schemaorg-current-https.ttl,definition from source file,bm25
44,oht:strength,https://schema.org/Library,schema:Library,schema.org,2,screened out,"Read in the shortlist; word overlap only, not a fit for the coined meaning.",A library.,https://schema.org/version/latest/schemaorg-current-https.ttl,definition from source file,bm25
44,oht:strength,https://w3id.org/dpv/risk#CustomerConfidenceLoss,risk:CustomerConfidenceLoss,DPV RISK,2,screened out,"Read in the shortlist; word overlap only, not a fit for the coined meaning.",Concept representing Customer Confidence Loss,https://w3id.org/dpv/risk,definition from source file,bm25
44,oht:strength,http://purl.org/spar/cito/isCitedAsEvidenceBy,cito:isCitedAsEvidenceBy,CiTO,2,screened out,"Read in the shortlist; word overlap only, not a fit for the coined meaning.",A relation according to which the cited entity is cited for providing factual evidence to the citing entity.,http://purl.org/spar/cito,definition from source file,bm25
44,oht:strength,https://schema.org/DrugStrength,schema:DrugStrength,schema.org,2,screened out,"Read in the shortlist; word overlap only, not a fit for the coined meaning.",A specific strength in which a medical drug is available in a specific country.,https://schema.org/version/latest/schemaorg-current-https.ttl,definition from source file,bm25
44,oht:strength,http://purl.org/spar/cito/citesAsEvidence,cito:citesAsEvidence,CiTO,2,screened out,"Read in the shortlist; word overlap only, not a fit for the coined meaning.",A relation according to which the citing entity cites the cited entity as source of factual evidence for statements it contains.,http://purl.org/spar/cito,definition from source file,bm25
44,oht:strength,https://schema.org/evidenceOrigin,schema:evidenceOrigin,schema.org,2,screened out,"Read in the shortlist; word overlap only, not a fit for the coined meaning.","Source of the data used to formulate the guidance, e.g. RCT, consensus opinion, etc.",https://schema.org/version/latest/schemaorg-current-https.ttl,definition from source file,bm25
44,oht:strength,http://www.w3.org/ns/dqv#QualityAnnotation,dqv:QualityAnnotation,DQV,2,screened out,"Read in the shortlist; word overlap only, not a fit for the coined meaning.","Represents quality annotations, including ratings, quality certificates or feedback that can be associated to datasets or distributions. Quality annotations must have one oa:motivatedBy statement with an instance of oa:Motivation (and skos:Concept) that reflects a quality assessment purpose. We define this instance as dqv:qualityAssessment.",https://www.w3.org/ns/dqv.ttl,definition from source file,lead
45,oht:mappingRelation,owl:annotatedProperty,owl:annotatedProperty,SSSOM,2,exact,SSSOM's predicate_id: the IRI of the relation.,predicate_id: The ID of the predicate or relation that relates the subject and object of this match. [SSSOM serialises this slot as owl:annotatedProperty],"https://w3id.org/sssom/ (LinkML schema, slot predicate_id)",verified at source (specification text),bm25
45,oht:mappingRelation,http://www.w3.org/2004/02/skos/core#closeMatch,skos:closeMatch,SKOS,1,exact,Value: the mapping relation is itself a standard IRI.,"skos:closeMatch is used to link two concepts that are sufficiently similar that they can be used interchangeably in some information retrieval applications. In order to avoid the possibility of ""compound errors"" when combining mappings across more than two concept schemes, skos:closeMatch is not declared to be a transitive property.",http://www.w3.org/2004/02/skos/core.rdf,verified at source,lead
45,oht:mappingRelation,http://www.w3.org/2004/02/skos/core#mappingRelation,skos:mappingRelation,SKOS,1,super,Parent of the SKOS mapping properties.,"Relates two concepts coming, by convention, from different schemes, and that have comparable meanings",http://www.w3.org/2004/02/skos/core.rdf,verified at source,bm25
45,oht:mappingRelation,https://w3id.org/sssom/predicate_modifier,sssom:predicate_modifier,SSSOM,2,related,For negating a specific mapping.,A modifier for negating the predicate. See https://github.com/mapping-commons/sssom/issues/40 for discussion,https://w3id.org/sssom/,verified at source,bm25+lead
45,oht:mappingRelation,https://w3id.org/sssom/predicate_label,sssom:predicate_label,SSSOM,2,screened out,"Read in the shortlist; word overlap only, not a fit for the coined meaning.",The label of the predicate/relation of the mapping.,https://w3id.org/sssom/,definition from source file,bm25
45,oht:mappingRelation,https://w3id.org/sssom/NegatedPredicate,sssom:NegatedPredicate,SSSOM,2,screened out,"Read in the shortlist; word overlap only, not a fit for the coined meaning.",Negating the mapping predicate. The meaning of the triple becomes subject_id is not a predicate_id match to object_id.,https://w3id.org/sssom/,definition from source file,bm25
45,oht:mappingRelation,http://www.w3.org/2004/02/skos/core#relatedMatch,skos:relatedMatch,SKOS,1,screened out,"Read in the shortlist; word overlap only, not a fit for the coined meaning.",skos:relatedMatch is used to state an associative mapping link between two conceptual resources in different concept schemes.,http://www.w3.org/2004/02/skos/core.rdf,definition from source file,bm25
45,oht:mappingRelation,http://www.w3.org/2004/02/skos/core#narrowMatch,skos:narrowMatch,SKOS,1,screened out,"Read in the shortlist; word overlap only, not a fit for the coined meaning.",skos:narrowMatch is used to state a hierarchical mapping link between two conceptual resources in different concept schemes.,http://www.w3.org/2004/02/skos/core.rdf,definition from source file,bm25
45,oht:mappingRelation,http://www.w3.org/2004/02/skos/core#broadMatch,skos:broadMatch,SKOS,1,screened out,"Read in the shortlist; word overlap only, not a fit for the coined meaning.",skos:broadMatch is used to state a hierarchical mapping link between two conceptual resources in different concept schemes.,http://www.w3.org/2004/02/skos/core.rdf,definition from source file,bm25
45,oht:mappingRelation,https://w3id.org/semapv/vocab/Mapping,semapv:Mapping,SEMAPV,2,screened out,"Read in the shortlist; word overlap only, not a fit for the coined meaning.","A triple <s,p,o> comprising a subject entity s, an object entity o and a mapping predicate p.",https://w3id.org/semapv/vocab/,definition from source file,bm25
45,oht:mappingRelation,https://w3id.org/sssom/object_match_field,sssom:object_match_field,SSSOM,2,screened out,"Read in the shortlist; word overlap only, not a fit for the coined meaning.","A list of properties, annotations or attributes related to the object that was used to establish the match. This property is recommended for use in conjunction with mapping justifications related to lexical matching, such as `semapv:LexicalMatching`. For additional information see the 'See Also' section.",https://w3id.org/sssom/,definition from source file,bm25
45,oht:mappingRelation,https://w3id.org/sssom/subject_match_field,sssom:subject_match_field,SSSOM,2,screened out,"Read in the shortlist; word overlap only, not a fit for the coined meaning.","A list of properties, annotations or attributes related to the subject that was used to establish the match. This property is recommended for use in conjunction with mapping justifications related to lexical matching, such as `semapv:LexicalMatching`. For additional information see the 'See Also' section.",https://w3id.org/sssom/,definition from source file,bm25
45,oht:mappingRelation,https://w3id.org/sssom/predicate_type,sssom:predicate_type,SSSOM,2,screened out,"Read in the shortlist; word overlap only, not a fit for the coined meaning.",The type of the predicate used to map the subject and object entities.,https://w3id.org/sssom/,definition from source file,bm25
45,oht:mappingRelation,https://w3id.org/semapv/vocab/MappingInversion,semapv:MappingInversion,SEMAPV,2,screened out,"Read in the shortlist; word overlap only, not a fit for the coined meaning.",A matching process based on the inverting or flipping of the subject with the object of a mapping in accordance with the semantics of the mapping predicate.,https://w3id.org/semapv/vocab/,definition from source file,bm25
45,oht:mappingRelation,https://w3id.org/sssom/match_string,sssom:match_string,SSSOM,2,screened out,"Read in the shortlist; word overlap only, not a fit for the coined meaning.",String that is shared by subj/obj. It is recommended to indicate the fields for the match using the object and subject_match_field slots.,https://w3id.org/sssom/,definition from source file,bm25
45,oht:mappingRelation,https://w3id.org/semapv/vocab/isomorphicMatch,semapv:isomorphicMatch,SEMAPV,2,screened out,"Read in the shortlist; word overlap only, not a fit for the coined meaning.","A match where the subject is isomorphic to the object, i.e. considered of identical or similar form, shape, or structure.",https://w3id.org/semapv/vocab/,definition from source file,bm25
45,oht:mappingRelation,http://www.w3.org/2004/02/skos/core#exactMatch,skos:exactMatch,SKOS,1,screened out,"Read in the shortlist; word overlap only, not a fit for the coined meaning.","skos:exactMatch is used to link two concepts, indicating a high degree of confidence that the concepts can be used interchangeably across a wide range of information retrieval applications. skos:exactMatch is a transitive property, and is a sub-property of skos:closeMatch.",http://www.w3.org/2004/02/skos/core.rdf,definition from source file,lead
46,oht:confidence,https://w3id.org/sssom/confidence,sssom:confidence,SSSOM,2,related,Numeric 0 to 1; see item 47.,"A value assigned by the creator of the mapping to denote the creator's confidence or estimated probability that the mapping record is correct. A value of 1.0 means the creator has full confidence in the correctness of the mapping record, while a value of 0.0 means the creator is fully unsure whether the mapping record is correct or not. When not explicitly specified, confidence estimation algorithms should consider the mapping confidence to be 1.0 by default.",https://w3id.org/sssom/,verified at source,bm25+lead
46,oht:confidence,https://w3id.org/sssom/mapping_provider,sssom:mapping_provider,SSSOM,2,related,Carries the issuer_asserted case.,"URL pointing to the source that provided the mapping, for example an ontology that already contains the mappings, or a database from which it was derived.",https://w3id.org/sssom/,verified at source,bm25+lead
46,oht:confidence,https://w3id.org/sssom/mapping_set_confidence,sssom:mapping_set_confidence,SSSOM,2,screened out,"Read in the shortlist; word overlap only, not a fit for the coined meaning.","Mapping-set level confidence is assigned by the creator of the mapping set to indicate their overall confidence in the correctness (i.e., precision) of mappings in the mapping set. Mapping set confidence is intended to be used in cases were the creator wants to express an overall confidence into the agent that curated the individual mappings, for example a lexical matching tool, or a group of students. When not explicitly specified, confidence estimation algorithms should consider the mapping set confidence to be 1.0 by default.",https://w3id.org/sssom/,definition from source file,bm25
46,oht:confidence,https://w3id.org/sssom/registry_confidence,sssom:registry_confidence,SSSOM,2,screened out,"Read in the shortlist; word overlap only, not a fit for the coined meaning.","This value is set by the creator/maintainer of the mapping registry and reflects the confidence the mapping registry has in the correctness (i.e., precision) of mappings in the mapping set. When not explicitly specified, confidence estimation algorithms should consider the registry confidence in a mapping set to be 1.0 by default.",https://w3id.org/sssom/,definition from source file,bm25
46,oht:confidence,http://purl.org/dc/terms/created,dcterms:created,DCMI Terms,2,screened out,"Read in the shortlist; word overlap only, not a fit for the coined meaning.",The date the mapping was asserted. This is different from the date the mapping was published or compiled in a SSSOM file.,https://w3id.org/sssom/,definition from source file,bm25
46,oht:confidence,http://purl.org/dc/terms/issued,dcterms:issued,DCMI Terms,2,screened out,"Read in the shortlist; word overlap only, not a fit for the coined meaning.",The date the mapping was published. This is different from the date the mapping was asserted.,https://w3id.org/sssom/,definition from source file,bm25
46,oht:confidence,https://w3id.org/sssom/reviewer_agreement,sssom:reviewer_agreement,SSSOM,2,screened out,"Read in the shortlist; word overlap only, not a fit for the coined meaning.","A value assigned by the reviewer of the mapping to denote their confidence that the mapping record is correct. A value of 1.0 means the reviewer fully agrees with the mapping record. A value of -1.0 means the reviewer fully disagrees with the mapping record. A value of 0.0 means the reviewer is not sure whether the mapping record is correct or not. When not explicitly specified, confidence estimation algorithms should consider the reviewer agreement to be 1.0 by default.",https://w3id.org/sssom/,definition from source file,bm25
46,oht:confidence,https://w3id.org/sssom/review_date,sssom:review_date,SSSOM,2,screened out,"Read in the shortlist; word overlap only, not a fit for the coined meaning.","The date the mapping was reviewed. This is different from the date the mapping was asserted and published. If this field is used in a mapping, reviewer_id and/or reviewer_label MUST also be be set.",https://w3id.org/sssom/,definition from source file,bm25
46,oht:confidence,http://purl.org/dc/terms/medium,dcterms:medium,DCMI Terms,1,screened out,"Read in the shortlist; word overlap only, not a fit for the coined meaning.",The material or physical carrier of the resource.,https://www.dublincore.org/specifications/dublin-core/dcmi-terms/dublin_core_terms.ttl,definition from source file,bm25
46,oht:confidence,https://w3id.org/sssom/mapping set reference,sssom:mapping set reference,SSSOM,2,screened out,"Read in the shortlist; word overlap only, not a fit for the coined meaning.","A reference to a mapping set. It allows to augment mapping set metadata from the perspective of the registry, for example, providing confidence, or a local filename or a grouping.",https://w3id.org/sssom/,definition from source file,bm25
46,oht:confidence,http://www.w3.org/ns/odrl/2/assigner,odrl:assigner,ODRL,1,screened out,"Read in the shortlist; word overlap only, not a fit for the coined meaning.",The Party is the issuer of the Rule.,https://www.w3.org/ns/odrl/2/ODRL22.ttl,definition from source file,bm25
46,oht:confidence,https://w3id.org/dpv/risk#CustomerConfidenceLoss,risk:CustomerConfidenceLoss,DPV RISK,2,screened out,"Read in the shortlist; word overlap only, not a fit for the coined meaning.",Concept representing Customer Confidence Loss,https://w3id.org/dpv/risk,definition from source file,bm25
46,oht:confidence,https://w3id.org/dpv/risk#RM7x7S3L5,risk:RM7x7S3L5,DPV RISK,2,screened out,"Read in the shortlist; word overlap only, not a fit for the coined meaning.",Node in a 7x7 Risk Matrix with Risk Severity: Low; Likelihood: High; and Risk Level: High,https://w3id.org/dpv/risk,definition from source file,bm25
46,oht:confidence,https://w3id.org/dpv/risk#RM7x7S5L2,risk:RM7x7S5L2,DPV RISK,2,screened out,"Read in the shortlist; word overlap only, not a fit for the coined meaning.",Node in a 7x7 Risk Matrix with Risk Severity: High; Likelihood: Very Low; and Risk Level: Low,https://w3id.org/dpv/risk,definition from source file,bm25
46,oht:confidence,https://w3id.org/dpv/risk#RM7x7S2L5,risk:RM7x7S2L5,DPV RISK,2,screened out,"Read in the shortlist; word overlap only, not a fit for the coined meaning.",Node in a 7x7 Risk Matrix with Risk Severity: Very Low; Likelihood: High; and Risk Level: Low,https://w3id.org/dpv/risk,definition from source file,bm25
47,oht:score,https://w3id.org/sssom/confidence,sssom:confidence,SSSOM,2,exact,"'the creator's confidence or estimated probability that the mapping record is correct', 0.0 to 1.0.","A value assigned by the creator of the mapping to denote the creator's confidence or estimated probability that the mapping record is correct. A value of 1.0 means the creator has full confidence in the correctness of the mapping record, while a value of 0.0 means the creator is fully unsure whether the mapping record is correct or not. When not explicitly specified, confidence estimation algorithms should consider the mapping confidence to be 1.0 by default.",https://w3id.org/sssom/,verified at source,bm25+lead
47,oht:score,https://w3id.org/sssom/similarity_score,sssom:similarity_score,SSSOM,2,related,"Similarity, not correctness.","A score between 0 and 1 to denote the similarity between two entities, where 1 denotes equivalence, and 0 denotes disjointness. The score is meant to be used in conjunction with the similarity_measure field, to document, for example, the lexical or semantic match of a matching algorithm.",https://w3id.org/sssom/,verified at source,bm25+lead
47,oht:score,https://w3id.org/sssom/similarity_measure,sssom:similarity_measure,SSSOM,2,screened out,"Read in the shortlist; word overlap only, not a fit for the coined meaning.","The measure used for computing a similarity score. This field is meant to be used in conjunction with the similarity_score field, to document, for example, the lexical or semantic match of a matching algorithm. To make processing this field as unambiguous as possible, we recommend using wikidata CURIEs, but the type of this field is deliberately unspecified.",https://w3id.org/sssom/,definition from source file,bm25
47,oht:score,https://w3id.org/semapv/vocab/SimilarityMeasure,semapv:SimilarityMeasure,SEMAPV,2,screened out,"Read in the shortlist; word overlap only, not a fit for the coined meaning.",A technique for determining a score that characterises the similarity between two entities.,https://w3id.org/semapv/vocab/,definition from source file,bm25
47,oht:score,https://w3id.org/semapv/vocab/SemanticSimilarityThresholdMatching,semapv:SemanticSimilarityThresholdMatching,SEMAPV,2,screened out,"Read in the shortlist; word overlap only, not a fit for the coined meaning.",A matching process based on a minimum threshold of a score from a comparison based on a semantic similarity algorithm.,https://w3id.org/semapv/vocab/,definition from source file,bm25
47,oht:score,https://w3id.org/semapv/vocab/LexicalSimilarityThresholdMatching,semapv:LexicalSimilarityThresholdMatching,SEMAPV,2,screened out,"Read in the shortlist; word overlap only, not a fit for the coined meaning.",A lexical matching process based on a minimum threshold of a score from a comparison based on a lexical similarity algorithm.,https://w3id.org/semapv/vocab/,definition from source file,bm25
47,oht:score,https://w3id.org/sssom/registry_confidence,sssom:registry_confidence,SSSOM,2,screened out,"Read in the shortlist; word overlap only, not a fit for the coined meaning.","This value is set by the creator/maintainer of the mapping registry and reflects the confidence the mapping registry has in the correctness (i.e., precision) of mappings in the mapping set. When not explicitly specified, confidence estimation algorithms should consider the registry confidence in a mapping set to be 1.0 by default.",https://w3id.org/sssom/,definition from source file,bm25
47,oht:score,https://w3id.org/sssom/mapping_set_confidence,sssom:mapping_set_confidence,SSSOM,2,screened out,"Read in the shortlist; word overlap only, not a fit for the coined meaning.","Mapping-set level confidence is assigned by the creator of the mapping set to indicate their overall confidence in the correctness (i.e., precision) of mappings in the mapping set. Mapping set confidence is intended to be used in cases were the creator wants to express an overall confidence into the agent that curated the individual mappings, for example a lexical matching tool, or a group of students. When not explicitly specified, confidence estimation algorithms should consider the mapping set confidence to be 1.0 by default.",https://w3id.org/sssom/,definition from source file,bm25
47,oht:score,https://schema.org/bioChemSimilarity,schema:bioChemSimilarity,schema.org,2,screened out,"Read in the shortlist; word overlap only, not a fit for the coined meaning.","A similar BioChemEntity, e.g., obtained by fingerprint similarity algorithms.",https://schema.org/version/latest/schemaorg-current-https.ttl,definition from source file,bm25
47,oht:score,http://www.w3.org/2006/time#numericPosition,http://www.w3.org/2006/time#numericPosition,OWL-Time,1,screened out,"Read in the shortlist; word overlap only, not a fit for the coined meaning.",The (numeric) value indicating position within a temporal coordinate system,https://www.w3.org/2006/time.ttl,definition from source file,bm25
47,oht:score,https://w3id.org/dpv/risk#CustomerConfidenceLoss,risk:CustomerConfidenceLoss,DPV RISK,2,screened out,"Read in the shortlist; word overlap only, not a fit for the coined meaning.",Concept representing Customer Confidence Loss,https://w3id.org/dpv/risk,definition from source file,bm25
47,oht:score,http://www.w3.org/2006/time#numericDuration,http://www.w3.org/2006/time#numericDuration,OWL-Time,1,screened out,"Read in the shortlist; word overlap only, not a fit for the coined meaning.",Value of a temporal extent expressed as a decimal number scaled by a temporal unit,https://www.w3.org/2006/time.ttl,definition from source file,bm25
47,oht:score,https://w3id.org/vair#DeterminingCreditScore,https://w3id.org/vair#DeterminingCreditScore,VAIR,3,screened out,"Read in the shortlist; word overlap only, not a fit for the coined meaning.",Determining credit score of a person,https://w3id.org/vair,definition from source file,bm25
47,oht:score,https://w3id.org/semapv/vocab/nGramSimilarity,semapv:nGramSimilarity,SEMAPV,2,screened out,"Read in the shortlist; word overlap only, not a fit for the coined meaning.",,https://w3id.org/semapv/vocab/,no definition in file,bm25
47,oht:score,https://w3id.org/semapv/vocab/SubstringSimilarity,semapv:SubstringSimilarity,SEMAPV,2,screened out,"Read in the shortlist; word overlap only, not a fit for the coined meaning.",,https://w3id.org/semapv/vocab/,no definition in file,bm25
48,oht:method,https://w3id.org/sssom/mapping_justification,sssom:mapping_justification,SSSOM,2,exact,How a mapping was shown to be right.,A mapping justification is an action (or the written representation of that action) of showing a mapping to be right or reasonable.,https://w3id.org/sssom/,verified at source,bm25+lead
48,oht:method,https://w3id.org/semapv/vocab/ManualMappingCuration,semapv:ManualMappingCuration,SEMAPV,2,exact,Value.,A matching process that is performed by a human agent and is based on human judgement and domain knowledge.,https://w3id.org/semapv/vocab/,verified at source,bm25+lead
48,oht:method,https://w3id.org/semapv/vocab/LLMBasedMatching,semapv:LLMBasedMatching,SEMAPV,2,exact,Value for llm_assisted crosswalks.,"A machine learning-based matching process in which a large language model determines matches between entities, typically through single-step or few-shot prompting, or through fine-tuning the model to judge mapping candidates or generate mappings directly.",https://w3id.org/semapv/vocab/,verified at source,reading
48,oht:method,http://www.w3.org/ns/prov#wasGeneratedBy,prov:wasGeneratedBy,PROV-O,1,exact,For records; DCAT-AP names it on Dataset.,[definition of prov:Generation] Generation is the completion of production of a new entity by an activity. This entity did not exist before generation and becomes available for usage after this generation.,https://www.w3.org/ns/prov.ttl,verified at source (definition carried by the qualified class),bm25+lead
48,oht:method,https://w3id.org/sssom/curation_rule_text,sssom:curation_rule_text,SSSOM,2,screened out,"Read in the shortlist; word overlap only, not a fit for the coined meaning.","A curation rule is a (potentially) complex condition executed by an agent that led to the establishment of a mapping. Curation rules often involve complex domain-specific considerations, which are hard to capture in an automated fashion. The curation rule should be captured as a resource (entity reference) rather than a string (see curation_rule element), which enables higher levels of transparency and sharing across mapping sets. The textual representation of curation rule is intended to be used in cases where the creation of a resource is not practical from the perspective of the mapping_provider.",https://w3id.org/sssom/,definition from source file,bm25
48,oht:method,https://w3id.org/sssom/curation_rule,sssom:curation_rule,SSSOM,2,screened out,"Read in the shortlist; word overlap only, not a fit for the coined meaning.","A curation rule is a (potentially) complex condition executed by an agent that led to the establishment of a mapping. Curation rules often involve complex domain-specific considerations, which are hard to capture in an automated fashion. The curation rule is captured as a resource rather than a string, which enables higher levels of transparency and sharing across mapping sets. The URI representation of the curation rule is expected to be a resolvable identifier which provides details about the nature of the curation rule.",https://w3id.org/sssom/,definition from source file,bm25
48,oht:method,https://w3id.org/dpv#hasJustification,dpv:hasJustification,DPV core,2,screened out,"Read in the shortlist; word overlap only, not a fit for the coined meaning.",Indicates a justification for specified concept or context,https://w3id.org/dpv,definition from source file,bm25
48,oht:method,http://www.w3.org/ns/prov#generatedAtTime,prov:generatedAtTime,PROV-O,1,screened out,"Read in the shortlist; word overlap only, not a fit for the coined meaning.",The time at which an entity was completely created and is available for use.,https://www.w3.org/ns/prov.ttl,definition from source file,bm25
48,oht:method,https://w3id.org/sssom/reviewer_agreement,sssom:reviewer_agreement,SSSOM,2,screened out,"Read in the shortlist; word overlap only, not a fit for the coined meaning.","A value assigned by the reviewer of the mapping to denote their confidence that the mapping record is correct. A value of 1.0 means the reviewer fully agrees with the mapping record. A value of -1.0 means the reviewer fully disagrees with the mapping record. A value of 0.0 means the reviewer is not sure whether the mapping record is correct or not. When not explicitly specified, confidence estimation algorithms should consider the reviewer agreement to be 1.0 by default.",https://w3id.org/sssom/,definition from source file,bm25
48,oht:method,http://www.w3.org/ns/prov#wasDerivedFrom,prov:wasDerivedFrom,PROV-O,2,screened out,"Read in the shortlist; word overlap only, not a fit for the coined meaning.",A mapping set or set of mapping set that was used to derive the mapping set.,https://w3id.org/sssom/,definition from source file,bm25
48,oht:method,http://purl.org/dc/terms/created,dcterms:created,DCMI Terms,2,screened out,"Read in the shortlist; word overlap only, not a fit for the coined meaning.",The date the mapping was asserted. This is different from the date the mapping was published or compiled in a SSSOM file.,https://w3id.org/sssom/,definition from source file,bm25
48,oht:method,https://w3id.org/semapv/vocab/MappingActivity,semapv:MappingActivity,SEMAPV,2,screened out,"Read in the shortlist; word overlap only, not a fit for the coined meaning.","A process that relates to the creation, confirmation, rejection or curation of a mapping.",https://w3id.org/semapv/vocab/,definition from source file,bm25
48,oht:method,https://w3id.org/sssom/confidence,sssom:confidence,SSSOM,2,screened out,"Read in the shortlist; word overlap only, not a fit for the coined meaning.","A value assigned by the creator of the mapping to denote the creator's confidence or estimated probability that the mapping record is correct. A value of 1.0 means the creator has full confidence in the correctness of the mapping record, while a value of 0.0 means the creator is fully unsure whether the mapping record is correct or not. When not explicitly specified, confidence estimation algorithms should consider the mapping confidence to be 1.0 by default.",https://w3id.org/sssom/,definition from source file,bm25
48,oht:method,https://w3id.org/sssom/record_id,sssom:record_id,SSSOM,2,screened out,"Read in the shortlist; word overlap only, not a fit for the coined meaning.","A unique identifier for a mapping record, that is for an instance of the Mapping class (in the SSSOM/TSV serialisation, this corresponds to an individual row after propagation is applied). This slot is intended to uniquely identify one such record within a mapping set and may for example act as the resource identifier for the record when it is serialised into RDF. This slot MUST NOT be used to “group” several records together to indicate that they pertain to a single mapping (for example, that they represent different versions of the same mapping), by assigning the same ID to several records. When it is used, every record within a set MUST have a unique, non-empty value. The identifier MUST be a URI; beyond that, its format is unconstrained and the identifier MUST be treated as an opaque string.",https://w3id.org/sssom/,definition from source file,bm25
48,oht:method,http://purl.org/dc/terms/issued,dcterms:issued,DCMI Terms,2,screened out,"Read in the shortlist; word overlap only, not a fit for the coined meaning.",The date the mapping was published. This is different from the date the mapping was asserted.,https://w3id.org/sssom/,definition from source file,bm25
48,oht:method,http://purl.obolibrary.org/obo/IAO_0000114,obo:IAO_0000114,OBO IAO,2,screened out,"Read in the shortlist; word overlap only, not a fit for the coined meaning.",,http://purl.obolibrary.org/obo/iao.owl,no definition in file,bm25
49,oht:derivationMethod,http://www.w3.org/ns/prov#Quotation,prov:Quotation,PROV-O,1,related,Covers verbatim only.,"A quotation is the repeat of (some or all of) an entity, such as text or image, by someone who may or may not be its original author. Quotation is a particular case of derivation.",https://www.w3.org/ns/prov.ttl,verified at source,bm25+lead
49,oht:derivationMethod,http://www.w3.org/ns/prov#Revision,prov:Revision,PROV-O,1,related,Covers revised versions only.,A revision is a derivation for which the resulting entity is a revised version of some original. The implication here is that the resulting entity contains substantial content from the original. Revision is a particular case of derivation.,https://www.w3.org/ns/prov.ttl,verified at source,bm25+lead
49,oht:derivationMethod,http://cv.iptc.org/newscodes/digitalsourcetype/trainedAlgorithmicMedia,iptcdst:trainedAlgorithmicMedia,IPTC Digital Source Type,2,related,Value alignment for llm_drafted; schema.org references this code list.,Digital media created algorithmically using an Artificial Intelligence model trained on captured content,http://cv.iptc.org/newscodes/digitalsourcetype/,verified at source,lead
49,oht:derivationMethod,https://schema.org/digitalSourceType,schema:digitalSourceType,schema.org,2,related,"schema.org property for IPTC codes, on creative works.",Indicates an IPTCDigitalSourceEnumeration code indicating the nature of the digital source(s) for some [[CreativeWork]].,https://schema.org/version/latest/schemaorg-current-https.ttl,verified at source,bm25
49,oht:derivationMethod,http://purl.org/ontology/bibo/translationOf,bibo:translationOf,BIBO,2,screened out,"Read in the shortlist; word overlap only, not a fit for the coined meaning.",Relates a translated document to the original document.,http://purl.org/ontology/bibo/,definition from source file,bm25
49,oht:derivationMethod,https://schema.org/translationOfWork,schema:translationOfWork,schema.org,2,screened out,"Read in the shortlist; word overlap only, not a fit for the coined meaning.",The work that this work has been translated from. E.g. 物种起源 is a translationOf “On the Origin of Species”.,https://schema.org/version/latest/schemaorg-current-https.ttl,definition from source file,bm25
49,oht:derivationMethod,http://www.w3.org/ns/prov#wasRevisionOf,prov:wasRevisionOf,PROV-O,1,screened out,"Read in the shortlist; word overlap only, not a fit for the coined meaning.",A revision is a derivation that revises an entity into a revised version.,https://www.w3.org/ns/prov.ttl,definition from source file,bm25
49,oht:derivationMethod,http://data.europa.eu/eli/ontology#has_translation,eli:has_translation,ELI,2,screened out,"Read in the shortlist; word overlap only, not a fit for the coined meaning.","Inverse of ""is_translation_of"". Indicates that this expression has been translated into another derived expression. See the definition of ""is_translation_of"".",http://data.europa.eu/eli/ontology,definition from source file,bm25
49,oht:derivationMethod,http://data.europa.eu/eli/ontology#is_translation_of,eli:is_translation_of,ELI,2,screened out,"Read in the shortlist; word overlap only, not a fit for the coined meaning.","Indicates that this expression has been translated from another original expression; this can be used to distinguish original from derived expressions. Note that asserting this link does not have any implication on the legal value of the original and translated expressions : depending on the context, a translation can be as legally binding as the original version, or can be published for informative purposes only (e.g. a country translating some legal acts in English). The expressions linked with this property can be realisations of the same LegalResource, or different LegalResources. Multilingual legislations that do not need to distinguish between original and derived expressions of the same LegalResource (e.g. european legislation) will not use this property.",http://data.europa.eu/eli/ontology,definition from source file,bm25
49,oht:derivationMethod,http://usefulinc.com/ns/doap#revision,doap:revision,DOAP,2,screened out,"Read in the shortlist; word overlap only, not a fit for the coined meaning.",Revision identifier of a software release.,http://usefulinc.com/ns/doap,definition from source file,bm25
49,oht:derivationMethod,https://schema.org/DigitalCaptureDigitalSource,schema:DigitalCaptureDigitalSource,schema.org,2,screened out,"Read in the shortlist; word overlap only, not a fit for the coined meaning.","Content coded as '<a href=""https://cv.iptc.org/newscodes/digitalsourcetype/digitalCapture"">digital capture</a></a>' using the IPTC <a href=""https://cv.iptc.org/newscodes/digitalsourcetype/"">digital source type</a> vocabulary.",https://schema.org/version/latest/schemaorg-current-https.ttl,definition from source file,bm25
49,oht:derivationMethod,https://schema.org/DigitalArtDigitalSource,schema:DigitalArtDigitalSource,schema.org,2,screened out,"Read in the shortlist; word overlap only, not a fit for the coined meaning.","Content coded as '<a href=""https://cv.iptc.org/newscodes/digitalsourcetype/digitalArt"">digital art</a>' using the IPTC <a href=""https://cv.iptc.org/newscodes/digitalsourcetype/"">digital source type</a> vocabulary.",https://schema.org/version/latest/schemaorg-current-https.ttl,definition from source file,bm25
49,oht:derivationMethod,https://schema.org/PrintDigitalSource,schema:PrintDigitalSource,schema.org,2,screened out,"Read in the shortlist; word overlap only, not a fit for the coined meaning.","Content coded as '<a href=""https://cv.iptc.org/newscodes/digitalsourcetype/print"">print</a>' using the IPTC <a href=""https://cv.iptc.org/newscodes/digitalsourcetype/"">digital source type</a> vocabulary.",https://schema.org/version/latest/schemaorg-current-https.ttl,definition from source file,bm25
49,oht:derivationMethod,http://www.w3.org/ns/adms#translation,adms:translation,ADMS,2,screened out,"Read in the shortlist; word overlap only, not a fit for the coined meaning.",Links Assets that are translations of each other.,https://www.w3.org/ns/adms.ttl,definition from source file,bm25
49,oht:derivationMethod,https://schema.org/CompositeDigitalSource,schema:CompositeDigitalSource,schema.org,2,screened out,"Read in the shortlist; word overlap only, not a fit for the coined meaning.","Content coded as '<a href=""https://cv.iptc.org/newscodes/digitalsourcetype/algorithmicMedia"">algorithmic media</a>' using the IPTC <a href=""https://cv.iptc.org/newscodes/digitalsourcetype/"">digital source type</a> vocabulary.",https://schema.org/version/latest/schemaorg-current-https.ttl,definition from source file,bm25
49,oht:derivationMethod,http://www.w3.org/ns/prov#qualifiedRevision,prov:qualifiedRevision,PROV-O,1,screened out,"Read in the shortlist; word overlap only, not a fit for the coined meaning.","If this Entity prov:wasRevisionOf Entity :e, then it can qualify how it was revised using prov:qualifiedRevision [ a prov:Revision; prov:entity :e; :foo :bar ].",https://www.w3.org/ns/prov.ttl,definition from source file,bm25
49,oht:derivationMethod,http://www.w3.org/ns/prov#PrimarySource,prov:PrimarySource,PROV-O,1,screened out,"Read in the shortlist; word overlap only, not a fit for the coined meaning.","A primary source for a topic refers to something produced by some agent with direct experience and knowledge about the topic, at the time of the topic's study, without benefit from hindsight. Because of the directness of primary sources, they 'speak for themselves' in ways that cannot be captured through the filter of secondary sources. As such, it is important for secondary sources to reference those primary sources from which they were derived, so that their reliability can be investigated. A primary source relation is a particular case of derivation of secondary materials from their primary sources. It is recognized that the determination of primary sources can be up to interpretation, and should be done according to conventions accepted within the application's domain.",https://www.w3.org/ns/prov.ttl,definition from source file,lead
50,oht:reviewed,http://www.w3.org/ns/prov#used,prov:used,PROV-O,1,exact,The review activity used the item.,"A prov:Entity that was used by this prov:Activity. For example, :baking prov:used :spoon, :egg, :oven .",https://www.w3.org/ns/prov.ttl,verified at source,lead
50,oht:reviewed,https://schema.org/reviewedBy,schema:reviewedBy,schema.org,2,related,WebPage only.,People or organizations that have reviewed the content on this web page for accuracy and/or completeness.,https://schema.org/version/latest/schemaorg-current-https.ttl,verified at source,bm25
50,oht:reviewed,https://schema.org/itemReviewed,schema:itemReviewed,schema.org,2,screened out,"Read in the shortlist; word overlap only, not a fit for the coined meaning.",The item that is being reviewed/rated.,https://schema.org/version/latest/schemaorg-current-https.ttl,definition from source file,bm25
50,oht:reviewed,https://schema.org/itemDefectReturnLabelSource,schema:itemDefectReturnLabelSource,schema.org,2,screened out,"Read in the shortlist; word overlap only, not a fit for the coined meaning.",The method (from an enumeration) by which the customer obtains a return shipping label for a defect product.,https://schema.org/version/latest/schemaorg-current-https.ttl,definition from source file,bm25
50,oht:reviewed,http://purl.org/ontology/bibo/reviewOf,bibo:reviewOf,BIBO,2,screened out,"Read in the shortlist; word overlap only, not a fit for the coined meaning.","Relates a review document to a reviewed thing (resource, item, etc.).",http://purl.org/ontology/bibo/,definition from source file,bm25
50,oht:reviewed,https://schema.org/claimReviewed,schema:claimReviewed,schema.org,2,screened out,"Read in the shortlist; word overlap only, not a fit for the coined meaning.",A short summary of the specific claims reviewed in a ClaimReview.,https://schema.org/version/latest/schemaorg-current-https.ttl,definition from source file,bm25
50,oht:reviewed,http://purl.org/spar/cito/isReviewedBy,cito:isReviewedBy,CiTO,2,screened out,"Read in the shortlist; word overlap only, not a fit for the coined meaning.","A relation according to which the cited entity presents statements, ideas or conclusions that are reviewed by the citing entity.",http://purl.org/spar/cito,definition from source file,bm25
50,oht:reviewed,https://w3id.org/dpv/risk#hasThreatSource,risk:hasThreatSource,DPV RISK,2,screened out,"Read in the shortlist; word overlap only, not a fit for the coined meaning.",Indicates the threat (subject) has the indicated source (object),https://w3id.org/dpv/risk,definition from source file,bm25
50,oht:reviewed,https://w3id.org/dpv/risk#hasRiskSource,risk:hasRiskSource,DPV RISK,2,screened out,"Read in the shortlist; word overlap only, not a fit for the coined meaning.",Indicates the risk (subject) has the indicated risk source (object),https://w3id.org/dpv/risk,definition from source file,bm25
50,oht:reviewed,https://w3id.org/dpv#hasDataSource,dpv:hasDataSource,DPV core,2,screened out,"Read in the shortlist; word overlap only, not a fit for the coined meaning.",Indicates the source or origin of data being processed,https://w3id.org/dpv,definition from source file,bm25
50,oht:reviewed,https://schema.org/lastReviewed,schema:lastReviewed,schema.org,2,screened out,"Read in the shortlist; word overlap only, not a fit for the coined meaning.",Date on which the content on this web page was last reviewed for accuracy and/or completeness.,https://schema.org/version/latest/schemaorg-current-https.ttl,definition from source file,bm25
50,oht:reviewed,https://schema.org/hasMenuItem,schema:hasMenuItem,schema.org,2,screened out,"Read in the shortlist; word overlap only, not a fit for the coined meaning.",A food or drink item contained in a menu or menu section.,https://schema.org/version/latest/schemaorg-current-https.ttl,definition from source file,bm25
50,oht:reviewed,https://schema.org/reviewAspect,schema:reviewAspect,schema.org,2,screened out,"Read in the shortlist; word overlap only, not a fit for the coined meaning.",This Review or Rating is relevant to this part or facet of the itemReviewed.,https://schema.org/version/latest/schemaorg-current-https.ttl,definition from source file,bm25
50,oht:reviewed,http://www.w3.org/ns/oa#hasSource,oa:hasSource,Web Annotation,1,screened out,"Read in the shortlist; word overlap only, not a fit for the coined meaning.","The resource that the ResourceSelection, or its subclass SpecificResource, is refined from, or more specific than. Please note that the domain ( oa:ResourceSelection ) is not used directly in the Web Annotation model.",https://www.w3.org/ns/oa.ttl,definition from source file,bm25
50,oht:reviewed,https://schema.org/hasPart,schema:hasPart,schema.org,2,screened out,"Read in the shortlist; word overlap only, not a fit for the coined meaning.","Indicates an item or CreativeWork that is part of this item, or CreativeWork (in some sense).",https://schema.org/version/latest/schemaorg-current-https.ttl,definition from source file,bm25
50,oht:reviewed,http://purl.org/ontology/bibo/status/nonPeerReviewed,bibo:status/nonPeerReviewed,BIBO,2,screened out,"Read in the shortlist; word overlap only, not a fit for the coined meaning.",A document that is not peer reviewed,http://purl.org/ontology/bibo/,definition from source file,bm25
51,oht:verification,https://w3id.org/dpv#VerifiedData,dpv:VerifiedData,DPV core,2,related,"Data accuracy, not source verification.","Data that has been verified in terms of accuracy, consistency, or quality",https://w3id.org/dpv,verified at source,bm25
51,oht:verification,http://www.w3.org/ns/dqv#QualityAnnotation,dqv:QualityAnnotation,DQV,2,related,Could carry a grade as an annotation; heavier.,"Represents quality annotations, including ratings, quality certificates or feedback that can be associated to datasets or distributions. Quality annotations must have one oa:motivatedBy statement with an instance of oa:Motivation (and skos:Concept) that reflects a quality assessment purpose. We define this instance as dqv:qualityAssessment.",https://www.w3.org/ns/dqv.ttl,verified at source,lead
51,oht:verification,https://w3id.org/dpv#UnverifiedData,dpv:UnverifiedData,DPV core,2,screened out,"Read in the shortlist; word overlap only, not a fit for the coined meaning.","Data that has not been verified in terms of accuracy, inconsistency, or quality",https://w3id.org/dpv,definition from source file,bm25
51,oht:verification,https://w3id.org/dpv/ai#VerificationStage,https://w3id.org/dpv/ai#VerificationStage,DPV AI,2,screened out,"Read in the shortlist; word overlap only, not a fit for the coined meaning.",The stage in the lifecycle where the AI system is being verified to satisfy requirements and meet objectives,https://w3id.org/dpv/ai,definition from source file,bm25
51,oht:verification,http://www.w3.org/ns/prov#hadPrimarySource,prov:hadPrimarySource,PROV-O,1,screened out,"Read in the shortlist; word overlap only, not a fit for the coined meaning.","[definition of prov:PrimarySource] A primary source for a topic refers to something produced by some agent with direct experience and knowledge about the topic, at the time of the topic's study, without benefit from hindsight. Because of the directness of primary sources, they 'speak for themselves' in ways that cannot be captured through the filter of secondary sources. As such, it is important for secondary sources to reference those primary sources from which they were derived, so that their reliability can be investigated. A primary source relation is a particular case of derivation of secondary materials from their primary sources. It is recognized that the determination of primary sources can be up to interpretation, and should be done according to conventions accepted within the application's domain.",https://www.w3.org/ns/prov.ttl,definition from source file,bm25
51,oht:verification,http://data.europa.eu/eli/ontology#basis_for,eli:basis_for,ELI,2,screened out,"Read in the shortlist; word overlap only, not a fit for the coined meaning.",Indicates that this work or expression empowers another . Typically primary legislation is the basis for secondary legislation.,http://data.europa.eu/eli/ontology,definition from source file,bm25
51,oht:verification,http://www.w3.org/ns/prov#PrimarySource,prov:PrimarySource,PROV-O,1,screened out,"Read in the shortlist; word overlap only, not a fit for the coined meaning.","A primary source for a topic refers to something produced by some agent with direct experience and knowledge about the topic, at the time of the topic's study, without benefit from hindsight. Because of the directness of primary sources, they 'speak for themselves' in ways that cannot be captured through the filter of secondary sources. As such, it is important for secondary sources to reference those primary sources from which they were derived, so that their reliability can be investigated. A primary source relation is a particular case of derivation of secondary materials from their primary sources. It is recognized that the determination of primary sources can be up to interpretation, and should be done according to conventions accepted within the application's domain.",https://www.w3.org/ns/prov.ttl,definition from source file,bm25
51,oht:verification,https://schema.org/secondaryPrevention,schema:secondaryPrevention,schema.org,2,screened out,"Read in the shortlist; word overlap only, not a fit for the coined meaning.",A preventative therapy used to prevent reoccurrence of the medical condition after an initial episode of the condition.,https://schema.org/version/latest/schemaorg-current-https.ttl,definition from source file,bm25
51,oht:verification,https://schema.org/verificationFactCheckingPolicy,schema:verificationFactCheckingPolicy,schema.org,2,screened out,"Read in the shortlist; word overlap only, not a fit for the coined meaning.",Disclosure about verification and fact-checking processes for a [[NewsMediaOrganization]] or other fact-checking [[Organization]].,https://schema.org/version/latest/schemaorg-current-https.ttl,definition from source file,bm25
51,oht:verification,https://w3id.org/dpv#Verification,dpv:Verification,DPV core,2,screened out,"Read in the shortlist; word overlap only, not a fit for the coined meaning.","Purposes association with verification e.g. information, identity, integrity",https://w3id.org/dpv,definition from source file,bm25
51,oht:verification,https://w3id.org/dpv/risk#DataUnverified,risk:DataUnverified,DPV RISK,2,screened out,"Read in the shortlist; word overlap only, not a fit for the coined meaning.",Concept representing data being unverified,https://w3id.org/dpv/risk,definition from source file,bm25
51,oht:verification,http://xmlns.com/foaf/0.1/isPrimaryTopicOf,foaf:isPrimaryTopicOf,FOAF,2,screened out,"Read in the shortlist; word overlap only, not a fit for the coined meaning.",A document that this thing is the primary topic of.,http://xmlns.com/foaf/spec/index.rdf,definition from source file,bm25
51,oht:verification,http://xmlns.com/foaf/0.1/primaryTopic,foaf:primaryTopic,FOAF,2,screened out,"Read in the shortlist; word overlap only, not a fit for the coined meaning.",The primary topic of some page or document.,http://xmlns.com/foaf/spec/index.rdf,definition from source file,bm25
51,oht:verification,https://w3id.org/dpv/risk#RobustnessUnverified,risk:RobustnessUnverified,DPV RISK,2,screened out,"Read in the shortlist; word overlap only, not a fit for the coined meaning.",Concepts representing risks and issues where Robustness is Unverified,https://w3id.org/dpv/risk,definition from source file,bm25
51,oht:verification,https://w3id.org/dpv/risk#ResilienceUnverified,risk:ResilienceUnverified,DPV RISK,2,screened out,"Read in the shortlist; word overlap only, not a fit for the coined meaning.",Concepts representing risks and issues where Resilience is Unverified,https://w3id.org/dpv/risk,definition from source file,bm25
51,oht:verification,https://w3id.org/dpv/risk#QualityUnverified,risk:QualityUnverified,DPV RISK,2,screened out,"Read in the shortlist; word overlap only, not a fit for the coined meaning.",Concepts representing risks and issues where Quality is Unverified,https://w3id.org/dpv/risk,definition from source file,bm25
52,oht:reviewDue,http://purl.org/dc/terms/date,dcterms:date,DCMI Terms,1,super,A date in the record's lifecycle.,A point or period of time associated with an event in the lifecycle of the resource.,https://www.dublincore.org/specifications/dublin-core/dcmi-terms/dublin_core_terms.ttl,verified at source,reading
52,oht:reviewDue,https://schema.org/lastReviewed,schema:lastReviewed,schema.org,2,related,"The past review, not the next.",Date on which the content on this web page was last reviewed for accuracy and/or completeness.,https://schema.org/version/latest/schemaorg-current-https.ttl,verified at source,lead
52,oht:reviewDue,https://schema.org/expires,schema:expires,schema.org,2,irrelevant,"Content expiry, a different meaning.","Date the content expires and is no longer useful or available. For example a [[VideoObject]] or [[NewsArticle]] whose availability or relevance is time-limited, a [[ClaimReview]] fact check whose publisher wants to indicate that it may no longer be relevant (or helpful to highlight) after some date, or a [[Certification]] the validity has expired.",https://schema.org/version/latest/schemaorg-current-https.ttl,verified at source,lead
52,oht:reviewDue,https://schema.org/paymentDueDate,schema:paymentDueDate,schema.org,2,screened out,"Read in the shortlist; word overlap only, not a fit for the coined meaning.",The date that payment is due.,https://schema.org/version/latest/schemaorg-current-https.ttl,definition from source file,bm25
52,oht:reviewDue,https://w3id.org/sssom/review_date,sssom:review_date,SSSOM,2,screened out,"Read in the shortlist; word overlap only, not a fit for the coined meaning.","The date the mapping was reviewed. This is different from the date the mapping was asserted and published. If this field is used in a mapping, reviewer_id and/or reviewer_label MUST also be be set.",https://w3id.org/sssom/,definition from source file,bm25
52,oht:reviewDue,https://schema.org/applicationStartDate,schema:applicationStartDate,schema.org,2,screened out,"Read in the shortlist; word overlap only, not a fit for the coined meaning.",The date at which the program begins collecting applications for the next enrollment cycle.,https://schema.org/version/latest/schemaorg-current-https.ttl,definition from source file,bm25
52,oht:reviewDue,http://www.w3.org/ns/adms#next,adms:next,ADMS,2,screened out,"Read in the shortlist; word overlap only, not a fit for the coined meaning.",A link to the next version of the Asset.,https://www.w3.org/ns/adms.ttl,definition from source file,bm25
52,oht:reviewDue,http://rdf-vocabulary.ddialliance.org/xkos#next,xkos:next,XKOS,2,screened out,"Read in the shortlist; word overlap only, not a fit for the coined meaning.",immediate successor in the sequence,http://rdf-vocabulary.ddialliance.org/xkos,definition from source file,bm25
52,oht:reviewDue,https://schema.org/nextItem,schema:nextItem,schema.org,2,screened out,"Read in the shortlist; word overlap only, not a fit for the coined meaning.",A link to the ListItem that follows the current one.,https://schema.org/version/latest/schemaorg-current-https.ttl,definition from source file,bm25
52,oht:reviewDue,https://w3id.org/sssom/reviewer_agreement,sssom:reviewer_agreement,SSSOM,2,screened out,"Read in the shortlist; word overlap only, not a fit for the coined meaning.","A value assigned by the reviewer of the mapping to denote their confidence that the mapping record is correct. A value of 1.0 means the reviewer fully agrees with the mapping record. A value of -1.0 means the reviewer fully disagrees with the mapping record. A value of 0.0 means the reviewer is not sure whether the mapping record is correct or not. When not explicitly specified, confidence estimation algorithms should consider the reviewer agreement to be 1.0 by default.",https://w3id.org/sssom/,definition from source file,bm25
52,oht:reviewDue,http://www.w3.org/ns/oa#sourceDate,oa:sourceDate,Web Annotation,1,screened out,"Read in the shortlist; word overlap only, not a fit for the coined meaning.",The timestamp at which the Source resource should be interpreted as being applicable to the Annotation.,https://www.w3.org/ns/oa.ttl,definition from source file,bm25
52,oht:reviewDue,https://w3id.org/sssom/confidence,sssom:confidence,SSSOM,2,screened out,"Read in the shortlist; word overlap only, not a fit for the coined meaning.","A value assigned by the creator of the mapping to denote the creator's confidence or estimated probability that the mapping record is correct. A value of 1.0 means the creator has full confidence in the correctness of the mapping record, while a value of 0.0 means the creator is fully unsure whether the mapping record is correct or not. When not explicitly specified, confidence estimation algorithms should consider the mapping confidence to be 1.0 by default.",https://w3id.org/sssom/,definition from source file,bm25
52,oht:reviewDue,https://schema.org/uploadDate,schema:uploadDate,schema.org,2,screened out,"Read in the shortlist; word overlap only, not a fit for the coined meaning.",Date (including time if available) when this media object was uploaded to this site.,https://schema.org/version/latest/schemaorg-current-https.ttl,definition from source file,bm25
52,oht:reviewDue,http://data.europa.eu/eli/ontology#commences,eli:commences,ELI,2,screened out,"Read in the shortlist; word overlap only, not a fit for the coined meaning.",Indicates that this legal resource sets another legal resource into force. Note the the date of entry into force of the other resource should be modified accordingly. Note also that it is not possible to indicate when the entry into force should happen.,http://data.europa.eu/eli/ontology,definition from source file,bm25
52,oht:reviewDue,https://schema.org/dateModified,schema:dateModified,schema.org,2,screened out,"Read in the shortlist; word overlap only, not a fit for the coined meaning.",The date on which the CreativeWork was most recently modified or when the item's entry was modified within a DataFeed.,https://schema.org/version/latest/schemaorg-current-https.ttl,definition from source file,bm25
52,oht:reviewDue,https://schema.org/auditDate,schema:auditDate,schema.org,2,screened out,"Read in the shortlist; word overlap only, not a fit for the coined meaning.",Date when a certification was last audited. See also [gs1:certificationAuditDate](https://www.gs1.org/voc/certificationAuditDate).,https://schema.org/version/latest/schemaorg-current-https.ttl,definition from source file,bm25
52,oht:reviewDue,http://purl.org/pav/sourceAccessedOn,pav:sourceAccessedOn,PAV,2,screened out,"Read in the shortlist; word overlap only, not a fit for the coined meaning.","The resource is related to a source which was originally accessed or consulted on the given date as part of creating or authoring the resource. The source(s) should be specified using pav:sourceAccessedAt. For instance, if the source accessed described the weather forecast for the next day, the time of source access can be crucial information. This property is normally used in a functional way, although PAV does not formally restrict this. If the source is subsequently checked again (say to verify validity), this should be indicated with pav:sourceLastAccessedOn. In the case multiple sources being accessed at different times or by different agents, PAV does not distinguish who accessed when what. If such details are required, they may be provided by additionally using prov:qualifiedInfluence. The value is of type xsd:dateTime, for instance ""2013-03-26T14:49:00+01:00""^^xsd:dateTime. The timezone information (Z for UTC, +01:00 for UTC+1, etc) SHOULD be included unless unknown. If the time (or parts of time) is unknown, use 00:00:00Z. If the day/month is unknown, use 01-01, for instance, if we only know September 1983, then use ""1983-09-01T00:00:00Z""^^xsd:dateTime.",http://purl.org/pav/,definition from source file,bm25
52,oht:reviewDue,http://www.w3.org/ns/oa#sourceDateStart,oa:sourceDateStart,Web Annotation,1,screened out,"Read in the shortlist; word overlap only, not a fit for the coined meaning.",The start timestamp of the interval over which the Source resource should be interpreted as being applicable to the Annotation.,https://www.w3.org/ns/oa.ttl,definition from source file,bm25
53,oht:inclusion,http://www.w3.org/2004/02/skos/core#editorialNote,skos:editorialNote,SKOS,1,related,Prose; the value is a filterable category.,"A note for an editor, translator or maintainer of the vocabulary.",http://www.w3.org/2004/02/skos/core.rdf,verified at source,lead
53,oht:inclusion,http://www.w3.org/ns/org#holds,http://www.w3.org/ns/org#holds,ORG,1,screened out,"Read in the shortlist; word overlap only, not a fit for the coined meaning.",Indicates a Post held by some Agent.,https://www.w3.org/ns/org.ttl,definition from source file,bm25
53,oht:inclusion,https://schema.org/executableLibraryName,schema:executableLibraryName,schema.org,2,screened out,"Read in the shortlist; word overlap only, not a fit for the coined meaning.","Library file name, e.g., mscorlib.dll, system.web.dll.",https://schema.org/version/latest/schemaorg-current-https.ttl,definition from source file,bm25
53,oht:inclusion,http://rdf-vocabulary.ddialliance.org/xkos#coreContentNote,xkos:coreContentNote,XKOS,2,screened out,"Read in the shortlist; word overlap only, not a fit for the coined meaning.",,http://rdf-vocabulary.ddialliance.org/xkos,no definition in file,bm25
53,oht:inclusion,http://purl.obolibrary.org/obo/IAO_0000231,obo:IAO_0000231,OBO IAO,2,screened out,"Read in the shortlist; word overlap only, not a fit for the coined meaning.","Relates an annotation property to an obsolescence reason. The values of obsolescence reasons come from a list of predefined terms, instances of the class obsolescence reason specification.",http://purl.obolibrary.org/obo/iao.owl,definition from source file,bm25
53,oht:inclusion,https://schema.org/Library,schema:Library,schema.org,2,screened out,"Read in the shortlist; word overlap only, not a fit for the coined meaning.",A library.,https://schema.org/version/latest/schemaorg-current-https.ttl,definition from source file,bm25
53,oht:inclusion,https://w3id.org/dpv#hasRule,dpv:hasRule,DPV core,2,screened out,"Read in the shortlist; word overlap only, not a fit for the coined meaning.",Specifies applicability or inclusion of a rule within specified context,https://w3id.org/dpv,definition from source file,bm25
53,oht:inclusion,https://w3id.org/vair#Library,https://w3id.org/vair#Library,VAIR,3,screened out,"Read in the shortlist; word overlap only, not a fit for the coined meaning.",A collection of pre-written code,https://w3id.org/vair,definition from source file,bm25
53,oht:inclusion,https://w3id.org/dpv#hasRecommendation,dpv:hasRecommendation,DPV core,2,screened out,"Read in the shortlist; word overlap only, not a fit for the coined meaning.",Specifies applicability or inclusion of a recommendation rule within specified context,https://w3id.org/dpv,definition from source file,bm25
53,oht:inclusion,https://w3id.org/dpv#hasProhibition,dpv:hasProhibition,DPV core,2,screened out,"Read in the shortlist; word overlap only, not a fit for the coined meaning.",Specifies applicability or inclusion of a prohibition rule within specified context,https://w3id.org/dpv,definition from source file,bm25
53,oht:inclusion,https://w3id.org/dpv#hasPermission,dpv:hasPermission,DPV core,2,screened out,"Read in the shortlist; word overlap only, not a fit for the coined meaning.",Specifies applicability or inclusion of a permission rule within specified context,https://w3id.org/dpv,definition from source file,bm25
53,oht:inclusion,https://w3id.org/dpv#hasObligation,dpv:hasObligation,DPV core,2,screened out,"Read in the shortlist; word overlap only, not a fit for the coined meaning.",Specifies applicability or inclusion of an obligation rule within specified context,https://w3id.org/dpv,definition from source file,bm25
53,oht:inclusion,https://w3id.org/dpv#hasDeterrence,dpv:hasDeterrence,DPV core,2,screened out,"Read in the shortlist; word overlap only, not a fit for the coined meaning.",Specifies applicability or inclusion of a deterrence rule within specified context,https://w3id.org/dpv,definition from source file,bm25
53,oht:inclusion,https://schema.org/LibrarySystem,schema:LibrarySystem,schema.org,2,screened out,"Read in the shortlist; word overlap only, not a fit for the coined meaning.",A [[LibrarySystem]] is a collaborative system amongst several libraries.,https://schema.org/version/latest/schemaorg-current-https.ttl,definition from source file,bm25
53,oht:inclusion,http://www.w3.org/ns/oa#Motivation,oa:Motivation,Web Annotation,1,screened out,"Read in the shortlist; word overlap only, not a fit for the coined meaning.","The Motivation class is used to record the user's intent or motivation for the creation of the Annotation, or the inclusion of the body or target, that it is associated with.",https://www.w3.org/ns/oa.ttl,definition from source file,bm25
53,oht:inclusion,http://www.w3.org/ns/org#heldBy,http://www.w3.org/ns/org#heldBy,ORG,1,screened out,"Read in the shortlist; word overlap only, not a fit for the coined meaning.",Indicates an Agent which holds a Post.,https://www.w3.org/ns/org.ttl,definition from source file,bm25
54,oht:humanReview,http://purl.org/dc/terms/type,dcterms:type,DCMI Terms,1,irrelevant,Not needed once dropped.,The nature or genre of the resource.,https://www.dublincore.org/specifications/dublin-core/dcmi-terms/dublin_core_terms.ttl,verified at source,lead
54,oht:humanReview,http://www.w3.org/ns/prov#asInBundle,prov:asInBundle,PROV-O,1,screened out,"Read in the shortlist; word overlap only, not a fit for the coined meaning.","prov:asInBundle is used to specify which bundle the general entity of a prov:mentionOf property is described. When :x prov:mentionOf :y and :y is described in Bundle :b, the triple :x prov:asInBundle :b is also asserted to cite the Bundle in which :y was described.",https://www.w3.org/ns/prov.ttl,definition from source file,bm25
54,oht:humanReview,https://schema.org/claimReviewed,schema:claimReviewed,schema.org,2,screened out,"Read in the shortlist; word overlap only, not a fit for the coined meaning.",A short summary of the specific claims reviewed in a ClaimReview.,https://schema.org/version/latest/schemaorg-current-https.ttl,definition from source file,bm25
54,oht:humanReview,https://schema.org/accessibilitySummary,schema:accessibilitySummary,schema.org,2,screened out,"Read in the shortlist; word overlap only, not a fit for the coined meaning.","A human-readable summary of specific accessibility features or deficiencies, consistent with the other accessibility metadata but expressing subtleties such as ""short descriptions are present but long descriptions will be needed for non-visual users"" or ""short descriptions are present and no long descriptions are needed"".",https://schema.org/version/latest/schemaorg-current-https.ttl,definition from source file,bm25
54,oht:humanReview,http://www.w3.org/ns/prov#mentionOf,prov:mentionOf,PROV-O,1,screened out,"Read in the shortlist; word overlap only, not a fit for the coined meaning.",prov:mentionOf is used to specialize an entity as described in another bundle. It is to be used in conjuction with prov:asInBundle. prov:asInBundle is used to cite the Bundle in which the generalization was mentioned.,https://www.w3.org/ns/prov.ttl,definition from source file,bm25
54,oht:humanReview,http://www.w3.org/ns/prov#Bundle,prov:Bundle,PROV-O,1,screened out,"Read in the shortlist; word overlap only, not a fit for the coined meaning.","A bundle is a named set of provenance descriptions, and is itself an Entity, so allowing provenance of provenance to be expressed.",https://www.w3.org/ns/prov.ttl,definition from source file,bm25
54,oht:humanReview,https://w3id.org/dpv#ContractUnderReview,dpv:ContractUnderReview,DPV core,2,screened out,"Read in the shortlist; word overlap only, not a fit for the coined meaning.",Status representing contract is under review and is being considered for signing,https://w3id.org/dpv,definition from source file,bm25
54,oht:humanReview,https://schema.org/review,schema:review,schema.org,2,screened out,"Read in the shortlist; word overlap only, not a fit for the coined meaning.",A review of the item.,https://schema.org/version/latest/schemaorg-current-https.ttl,definition from source file,bm25
54,oht:humanReview,http://rdf-vocabulary.ddialliance.org/discovery#summaryStatisticsType,disco:summaryStatisticsType,DDI Discovery,3,screened out,"Read in the shortlist; word overlap only, not a fit for the coined meaning.",This property points to the summary statistics type of a Questionnaire which is a skos:Concept.,http://rdf-vocabulary.ddialliance.org/discovery,definition from source file,bm25
54,oht:humanReview,https://schema.org/associatedReview,schema:associatedReview,schema.org,2,screened out,"Read in the shortlist; word overlap only, not a fit for the coined meaning.",An associated [[Review]].,https://schema.org/version/latest/schemaorg-current-https.ttl,definition from source file,bm25
54,oht:humanReview,https://schema.org/reviewBody,schema:reviewBody,schema.org,2,screened out,"Read in the shortlist; word overlap only, not a fit for the coined meaning.",The actual body of the review.,https://schema.org/version/latest/schemaorg-current-https.ttl,definition from source file,bm25
54,oht:humanReview,https://schema.org/benefitsSummaryUrl,schema:benefitsSummaryUrl,schema.org,2,screened out,"Read in the shortlist; word overlap only, not a fit for the coined meaning.",The URL that goes directly to the summary of benefits and coverage for the specific standard plan or plan variation.,https://schema.org/version/latest/schemaorg-current-https.ttl,definition from source file,bm25
54,oht:humanReview,http://purl.org/ontology/bibo/reviewOf,bibo:reviewOf,BIBO,2,screened out,"Read in the shortlist; word overlap only, not a fit for the coined meaning.","Relates a review document to a reviewed thing (resource, item, etc.).",http://purl.org/ontology/bibo/,definition from source file,bm25
54,oht:humanReview,http://www.w3.org/ns/dcat#record,dcat:record,DCAT 3,1,screened out,"Read in the shortlist; word overlap only, not a fit for the coined meaning.",A record describing the registration of a single dataset or data service that is part of the catalog.,https://www.w3.org/ns/dcat.ttl,definition from source file,bm25
54,oht:humanReview,https://schema.org/reviewAspect,schema:reviewAspect,schema.org,2,screened out,"Read in the shortlist; word overlap only, not a fit for the coined meaning.",This Review or Rating is relevant to this part or facet of the itemReviewed.,https://schema.org/version/latest/schemaorg-current-https.ttl,definition from source file,bm25
54,oht:humanReview,https://schema.org/resultReview,schema:resultReview,schema.org,2,screened out,"Read in the shortlist; word overlap only, not a fit for the coined meaning.",A sub property of result. The review that resulted in the performing of the action.,https://schema.org/version/latest/schemaorg-current-https.ttl,definition from source file,bm25
55,oht:hasOpenQuestion,http://www.w3.org/ns/oa#hasTarget,oa:hasTarget,Web Annotation,1,exact,'The relationship between an Annotation and its Target.',The relationship between an Annotation and its Target.,https://www.w3.org/ns/oa.ttl,verified at source,bm25+lead
55,oht:hasOpenQuestion,https://schema.org/eduQuestionType,schema:eduQuestionType,schema.org,2,screened out,"Read in the shortlist; word overlap only, not a fit for the coined meaning.","For questions that are part of learning resources (e.g. Quiz), eduQuestionType indicates the format of question being given. Example: ""Multiple choice"", ""Open ended"", ""Flashcard"".",https://schema.org/version/latest/schemaorg-current-https.ttl,definition from source file,bm25
55,oht:hasOpenQuestion,http://www.w3.org/2002/07/owl#annotatedTarget,owl:annotatedTarget,OWL 2,1,screened out,"Read in the shortlist; word overlap only, not a fit for the coined meaning.",The property that determines the object of an annotated axiom or annotated annotation.,https://www.w3.org/2002/07/owl.ttl,definition from source file,bm25
55,oht:hasOpenQuestion,https://w3id.org/dpv#hasRecordOfActivity,dpv:hasRecordOfActivity,DPV core,2,screened out,"Read in the shortlist; word overlap only, not a fit for the coined meaning.",Indicates a relevant record of activity,https://w3id.org/dpv,definition from source file,bm25
55,oht:hasOpenQuestion,http://www.w3.org/ns/oa#Motivation,oa:Motivation,Web Annotation,1,screened out,"Read in the shortlist; word overlap only, not a fit for the coined meaning.","The Motivation class is used to record the user's intent or motivation for the creation of the Annotation, or the inclusion of the body or target, that it is associated with.",https://www.w3.org/ns/oa.ttl,definition from source file,bm25
55,oht:hasOpenQuestion,http://www.w3.org/ns/dqv#hasQualityAnnotation,dqv:hasQualityAnnotation,DQV,2,screened out,"Read in the shortlist; word overlap only, not a fit for the coined meaning.","Refers to a quality annotation. Quality annotation can be applied to any kind of resource, e.g., a dataset, a linkset, a graph, a set of triples. However, in the DQV context, this property is generally expected to be used in statements in which subjects are instances of dcat:Dataset or dcat:Distribution.",https://www.w3.org/ns/dqv.ttl,definition from source file,bm25
55,oht:hasOpenQuestion,http://www.w3.org/ns/odrl/2/hasPolicy,odrl:hasPolicy,ODRL,1,screened out,"Read in the shortlist; word overlap only, not a fit for the coined meaning.",Identifies an ODRL Policy for which the identified Asset is the target Asset to all the Rules.,https://www.w3.org/ns/odrl/2/ODRL22.ttl,definition from source file,bm25
55,oht:hasOpenQuestion,https://schema.org/question,schema:question,schema.org,2,screened out,"Read in the shortlist; word overlap only, not a fit for the coined meaning.",A sub property of object. A question.,https://schema.org/version/latest/schemaorg-current-https.ttl,definition from source file,bm25
55,oht:hasOpenQuestion,http://purl.obolibrary.org/obo/IAO_0000596,obo:IAO_0000596,OBO IAO,2,screened out,"Read in the shortlist; word overlap only, not a fit for the coined meaning.","Relates an ontology used to record id policy to the number of digits in the URI. The URI is: the 'has ID prefix"" annotation property value concatenated with an integer in the id range (left padded with ""0""s to make this many digits)",http://purl.obolibrary.org/obo/iao.owl,definition from source file,bm25
55,oht:hasOpenQuestion,http://www.w3.org/ns/oa#hasPurpose,oa:hasPurpose,Web Annotation,1,screened out,"Read in the shortlist; word overlap only, not a fit for the coined meaning.",The purpose served by the resource in the Annotation.,https://www.w3.org/ns/oa.ttl,definition from source file,bm25
55,oht:hasOpenQuestion,http://www.w3.org/ns/oa#questioning,oa:questioning,Web Annotation,1,screened out,"Read in the shortlist; word overlap only, not a fit for the coined meaning.",The motivation for when the user intends to ask a question about the Target.,https://www.w3.org/ns/oa.ttl,definition from source file,bm25
55,oht:hasOpenQuestion,http://www.w3.org/ns/oa#hasBody,oa:hasBody,Web Annotation,1,screened out,"Read in the shortlist; word overlap only, not a fit for the coined meaning.",The object of the relationship is a resource that is a body of the Annotation.,https://www.w3.org/ns/oa.ttl,definition from source file,bm25
55,oht:hasOpenQuestion,http://rdf-vocabulary.ddialliance.org/discovery#question,disco:question,DDI Discovery,3,screened out,"Read in the shortlist; word overlap only, not a fit for the coined meaning.",This property indicates the Questions associated to Variables or contained in Questionnaires.,http://rdf-vocabulary.ddialliance.org/discovery,definition from source file,bm25
55,oht:hasOpenQuestion,http://www.w3.org/ns/oa#hasScope,oa:hasScope,Web Annotation,1,screened out,"Read in the shortlist; word overlap only, not a fit for the coined meaning.",The scope or context in which the resource is used within the Annotation.,https://www.w3.org/ns/oa.ttl,definition from source file,bm25
55,oht:hasOpenQuestion,http://rdf-vocabulary.ddialliance.org/discovery#questionText,disco:questionText,DDI Discovery,3,screened out,"Read in the shortlist; word overlap only, not a fit for the coined meaning.",This property contains the actual text of a question as string. See Section 8.2 for examples.,http://rdf-vocabulary.ddialliance.org/discovery,definition from source file,bm25
56,oht:resolution,http://www.w3.org/ns/oa#replying,oa:replying,Web Annotation,1,exact,Motivation for the reply.,"The motivation for when the user intends to reply to a previous statement, either an Annotation or another resource.",https://www.w3.org/ns/oa.ttl,verified at source,lead
56,oht:resolution,http://www.w3.org/ns/oa#hasBody,oa:hasBody,Web Annotation,1,exact,The resolution text.,The object of the relationship is a resource that is a body of the Annotation.,https://www.w3.org/ns/oa.ttl,verified at source,reading
56,oht:resolution,http://www.w3.org/2004/02/skos/core#historyNote,skos:historyNote,SKOS,1,related,About past concept states.,A note about the past state/use/meaning of a concept.,http://www.w3.org/2004/02/skos/core.rdf,verified at source,bm25+lead
56,oht:resolution,https://schema.org/eduQuestionType,schema:eduQuestionType,schema.org,2,screened out,"Read in the shortlist; word overlap only, not a fit for the coined meaning.","For questions that are part of learning resources (e.g. Quiz), eduQuestionType indicates the format of question being given. Example: ""Multiple choice"", ""Open ended"", ""Flashcard"".",https://schema.org/version/latest/schemaorg-current-https.ttl,definition from source file,bm25
56,oht:resolution,https://schema.org/ReplyAction,schema:ReplyAction,schema.org,2,screened out,"Read in the shortlist; word overlap only, not a fit for the coined meaning.",The act of responding to a question/message asked/sent by the object. Related to [[AskAction]].\n\nRelated actions:\n\n* [[AskAction]]: Appears generally as an origin of a ReplyAction.,https://schema.org/version/latest/schemaorg-current-https.ttl,definition from source file,bm25
56,oht:resolution,https://schema.org/replyToUrl,schema:replyToUrl,schema.org,2,screened out,"Read in the shortlist; word overlap only, not a fit for the coined meaning.",The URL at which a reply may be posted to the specified UserComment.,https://schema.org/version/latest/schemaorg-current-https.ttl,definition from source file,bm25
56,oht:resolution,http://purl.org/spar/cito/hasReplyFrom,cito:hasReplyFrom,CiTO,2,screened out,"Read in the shortlist; word overlap only, not a fit for the coined meaning.",A relation according to which the cited entity evokes a reply from the citing entity.,http://purl.org/spar/cito,definition from source file,bm25
56,oht:resolution,http://www.w3.org/ns/dcat#temporalResolution,dcat:temporalResolution,DCAT 3,1,screened out,"Read in the shortlist; word overlap only, not a fit for the coined meaning.",minimum time period resolvable in a dataset.,https://www.w3.org/ns/dcat.ttl,definition from source file,bm25
56,oht:resolution,http://www.w3.org/ns/dcat#spatialResolutionInMeters,dcat:spatialResolutionInMeters,DCAT 3,1,screened out,"Read in the shortlist; word overlap only, not a fit for the coined meaning.","minimum spatial separation resolvable in a dataset, measured in metres.",https://www.w3.org/ns/dcat.ttl,definition from source file,bm25
56,oht:resolution,http://purl.org/skos-history/isVersionHistoryOf,sh:isVersionHistoryOf,skos-history,3,screened out,"Read in the shortlist; word overlap only, not a fit for the coined meaning.","Links the version history set to the skos concept scheme it is about. (Preliminary, may be better located in dsv ontology.)",http://purl.org/skos-history/,definition from source file,bm25
56,oht:resolution,http://www.w3.org/ns/odrl/2/resolution,odrl:resolution,ODRL,1,screened out,"Read in the shortlist; word overlap only, not a fit for the coined meaning.",Resolution of the rendition of the target Asset.,https://www.w3.org/ns/odrl/2/ODRL22.ttl,definition from source file,bm25
56,oht:resolution,https://schema.org/question,schema:question,schema.org,2,screened out,"Read in the shortlist; word overlap only, not a fit for the coined meaning.",A sub property of object. A question.,https://schema.org/version/latest/schemaorg-current-https.ttl,definition from source file,bm25
56,oht:resolution,http://purl.org/skos-history/concepthistory,sh:concepthistory,skos-history,3,screened out,"Read in the shortlist; word overlap only, not a fit for the coined meaning.",Collects the concept deltas of a concept (given in the subject of the triple).,http://purl.org/skos-history/,definition from source file,bm25
56,oht:resolution,http://rdf-vocabulary.ddialliance.org/discovery#question,disco:question,DDI Discovery,3,screened out,"Read in the shortlist; word overlap only, not a fit for the coined meaning.",This property indicates the Questions associated to Variables or contained in Questionnaires.,http://rdf-vocabulary.ddialliance.org/discovery,definition from source file,bm25
56,oht:resolution,https://schema.org/AskAction,schema:AskAction,schema.org,2,screened out,"Read in the shortlist; word overlap only, not a fit for the coined meaning.",The act of posing a question / favor to someone.\n\nRelated actions:\n\n* [[ReplyAction]]: Appears generally as a response to AskAction.,https://schema.org/version/latest/schemaorg-current-https.ttl,definition from source file,bm25
56,oht:resolution,http://rdf-vocabulary.ddialliance.org/discovery#questionText,disco:questionText,DDI Discovery,3,screened out,"Read in the shortlist; word overlap only, not a fit for the coined meaning.",This property contains the actual text of a question as string. See Section 8.2 for examples.,http://rdf-vocabulary.ddialliance.org/discovery,definition from source file,bm25
56,oht:resolution,https://w3id.org/dpv/risk#resolves,risk:resolves,DPV RISK,2,screened out,"Read in the shortlist; word overlap only, not a fit for the coined meaning.",Indicates the specified event or action is resolved by this control,https://w3id.org/dpv/risk,definition from source file,bm25
56,oht:resolution,http://purl.org/dc/terms/description,dcterms:description,DCMI Terms,1,screened out,"Read in the shortlist; word overlap only, not a fit for the coined meaning.",An account of the resource.,https://www.dublincore.org/specifications/dublin-core/dcmi-terms/dublin_core_terms.ttl,definition from source file,lead
57,oht:release,http://www.w3.org/ns/dcat#version,dcat:version,DCAT 3,1,exact,A release label; DCAT-AP names it.,The version indicator (name or identifier) of a resource.,https://www.w3.org/ns/dcat.ttl,verified at source,lead
57,oht:release,http://purl.org/pav/version,pav:version,PAV,2,related,Tier 2 alternative.,"The version number of a resource. This is a freetext string, typical values are ""1.5"" or ""21"". The URI identifying the previous version can be provided using prov:previousVersion. This property is normally used in a functional way, although PAV does not formally restrict this.",http://purl.org/pav/,verified at source,lead
57,oht:release,http://www.w3.org/2002/07/owl#versionInfo,owl:versionInfo,OWL 2,1,related,For ontologies.,The annotation property that provides version information for an ontology or another OWL construct.,https://www.w3.org/2002/07/owl.ttl,verified at source,lead
57,oht:release,https://schema.org/recordLabel,schema:recordLabel,schema.org,2,screened out,"Read in the shortlist; word overlap only, not a fit for the coined meaning.",The label that issued the release.,https://schema.org/version/latest/schemaorg-current-https.ttl,definition from source file,bm25
57,oht:release,https://schema.org/releaseNotes,schema:releaseNotes,schema.org,2,screened out,"Read in the shortlist; word overlap only, not a fit for the coined meaning.",Description of what changed in this version.,https://schema.org/version/latest/schemaorg-current-https.ttl,definition from source file,bm25
57,oht:release,http://usefulinc.com/ns/doap#Version,doap:Version,DOAP,2,screened out,"Read in the shortlist; word overlap only, not a fit for the coined meaning.",Version information of a project release.,http://usefulinc.com/ns/doap,definition from source file,bm25
57,oht:release,https://schema.org/datePublished,schema:datePublished,schema.org,2,screened out,"Read in the shortlist; word overlap only, not a fit for the coined meaning.",Date of first publication or broadcast. For example the date a [[CreativeWork]] was broadcast or a [[Certification]] was issued.,https://schema.org/version/latest/schemaorg-current-https.ttl,definition from source file,bm25
57,oht:release,http://www.w3.org/ns/oa#TimeState,oa:TimeState,Web Annotation,1,screened out,"Read in the shortlist; word overlap only, not a fit for the coined meaning.","A TimeState records the time at which the resource's state is appropriate for the Annotation, typically the time that the Annotation was created and/or a link to a persistent copy of the current version.",https://www.w3.org/ns/oa.ttl,definition from source file,bm25
57,oht:release,https://w3id.org/sssom/review_date,sssom:review_date,SSSOM,2,screened out,"Read in the shortlist; word overlap only, not a fit for the coined meaning.","The date the mapping was reviewed. This is different from the date the mapping was asserted and published. If this field is used in a mapping, reviewer_id and/or reviewer_label MUST also be be set.",https://w3id.org/sssom/,definition from source file,bm25
57,oht:release,http://purl.org/skos-history/deltaFrom,sh:deltaFrom,skos-history,3,screened out,"Read in the shortlist; word overlap only, not a fit for the coined meaning.",The version from which the delta is taken. The object of the triple may be a dsv:VersionHistoryRecord.,http://purl.org/skos-history/,definition from source file,bm25
57,oht:release,http://purl.org/skos-history/hasDelta,sh:hasDelta,skos-history,3,screened out,"Read in the shortlist; word overlap only, not a fit for the coined meaning.",A delta for this version. The subject of the triple may be a dsv:VersionHistoryRecord.,http://purl.org/skos-history/,definition from source file,bm25
57,oht:release,http://www.w3.org/ns/prov#wasRevisionOf,prov:wasRevisionOf,PROV-O,1,screened out,"Read in the shortlist; word overlap only, not a fit for the coined meaning.",A revision is a derivation that revises an entity into a revised version.,https://www.w3.org/ns/prov.ttl,definition from source file,bm25
57,oht:release,https://schema.org/executableLibraryName,schema:executableLibraryName,schema.org,2,screened out,"Read in the shortlist; word overlap only, not a fit for the coined meaning.","Library file name, e.g., mscorlib.dll, system.web.dll.",https://schema.org/version/latest/schemaorg-current-https.ttl,definition from source file,bm25
57,oht:release,https://schema.org/sdDatePublished,schema:sdDatePublished,schema.org,2,screened out,"Read in the shortlist; word overlap only, not a fit for the coined meaning.",Indicates the date on which the current structured data was generated / published. Typically used alongside [[sdPublisher]].,https://schema.org/version/latest/schemaorg-current-https.ttl,definition from source file,bm25
57,oht:release,https://w3id.org/airo#Version,https://w3id.org/airo#Version,AIRO,3,screened out,"Read in the shortlist; word overlap only, not a fit for the coined meaning.",A unique number or name that is assigned to a unique state of an AI system.,https://w3id.org/airo,definition from source file,bm25
57,oht:release,http://usefulinc.com/ns/doap#release,doap:release,DOAP,2,screened out,"Read in the shortlist; word overlap only, not a fit for the coined meaning.",A project release.,http://usefulinc.com/ns/doap,definition from source file,bm25
57,oht:release,https://schema.org/releaseOf,schema:releaseOf,schema.org,2,screened out,"Read in the shortlist; word overlap only, not a fit for the coined meaning.",The album this is a release of.,https://schema.org/version/latest/schemaorg-current-https.ttl,definition from source file,bm25
57,oht:release,https://schema.org/albumRelease,schema:albumRelease,schema.org,2,screened out,"Read in the shortlist; word overlap only, not a fit for the coined meaning.",A release of this album.,https://schema.org/version/latest/schemaorg-current-https.ttl,definition from source file,bm25
58,oht:redistributable,http://purl.org/dc/terms/accessRights,dcterms:accessRights,DCMI Terms,1,exact,Who may access the archived copy; DCAT-AP harvesters understand it with the EU table.,Information about who access the resource or an indication of its security status.,https://www.dublincore.org/specifications/dublin-core/dcmi-terms/dublin_core_terms.ttl,verified at source,bm25+lead
58,oht:redistributable,http://publications.europa.eu/resource/authority/access-right/NON_PUBLIC,access-right:NON_PUBLIC,EU access-right authority table,2,exact,Value.,"access status for resources that are not publicly accessible for privacy, security or other reasons",http://publications.europa.eu/resource/authority/access-right/NON_PUBLIC (dereferenced concept),verified at source (specification text),reading
58,oht:redistributable,http://www.w3.org/ns/odrl/2/distribute,odrl:distribute,ODRL,1,related,The precise action ('To supply the Asset to third-parties') inside an ODRL policy.,To supply the Asset to third-parties.,https://www.w3.org/ns/odrl/2/ODRL22.ttl,verified at source,lead
58,oht:redistributable,http://purl.org/dc/terms/license,dcterms:license,DCMI Terms,1,related,The source's licence; complements.,A legal document giving official permission to do something with the resource.,https://www.dublincore.org/specifications/dublin-core/dcmi-terms/dublin_core_terms.ttl,verified at source,bm25+lead
58,oht:redistributable,https://schema.org/archivedAt,schema:archivedAt,schema.org,2,screened out,"Read in the shortlist; word overlap only, not a fit for the coined meaning.","Indicates a page or other link involved in archival of a [[CreativeWork]]. In the case of [[MediaReview]], the items in a [[MediaReviewItem]] may often become inaccessible, but be archived by archival, journalistic, activist, or law enforcement organizations. In such cases, the referenced page may not directly publish the content.",https://schema.org/version/latest/schemaorg-current-https.ttl,definition from source file,bm25
58,oht:redistributable,https://schema.org/license,schema:license,schema.org,2,screened out,"Read in the shortlist; word overlap only, not a fit for the coined meaning.","A license document that applies to this content, typically indicated by URL.",https://schema.org/version/latest/schemaorg-current-https.ttl,definition from source file,bm25
58,oht:redistributable,http://usefulinc.com/ns/doap#license,doap:license,DOAP,2,screened out,"Read in the shortlist; word overlap only, not a fit for the coined meaning.",The URI of an RDF description of the license the software is distributed under. E.g. a SPDX reference,http://usefulinc.com/ns/doap,definition from source file,bm25
58,oht:redistributable,https://schema.org/sdLicense,schema:sdLicense,schema.org,2,screened out,"Read in the shortlist; word overlap only, not a fit for the coined meaning.","A license document that applies to this structured data, typically indicated by URL.",https://schema.org/version/latest/schemaorg-current-https.ttl,definition from source file,bm25
58,oht:redistributable,https://w3id.org/airo#hasLicense,https://w3id.org/airo#hasLicense,AIRO,3,screened out,"Read in the shortlist; word overlap only, not a fit for the coined meaning.",Indicates licenses associated with a resource.,https://w3id.org/airo,definition from source file,bm25
58,oht:redistributable,https://w3id.org/dpv#DigitalRightsManagement,dpv:DigitalRightsManagement,DPV core,2,screened out,"Read in the shortlist; word overlap only, not a fit for the coined meaning.","Management of access, use, and other operations associated with digital content",https://w3id.org/dpv,definition from source file,bm25
58,oht:redistributable,http://purl.org/dc/terms/RightsStatement,dcterms:RightsStatement,DCMI Terms,1,screened out,"Read in the shortlist; word overlap only, not a fit for the coined meaning.","A statement about the intellectual property rights (IPR) held in or over a resource, a legal document giving official permission to do something with a resource, or a statement about access rights.",https://www.dublincore.org/specifications/dublin-core/dcmi-terms/dublin_core_terms.ttl,definition from source file,bm25
58,oht:redistributable,https://schema.org/acquireLicensePage,schema:acquireLicensePage,schema.org,2,screened out,"Read in the shortlist; word overlap only, not a fit for the coined meaning.","Indicates a page documenting how licenses can be purchased or otherwise acquired, for the current item.",https://schema.org/version/latest/schemaorg-current-https.ttl,definition from source file,bm25
58,oht:redistributable,https://w3id.org/dpv#UsageControl,dpv:UsageControl,DPV core,2,screened out,"Read in the shortlist; word overlap only, not a fit for the coined meaning.","Management of usage, which is intended to be broader than access control and may cover trust, digital rights, or other relevant controls",https://w3id.org/dpv,definition from source file,bm25
58,oht:redistributable,https://w3id.org/airo#License,https://w3id.org/airo#License,AIRO,3,screened out,"Read in the shortlist; word overlap only, not a fit for the coined meaning.",Represents a copyright license.,https://w3id.org/airo,definition from source file,bm25
58,oht:redistributable,https://w3id.org/dpv#ServiceAccessDetermination,dpv:ServiceAccessDetermination,DPV core,2,screened out,"Read in the shortlist; word overlap only, not a fit for the coined meaning.","Purposes associated with the determination of whether specific conditions or criteria are met for accessing, using, or gaining access to a service",https://w3id.org/dpv,definition from source file,bm25
58,oht:redistributable,https://w3id.org/dpv#Copy,dpv:Copy,DPV core,2,screened out,"Read in the shortlist; word overlap only, not a fit for the coined meaning.",to produce an exact reproduction of the data,https://w3id.org/dpv,definition from source file,bm25
59,oht:redactions,http://purl.org/dc/terms/provenance,dcterms:provenance,DCMI Terms,1,related,"'changes in ownership and custody'; its usage note allows 'changes successive custodians made', a stretch for redactions.","A statement of any changes in ownership and custody of the resource since its creation that are significant for its authenticity, integrity, and interpretation.",https://www.dublincore.org/specifications/dublin-core/dcmi-terms/dublin_core_terms.ttl,verified at source,bm25+lead
59,oht:redactions,https://w3id.org/dpv#DataRedaction,dpv:DataRedaction,DPV core,2,related,"A technical measure concept, not a statement.",Removal of sensitive information from a data or document,https://w3id.org/dpv,verified at source,bm25
59,oht:redactions,http://purl.org/dc/terms/description,dcterms:description,DCMI Terms,1,super,Safe parent.,An account of the resource.,https://www.dublincore.org/specifications/dublin-core/dcmi-terms/dublin_core_terms.ttl,verified at source,reading
59,oht:redactions,http://purl.org/dc/terms/ProvenanceStatement,dcterms:ProvenanceStatement,DCMI Terms,1,screened out,"Read in the shortlist; word overlap only, not a fit for the coined meaning.","Any changes in ownership and custody of a resource since its creation that are significant for its authenticity, integrity, and interpretation.",https://www.dublincore.org/specifications/dublin-core/dcmi-terms/dublin_core_terms.ttl,definition from source file,bm25
59,oht:redactions,http://www.w3.org/ns/prov#derivedByRemovalFrom,prov:derivedByRemovalFrom,PROV-O,1,screened out,"Read in the shortlist; word overlap only, not a fit for the coined meaning.","The dictionary was derived from the other by removal. prov:qualifiedRemoval shows details of the removal, in particular the removed key-entity pairs.",https://www.w3.org/ns/prov.ttl,definition from source file,bm25
59,oht:redactions,http://www.w3.org/ns/prov#qualifiedRemoval,prov:qualifiedRemoval,PROV-O,1,screened out,"Read in the shortlist; word overlap only, not a fit for the coined meaning.","The dictionary was derived from the other by removal. prov:qualifiedRemoval shows details of the removal, in particular the removed keys.",https://www.w3.org/ns/prov.ttl,definition from source file,bm25
59,oht:redactions,http://www.w3.org/ns/prov#wasDerivedFrom,prov:wasDerivedFrom,PROV-O,1,screened out,"Read in the shortlist; word overlap only, not a fit for the coined meaning.","A derivation is a transformation of an entity into another, an update of an entity resulting in a new one, or the construction of a new entity based on a pre-existing entity.",https://www.w3.org/ns/prov.ttl,definition from source file,bm25
59,oht:redactions,http://www.w3.org/ns/prov#removedKey,prov:removedKey,PROV-O,1,screened out,"Read in the shortlist; word overlap only, not a fit for the coined meaning.",The key removed in a Removal.,https://www.w3.org/ns/prov.ttl,definition from source file,bm25
59,oht:redactions,https://schema.org/datePublished,schema:datePublished,schema.org,2,screened out,"Read in the shortlist; word overlap only, not a fit for the coined meaning.",Date of first publication or broadcast. For example the date a [[CreativeWork]] was broadcast or a [[Certification]] was issued.,https://schema.org/version/latest/schemaorg-current-https.ttl,definition from source file,bm25
59,oht:redactions,http://www.w3.org/ns/prov#derivedByInsertionFrom,prov:derivedByInsertionFrom,PROV-O,1,screened out,"Read in the shortlist; word overlap only, not a fit for the coined meaning.","The dictionary was derived from the other by insertion. prov:qualifiedInsertion shows details of the insertion, in particular the inserted key-entity pairs.",https://www.w3.org/ns/prov.ttl,definition from source file,bm25
59,oht:redactions,http://www.w3.org/ns/prov#wasQuotedFrom,prov:wasQuotedFrom,PROV-O,1,screened out,"Read in the shortlist; word overlap only, not a fit for the coined meaning.","An entity is derived from an original entity by copying, or 'quoting', some or all of it.",https://www.w3.org/ns/prov.ttl,definition from source file,bm25
59,oht:redactions,https://schema.org/dateDeleted,schema:dateDeleted,schema.org,2,screened out,"Read in the shortlist; word overlap only, not a fit for the coined meaning.",The datetime the item was removed from the DataFeed.,https://schema.org/version/latest/schemaorg-current-https.ttl,definition from source file,bm25
59,oht:redactions,http://www.w3.org/ns/prov#provenanceUriTemplate,prov:provenanceUriTemplate,PROV-O,1,screened out,"Read in the shortlist; word overlap only, not a fit for the coined meaning.",Relates a provenance service to a URI template string for constructing provenance-URIs.,https://www.w3.org/ns/prov.ttl,definition from source file,bm25
59,oht:redactions,http://www.w3.org/ns/prov#has_provenance,prov:has_provenance,PROV-O,1,screened out,"Read in the shortlist; word overlap only, not a fit for the coined meaning.",Indicates a provenance-URI for a resource; the resource identified by this property presents a provenance record about its subject or anchor resource.,https://www.w3.org/ns/prov.ttl,definition from source file,bm25
59,oht:redactions,http://www.w3.org/ns/prov#pingback,prov:pingback,PROV-O,1,screened out,"Read in the shortlist; word overlap only, not a fit for the coined meaning.",Relates a resource to a provenance pingback service that may receive additional provenance links about the resource.,https://www.w3.org/ns/prov.ttl,definition from source file,bm25
59,oht:redactions,https://schema.org/sdDatePublished,schema:sdDatePublished,schema.org,2,screened out,"Read in the shortlist; word overlap only, not a fit for the coined meaning.",Indicates the date on which the current structured data was generated / published. Typically used alongside [[sdPublisher]].,https://schema.org/version/latest/schemaorg-current-https.ttl,definition from source file,bm25
60,oht:hasHumanReview,http://www.w3.org/ns/prov#used,prov:used,PROV-O,1,exact,Inverse direction.,"A prov:Entity that was used by this prov:Activity. For example, :baking prov:used :spoon, :egg, :oven .",https://www.w3.org/ns/prov.ttl,verified at source,lead
60,oht:hasHumanReview,https://schema.org/review,schema:review,schema.org,2,related,For schema:Review objects.,A review of the item.,https://schema.org/version/latest/schemaorg-current-https.ttl,verified at source,bm25+lead
60,oht:hasHumanReview,https://w3id.org/dpv#hasRecordOfActivity,dpv:hasRecordOfActivity,DPV core,2,screened out,"Read in the shortlist; word overlap only, not a fit for the coined meaning.",Indicates a relevant record of activity,https://w3id.org/dpv,definition from source file,bm25
60,oht:hasHumanReview,https://schema.org/associatedReview,schema:associatedReview,schema.org,2,screened out,"Read in the shortlist; word overlap only, not a fit for the coined meaning.",An associated [[Review]].,https://schema.org/version/latest/schemaorg-current-https.ttl,definition from source file,bm25
60,oht:hasHumanReview,http://purl.org/skos-history/hasDelta,sh:hasDelta,skos-history,3,screened out,"Read in the shortlist; word overlap only, not a fit for the coined meaning.",A delta for this version. The subject of the triple may be a dsv:VersionHistoryRecord.,http://purl.org/skos-history/,definition from source file,bm25
60,oht:hasHumanReview,https://schema.org/reviewBody,schema:reviewBody,schema.org,2,screened out,"Read in the shortlist; word overlap only, not a fit for the coined meaning.",The actual body of the review.,https://schema.org/version/latest/schemaorg-current-https.ttl,definition from source file,bm25
60,oht:hasHumanReview,http://purl.org/ontology/bibo/reviewOf,bibo:reviewOf,BIBO,2,screened out,"Read in the shortlist; word overlap only, not a fit for the coined meaning.","Relates a review document to a reviewed thing (resource, item, etc.).",http://purl.org/ontology/bibo/,definition from source file,bm25
60,oht:hasHumanReview,http://www.w3.org/ns/dcat#record,dcat:record,DCAT 3,1,screened out,"Read in the shortlist; word overlap only, not a fit for the coined meaning.",A record describing the registration of a single dataset or data service that is part of the catalog.,https://www.w3.org/ns/dcat.ttl,definition from source file,bm25
60,oht:hasHumanReview,https://schema.org/reviewAspect,schema:reviewAspect,schema.org,2,screened out,"Read in the shortlist; word overlap only, not a fit for the coined meaning.",This Review or Rating is relevant to this part or facet of the itemReviewed.,https://schema.org/version/latest/schemaorg-current-https.ttl,definition from source file,bm25
60,oht:hasHumanReview,https://schema.org/resultReview,schema:resultReview,schema.org,2,screened out,"Read in the shortlist; word overlap only, not a fit for the coined meaning.",A sub property of result. The review that resulted in the performing of the action.,https://schema.org/version/latest/schemaorg-current-https.ttl,definition from source file,bm25
60,oht:hasHumanReview,https://schema.org/recordLabel,schema:recordLabel,schema.org,2,screened out,"Read in the shortlist; word overlap only, not a fit for the coined meaning.",The label that issued the release.,https://schema.org/version/latest/schemaorg-current-https.ttl,definition from source file,bm25
60,oht:hasHumanReview,https://schema.org/reviewRating,schema:reviewRating,schema.org,2,screened out,"Read in the shortlist; word overlap only, not a fit for the coined meaning.","The rating given in this review. Note that reviews can themselves be rated. The ```reviewRating``` applies to rating given by the review. The [[aggregateRating]] property applies to the review itself, as a creative work.",https://schema.org/version/latest/schemaorg-current-https.ttl,definition from source file,bm25
60,oht:hasHumanReview,https://schema.org/reviewCount,schema:reviewCount,schema.org,2,screened out,"Read in the shortlist; word overlap only, not a fit for the coined meaning.",The count of total number of reviews.,https://schema.org/version/latest/schemaorg-current-https.ttl,definition from source file,bm25
60,oht:hasHumanReview,http://www.w3.org/ns/prov#has_provenance,prov:has_provenance,PROV-O,1,screened out,"Read in the shortlist; word overlap only, not a fit for the coined meaning.",Indicates a provenance-URI for a resource; the resource identified by this property presents a provenance record about its subject or anchor resource.,https://www.w3.org/ns/prov.ttl,definition from source file,bm25
60,oht:hasHumanReview,http://purl.obolibrary.org/obo/IAO_0000598,obo:IAO_0000598,OBO IAO,2,screened out,"Read in the shortlist; word overlap only, not a fit for the coined meaning.",Relating an ontology used to record id policy to the ontology namespace whose policy it manages,http://purl.obolibrary.org/obo/iao.owl,definition from source file,bm25
60,oht:hasHumanReview,https://schema.org/associatedMediaReview,schema:associatedMediaReview,schema.org,2,screened out,"Read in the shortlist; word overlap only, not a fit for the coined meaning.","An associated [[MediaReview]], related by specific common content, topic or claim. The expectation is that this property would be most typically used in cases where a single activity is conducting both claim reviews and media reviews, in which case [[relatedMediaReview]] would commonly be used on a [[ClaimReview]], while [[associatedClaimReview]] would be used on [[MediaReview]].",https://schema.org/version/latest/schemaorg-current-https.ttl,definition from source file,bm25
61,oht:reviewStatus,http://purl.org/dc/terms/type,dcterms:type,DCMI Terms,1,exact,One type slot on a review.,The nature or genre of the resource.,https://www.dublincore.org/specifications/dublin-core/dcmi-terms/dublin_core_terms.ttl,verified at source,lead
61,oht:reviewStatus,http://www.w3.org/ns/odrl/2/isNoneOf,odrl:isNoneOf,ODRL,1,screened out,"Read in the shortlist; word overlap only, not a fit for the coined meaning.",A set-based operator indicating that a given value is none of the right operand of the Constraint.,https://www.w3.org/ns/odrl/2/ODRL22.ttl,definition from source file,bm25
61,oht:reviewStatus,https://schema.org/employmentType,schema:employmentType,schema.org,2,screened out,"Read in the shortlist; word overlap only, not a fit for the coined meaning.","Type of employment (e.g. full-time, part-time, contract, temporary, seasonal, internship).",https://schema.org/version/latest/schemaorg-current-https.ttl,definition from source file,bm25
61,oht:reviewStatus,https://w3id.org/dpv#ContractUnderReview,dpv:ContractUnderReview,DPV core,2,screened out,"Read in the shortlist; word overlap only, not a fit for the coined meaning.",Status representing contract is under review and is being considered for signing,https://w3id.org/dpv,definition from source file,bm25
61,oht:reviewStatus,https://schema.org/OnlineFull,schema:OnlineFull,schema.org,2,screened out,"Read in the shortlist; word overlap only, not a fit for the coined meaning.",Game server status: OnlineFull. Server is online but unavailable. The maximum number of players has reached.,https://schema.org/version/latest/schemaorg-current-https.ttl,definition from source file,bm25
61,oht:reviewStatus,https://schema.org/review,schema:review,schema.org,2,screened out,"Read in the shortlist; word overlap only, not a fit for the coined meaning.",A review of the item.,https://schema.org/version/latest/schemaorg-current-https.ttl,definition from source file,bm25
61,oht:reviewStatus,https://schema.org/associatedReview,schema:associatedReview,schema.org,2,screened out,"Read in the shortlist; word overlap only, not a fit for the coined meaning.",An associated [[Review]].,https://schema.org/version/latest/schemaorg-current-https.ttl,definition from source file,bm25
61,oht:reviewStatus,https://schema.org/gameAvailabilityType,schema:gameAvailabilityType,schema.org,2,screened out,"Read in the shortlist; word overlap only, not a fit for the coined meaning.","Indicates the availability type of the game content associated with this action, such as whether it is a full version or a demo.",https://schema.org/version/latest/schemaorg-current-https.ttl,definition from source file,bm25
61,oht:reviewStatus,https://schema.org/ActionStatusType,schema:ActionStatusType,schema.org,2,screened out,"Read in the shortlist; word overlap only, not a fit for the coined meaning.",The status of an Action.,https://schema.org/version/latest/schemaorg-current-https.ttl,definition from source file,bm25
61,oht:reviewStatus,https://schema.org/reviewBody,schema:reviewBody,schema.org,2,screened out,"Read in the shortlist; word overlap only, not a fit for the coined meaning.",The actual body of the review.,https://schema.org/version/latest/schemaorg-current-https.ttl,definition from source file,bm25
61,oht:reviewStatus,http://purl.org/ontology/bibo/reviewOf,bibo:reviewOf,BIBO,2,screened out,"Read in the shortlist; word overlap only, not a fit for the coined meaning.","Relates a review document to a reviewed thing (resource, item, etc.).",http://purl.org/ontology/bibo/,definition from source file,bm25
61,oht:reviewStatus,https://schema.org/codeSampleType,schema:codeSampleType,schema.org,2,screened out,"Read in the shortlist; word overlap only, not a fit for the coined meaning.","What type of code sample: full (compile ready) solution, code snippet, inline code, scripts, template.",https://schema.org/version/latest/schemaorg-current-https.ttl,definition from source file,bm25
61,oht:reviewStatus,https://schema.org/ReservationStatusType,schema:ReservationStatusType,schema.org,2,screened out,"Read in the shortlist; word overlap only, not a fit for the coined meaning.",Enumerated status values for Reservation.,https://schema.org/version/latest/schemaorg-current-https.ttl,definition from source file,bm25
61,oht:reviewStatus,https://schema.org/reviewAspect,schema:reviewAspect,schema.org,2,screened out,"Read in the shortlist; word overlap only, not a fit for the coined meaning.",This Review or Rating is relevant to this part or facet of the itemReviewed.,https://schema.org/version/latest/schemaorg-current-https.ttl,definition from source file,bm25
61,oht:reviewStatus,https://schema.org/resultReview,schema:resultReview,schema.org,2,screened out,"Read in the shortlist; word overlap only, not a fit for the coined meaning.",A sub property of result. The review that resulted in the performing of the action.,https://schema.org/version/latest/schemaorg-current-https.ttl,definition from source file,bm25
61,oht:reviewStatus,https://schema.org/numberOfFullBathrooms,schema:numberOfFullBathrooms,schema.org,2,screened out,"Read in the shortlist; word overlap only, not a fit for the coined meaning.",Number of full bathrooms - The total number of full and ¾ bathrooms in an [[Accommodation]]. This corresponds to the [BathroomsFull field in RESO](https://ddwiki.reso.org/display/DDW17/BathroomsFull+Field).,https://schema.org/version/latest/schemaorg-current-https.ttl,definition from source file,bm25
62,oht:toolPath,https://schema.org/codeRepository,schema:codeRepository,schema.org,2,exact,"Link to where the code lives; a path URL within the repository is normal practice, and RO-Crate names the property.","Link to the repository where the un-compiled, human readable code and related code is located (SVN, GitHub, CodePlex).",https://schema.org/version/latest/schemaorg-current-https.ttl,verified at source,bm25+lead
62,oht:toolPath,http://usefulinc.com/ns/doap#repository,doap:repository,DOAP,2,related," Repository object, not a path.",Source code repository.,http://usefulinc.com/ns/doap,verified at source,bm25+lead
62,oht:toolPath,http://purl.org/dc/terms/identifier,dcterms:identifier,DCMI Terms,1,related,Too general.,An unambiguous reference to the resource within a given context.,https://www.dublincore.org/specifications/dublin-core/dcmi-terms/dublin_core_terms.ttl,verified at source,lead
62,oht:toolPath,http://usefulinc.com/ns/doap#location,doap:location,DOAP,2,screened out,"Read in the shortlist; word overlap only, not a fit for the coined meaning.",Location of a repository.,http://usefulinc.com/ns/doap,definition from source file,bm25
62,oht:toolPath,http://usefulinc.com/ns/doap#Repository,doap:Repository,DOAP,2,screened out,"Read in the shortlist; word overlap only, not a fit for the coined meaning.",Source code repository.,http://usefulinc.com/ns/doap,definition from source file,bm25
62,oht:toolPath,http://usefulinc.com/ns/doap#HgRepository,doap:HgRepository,DOAP,2,screened out,"Read in the shortlist; word overlap only, not a fit for the coined meaning.",Mercurial source code repository.,http://usefulinc.com/ns/doap,definition from source file,bm25
62,oht:toolPath,http://usefulinc.com/ns/doap#GitRepository,doap:GitRepository,DOAP,2,screened out,"Read in the shortlist; word overlap only, not a fit for the coined meaning.",Git source code repository.,http://usefulinc.com/ns/doap,definition from source file,bm25
62,oht:toolPath,http://usefulinc.com/ns/doap#DarcsRepository,doap:DarcsRepository,DOAP,2,screened out,"Read in the shortlist; word overlap only, not a fit for the coined meaning.",darcs source code repository.,http://usefulinc.com/ns/doap,definition from source file,bm25
62,oht:toolPath,http://usefulinc.com/ns/doap#SVNRepository,doap:SVNRepository,DOAP,2,screened out,"Read in the shortlist; word overlap only, not a fit for the coined meaning.",Subversion source code repository.,http://usefulinc.com/ns/doap,definition from source file,bm25
62,oht:toolPath,http://usefulinc.com/ns/doap#CVSRepository,doap:CVSRepository,DOAP,2,screened out,"Read in the shortlist; word overlap only, not a fit for the coined meaning.",CVS source code repository.,http://usefulinc.com/ns/doap,definition from source file,bm25
62,oht:toolPath,http://usefulinc.com/ns/doap#ArchRepository,doap:ArchRepository,DOAP,2,screened out,"Read in the shortlist; word overlap only, not a fit for the coined meaning.",GNU Arch source code repository.,http://usefulinc.com/ns/doap,definition from source file,bm25
62,oht:toolPath,https://schema.org/location,schema:location,schema.org,2,screened out,"Read in the shortlist; word overlap only, not a fit for the coined meaning.","The location of, for example, where an event is happening, where an organization is located, or where an action takes place.",https://schema.org/version/latest/schemaorg-current-https.ttl,definition from source file,bm25
62,oht:toolPath,http://usefulinc.com/ns/doap#BKRepository,doap:BKRepository,DOAP,2,screened out,"Read in the shortlist; word overlap only, not a fit for the coined meaning.",BitKeeper source code repository.,http://usefulinc.com/ns/doap,definition from source file,bm25
62,oht:toolPath,http://usefulinc.com/ns/doap#repositoryOf,doap:repositoryOf,DOAP,2,screened out,"Read in the shortlist; word overlap only, not a fit for the coined meaning.",The project that uses a repository.,http://usefulinc.com/ns/doap,definition from source file,bm25
62,oht:toolPath,https://schema.org/Residence,schema:Residence,schema.org,2,screened out,"Read in the shortlist; word overlap only, not a fit for the coined meaning.",The place where a person lives.,https://schema.org/version/latest/schemaorg-current-https.ttl,definition from source file,bm25
62,oht:toolPath,http://www.w3.org/ns/duv#hasUsageTool,duv:hasUsageTool,DUV,2,screened out,"Read in the shortlist; word overlap only, not a fit for the coined meaning.",Describes the tool that provides the Usage,https://www.w3.org/ns/duv.ttl,definition from source file,bm25
63,oht:commit,http://usefulinc.com/ns/doap#revision,doap:revision,DOAP,2,related,Domain doap:Version.,Revision identifier of a software release.,http://usefulinc.com/ns/doap,verified at source,bm25+lead
63,oht:commit,http://purl.org/dc/terms/identifier,dcterms:identifier,DCMI Terms,1,related,"Identifies the resource itself, not the code it ran.",An unambiguous reference to the resource within a given context.,https://www.dublincore.org/specifications/dublin-core/dcmi-terms/dublin_core_terms.ttl,verified at source,lead
63,oht:commit,http://www.w3.org/ns/prov#wasRevisionOf,prov:wasRevisionOf,PROV-O,1,screened out,"Read in the shortlist; word overlap only, not a fit for the coined meaning.",A revision is a derivation that revises an entity into a revised version.,https://www.w3.org/ns/prov.ttl,definition from source file,bm25
63,oht:commit,http://www.w3.org/ns/prov#qualifiedRevision,prov:qualifiedRevision,PROV-O,1,screened out,"Read in the shortlist; word overlap only, not a fit for the coined meaning.","If this Entity prov:wasRevisionOf Entity :e, then it can qualify how it was revised using prov:qualifiedRevision [ a prov:Revision; prov:entity :e; :foo :bar ].",https://www.w3.org/ns/prov.ttl,definition from source file,bm25
63,oht:commit,http://usefulinc.com/ns/doap#GitRepository,doap:GitRepository,DOAP,2,screened out,"Read in the shortlist; word overlap only, not a fit for the coined meaning.",Git source code repository.,http://usefulinc.com/ns/doap,definition from source file,bm25
63,oht:commit,http://usefulinc.com/ns/doap#GitBranch,doap:GitBranch,DOAP,2,screened out,"Read in the shortlist; word overlap only, not a fit for the coined meaning.",Git source code branch.,http://usefulinc.com/ns/doap,definition from source file,bm25
63,oht:commit,https://schema.org/specialCommitments,schema:specialCommitments,schema.org,2,screened out,"Read in the shortlist; word overlap only, not a fit for the coined meaning.","Any special commitments associated with this job posting. Valid entries include VeteranCommit, MilitarySpouseCommit, etc.",https://schema.org/version/latest/schemaorg-current-https.ttl,definition from source file,bm25
63,oht:commit,http://www.w3.org/ns/prov#hadRevision,prov:hadRevision,PROV-O,1,screened out,"Read in the shortlist; word overlap only, not a fit for the coined meaning.",,https://www.w3.org/ns/prov.ttl,no definition in file,bm25
63,oht:commit,http://www.w3.org/ns/prov#Revision,prov:Revision,PROV-O,1,screened out,"Read in the shortlist; word overlap only, not a fit for the coined meaning.",A revision is a derivation for which the resulting entity is a revised version of some original. The implication here is that the resulting entity contains substantial content from the original. Revision is a particular case of derivation.,https://www.w3.org/ns/prov.ttl,definition from source file,bm25
63,oht:commit,http://www.w3.org/ns/mls#executes,mls:executes,ML Schema,2,screened out,"Read in the shortlist; word overlap only, not a fit for the coined meaning.",A relation between a run and an implemantation that is being executed during the run.,http://www.w3.org/ns/mls,definition from source file,bm25
63,oht:commit,http://www.w3.org/2004/02/skos/core#changeNote,skos:changeNote,SKOS,1,screened out,"Read in the shortlist; word overlap only, not a fit for the coined meaning.",A note about a modification to a concept.,http://www.w3.org/2004/02/skos/core.rdf,definition from source file,bm25
63,oht:commit,http://www.w3.org/ns/mls#realizes,mls:realizes,ML Schema,2,screened out,"Read in the shortlist; word overlap only, not a fit for the coined meaning.","A relation between a run and an algorithm, where the run realizes specifications formulated by the algorithm.",http://www.w3.org/ns/mls,definition from source file,bm25
63,oht:commit,http://www.w3.org/ns/mls#achieves,mls:achieves,ML Schema,2,screened out,"Read in the shortlist; word overlap only, not a fit for the coined meaning.","A relation between a run and a task, where the run achieves specifications formulated by the task.",http://www.w3.org/ns/mls,definition from source file,bm25
63,oht:commit,http://www.w3.org/ns/mls#hasInput,mls:hasInput,ML Schema,2,screened out,"Read in the shortlist; word overlap only, not a fit for the coined meaning.",A relation between a run and data that is taken as input to the run.,http://www.w3.org/ns/mls,definition from source file,bm25
63,oht:commit,http://www.w3.org/ns/adms#identifier,adms:identifier,ADMS,2,screened out,"Read in the shortlist; word overlap only, not a fit for the coined meaning.",Links a resource to an adms:Identifier class.,https://www.w3.org/ns/adms.ttl,definition from source file,bm25
63,oht:commit,https://w3id.org/airo#hasPreDeterminedChange,https://w3id.org/airo#hasPreDeterminedChange,AIRO,3,screened out,"Read in the shortlist; word overlap only, not a fit for the coined meaning.","Indicates the changes that are planned to be applied to the system, components, or context of use.",https://w3id.org/airo,definition from source file,bm25
64,oht:session,http://www.w3.org/ns/prov#wasAssociatedWith,prov:wasAssociatedWith,PROV-O,1,exact,Inverse direction.,An prov:Agent that had some (unspecified) responsibility for the occurrence of this prov:Activity.,https://www.w3.org/ns/prov.ttl,verified at source,bm25+lead
64,oht:session,https://w3id.org/dpv/ai#hasModel,https://w3id.org/dpv/ai#hasModel,DPV AI,2,screened out,"Read in the shortlist; word overlap only, not a fit for the coined meaning.",Indicates the use of an AI model for the associated context,https://w3id.org/dpv/ai,definition from source file,bm25
64,oht:session,https://w3id.org/dpv/ai#hasGPAIModel,https://w3id.org/dpv/ai#hasGPAIModel,DPV AI,2,screened out,"Read in the shortlist; word overlap only, not a fit for the coined meaning.",Indicates the use of an GPAI model for the associated context,https://w3id.org/dpv/ai,definition from source file,bm25
64,oht:session,https://w3id.org/dpv/ai#ModelRisk,https://w3id.org/dpv/ai#ModelRisk,DPV AI,2,screened out,"Read in the shortlist; word overlap only, not a fit for the coined meaning.",Risks associated with AI Models,https://w3id.org/dpv/ai,definition from source file,bm25
64,oht:session,http://purl.org/spar/cito/linksTo,cito:linksTo,CiTO,2,screened out,"Read in the shortlist; word overlap only, not a fit for the coined meaning.","A relation according to which the citing entity provides a link, in the form of an HTTP Uniform Resource Locator (URL), to the cited entity.",http://purl.org/spar/cito,definition from source file,bm25
64,oht:session,https://schema.org/publishedBy,schema:publishedBy,schema.org,2,screened out,"Read in the shortlist; word overlap only, not a fit for the coined meaning.",An agent associated with the publication event.,https://schema.org/version/latest/schemaorg-current-https.ttl,definition from source file,bm25
64,oht:session,https://schema.org/modelDate,schema:modelDate,schema.org,2,screened out,"Read in the shortlist; word overlap only, not a fit for the coined meaning.",The release date of a vehicle model (often used to differentiate versions of the same make and model).,https://schema.org/version/latest/schemaorg-current-https.ttl,definition from source file,bm25
64,oht:session,https://w3id.org/airo#hasDocumentation,https://w3id.org/airo#hasDocumentation,AIRO,3,screened out,"Read in the shortlist; word overlap only, not a fit for the coined meaning.","Indicates documentation associated with an entity, e.g. AI model, AI system.",https://w3id.org/airo,definition from source file,bm25
64,oht:session,http://purl.org/ontology/bibo/Hearing,bibo:Hearing,BIBO,2,screened out,"Read in the shortlist; word overlap only, not a fit for the coined meaning.","An instance or a session in which testimony and arguments are presented, esp. before an official, as a judge in a lawsuit.",http://purl.org/ontology/bibo/,definition from source file,bm25
64,oht:session,https://schema.org/model,schema:model,schema.org,2,screened out,"Read in the shortlist; word overlap only, not a fit for the coined meaning.",The model of the product. Use with the URL of a ProductModel or a textual representation of the model identifier. The URL of the ProductModel can be from an external source. It is recommended to additionally provide strong product identifiers via the gtin8/gtin13/gtin14 and mpn properties.,https://schema.org/version/latest/schemaorg-current-https.ttl,definition from source file,bm25
64,oht:session,https://schema.org/programmingModel,schema:programmingModel,schema.org,2,screened out,"Read in the shortlist; word overlap only, not a fit for the coined meaning.",Indicates whether API is managed or unmanaged.,https://schema.org/version/latest/schemaorg-current-https.ttl,definition from source file,bm25
64,oht:session,https://schema.org/vehicleModelDate,schema:vehicleModelDate,schema.org,2,screened out,"Read in the shortlist; word overlap only, not a fit for the coined meaning.",The release date of a vehicle model (often used to differentiate versions of the same make and model).,https://schema.org/version/latest/schemaorg-current-https.ttl,definition from source file,bm25
64,oht:session,http://www.w3.org/ns/prov#agent,prov:agent,PROV-O,1,screened out,"Read in the shortlist; word overlap only, not a fit for the coined meaning.",,https://www.w3.org/ns/prov.ttl,no definition in file,bm25
64,oht:session,https://w3id.org/airo#hasModel,https://w3id.org/airo#hasModel,AIRO,3,screened out,"Read in the shortlist; word overlap only, not a fit for the coined meaning.",Indicates machine learning models used with a system or component.,https://w3id.org/airo,definition from source file,bm25
64,oht:session,https://schema.org/infectiousAgent,schema:infectiousAgent,schema.org,2,screened out,"Read in the shortlist; word overlap only, not a fit for the coined meaning.","The actual infectious agent, such as a specific bacterium.",https://schema.org/version/latest/schemaorg-current-https.ttl,definition from source file,bm25
65,oht:archiveStatus,http://purl.org/dc/terms/accessRights,dcterms:accessRights,DCMI Terms,1,exact,Private versus public.,Information about who access the resource or an indication of its security status.,https://www.dublincore.org/specifications/dublin-core/dcmi-terms/dublin_core_terms.ttl,verified at source,bm25+lead
65,oht:archiveStatus,http://publications.europa.eu/resource/authority/access-right/PUBLIC,access-right:PUBLIC,EU access-right authority table,2,exact,Value.,access status for resources that are publicly accessible,http://publications.europa.eu/resource/authority/access-right/PUBLIC (dereferenced concept),verified at source (specification text),reading
65,oht:archiveStatus,https://w3id.org/dpv#PrivateSpace,dpv:PrivateSpace,DPV core,2,screened out,"Read in the shortlist; word overlap only, not a fit for the coined meaning.",A space that is owned or controlled by a private entity and where access to members of the public is restricted,https://w3id.org/dpv,definition from source file,bm25
65,oht:archiveStatus,https://schema.org/publicAccess,schema:publicAccess,schema.org,2,screened out,"Read in the shortlist; word overlap only, not a fit for the coined meaning.",A flag to signal that the [[Place]] is open to public visitors. If this property is omitted there is no assumed default boolean value.,https://schema.org/version/latest/schemaorg-current-https.ttl,definition from source file,bm25
65,oht:archiveStatus,https://w3id.org/dpv#HybridPublicPrivateSpace,dpv:HybridPublicPrivateSpace,DPV core,2,screened out,"Read in the shortlist; word overlap only, not a fit for the coined meaning.",A space that is a hybrid space i.e it has both public and private components - such as by having part of it be a private space or which is operated privately,https://w3id.org/dpv,definition from source file,bm25
65,oht:archiveStatus,https://w3id.org/dpv#PrivateCommunalSpace,dpv:PrivateCommunalSpace,DPV core,2,screened out,"Read in the shortlist; word overlap only, not a fit for the coined meaning.",A space that is accessible to a group or a community within a private space and where members of the public do not have access to it e.g. society amenities such as gyms and pools,https://w3id.org/dpv,definition from source file,bm25
65,oht:archiveStatus,https://schema.org/conditionsOfAccess,schema:conditionsOfAccess,schema.org,2,screened out,"Read in the shortlist; word overlap only, not a fit for the coined meaning.","Conditions that affect the availability of, or method(s) of access to, an item. Typically used for real world items such as an [[ArchiveComponent]] held by an [[ArchiveOrganization]]. This property is not suitable for use as a general Web access control mechanism. It is expressed only in natural language.\n\nFor example ""Available by appointment from the Reading Room"" or ""Accessible only from logged-in accounts "".",https://schema.org/version/latest/schemaorg-current-https.ttl,definition from source file,bm25
65,oht:archiveStatus,https://schema.org/ArchiveOrganization,schema:ArchiveOrganization,schema.org,2,screened out,"Read in the shortlist; word overlap only, not a fit for the coined meaning.",An organization with archival holdings. An organization which keeps and preserves archival material and typically makes it accessible to the public.,https://schema.org/version/latest/schemaorg-current-https.ttl,definition from source file,bm25
65,oht:archiveStatus,https://schema.org/archivedAt,schema:archivedAt,schema.org,2,screened out,"Read in the shortlist; word overlap only, not a fit for the coined meaning.","Indicates a page or other link involved in archival of a [[CreativeWork]]. In the case of [[MediaReview]], the items in a [[MediaReviewItem]] may often become inaccessible, but be archived by archival, journalistic, activist, or law enforcement organizations. In such cases, the referenced page may not directly publish the content.",https://schema.org/version/latest/schemaorg-current-https.ttl,definition from source file,bm25
65,oht:archiveStatus,https://schema.org/holdingArchive,schema:holdingArchive,schema.org,2,screened out,"Read in the shortlist; word overlap only, not a fit for the coined meaning.","[[ArchiveOrganization]] that holds, keeps or maintains the [[ArchiveComponent]].",https://schema.org/version/latest/schemaorg-current-https.ttl,definition from source file,bm25
65,oht:archiveStatus,https://w3id.org/dpv#PrivateLocation,dpv:PrivateLocation,DPV core,2,screened out,"Read in the shortlist; word overlap only, not a fit for the coined meaning.",Location that is not or cannot be accessed by the public and is controlled as a private space,https://w3id.org/dpv,definition from source file,bm25
65,oht:archiveStatus,https://w3id.org/vair#EvaluatingEligibilityToAccessPublicAssistanceServices,https://w3id.org/vair#EvaluatingEligibilityToAccessPublicAssistanceServices,VAIR,3,screened out,"Read in the shortlist; word overlap only, not a fit for the coined meaning.",,https://w3id.org/vair,no definition in file,bm25
65,oht:archiveStatus,https://schema.org/archiveHeld,schema:archiveHeld,schema.org,2,screened out,"Read in the shortlist; word overlap only, not a fit for the coined meaning.","Collection, [fonds](https://en.wikipedia.org/wiki/Fonds), or item held, kept or maintained by an [[ArchiveOrganization]].",https://schema.org/version/latest/schemaorg-current-https.ttl,definition from source file,bm25
65,oht:archiveStatus,https://w3id.org/dpv#PublicInterestStatus,dpv:PublicInterestStatus,DPV core,2,screened out,"Read in the shortlist; word overlap only, not a fit for the coined meaning.",Status associated with use of Public Interest as a legal basis,https://w3id.org/dpv,definition from source file,bm25
65,oht:archiveStatus,https://w3id.org/dpv#DigitalRightsManagement,dpv:DigitalRightsManagement,DPV core,2,screened out,"Read in the shortlist; word overlap only, not a fit for the coined meaning.","Management of access, use, and other operations associated with digital content",https://w3id.org/dpv,definition from source file,bm25
65,oht:archiveStatus,http://purl.org/dc/terms/RightsStatement,dcterms:RightsStatement,DCMI Terms,1,screened out,"Read in the shortlist; word overlap only, not a fit for the coined meaning.","A statement about the intellectual property rights (IPR) held in or over a resource, a legal document giving official permission to do something with a resource, or a statement about access rights.",https://www.dublincore.org/specifications/dublin-core/dcmi-terms/dublin_core_terms.ttl,definition from source file,bm25
66,oht:transcript,http://www.w3.org/ns/prov#generated,prov:generated,PROV-O,1,exact,Activity to entity it produced.,"Generation is the completion of production of a new entity by an activity. [prov:generated is listed as the inverse of prov:wasGeneratedBy in DCAT 3, section 7]",https://www.w3.org/TR/prov-o/#Generation ; https://www.w3.org/TR/vocab-dcat-3/#inverse-properties,verified at source (specification text),bm25+lead
66,oht:transcript,https://schema.org/transcript,schema:transcript,schema.org,2,related,Audio and video transcripts.,"If this MediaObject is an AudioObject or VideoObject, the transcript of that object.",https://schema.org/version/latest/schemaorg-current-https.ttl,verified at source,bm25
66,oht:transcript,https://schema.org/archivedAt,schema:archivedAt,schema.org,2,screened out,"Read in the shortlist; word overlap only, not a fit for the coined meaning.","Indicates a page or other link involved in archival of a [[CreativeWork]]. In the case of [[MediaReview]], the items in a [[MediaReviewItem]] may often become inaccessible, but be archived by archival, journalistic, activist, or law enforcement organizations. In such cases, the referenced page may not directly publish the content.",https://schema.org/version/latest/schemaorg-current-https.ttl,definition from source file,bm25
66,oht:transcript,https://schema.org/numberOfFullBathrooms,schema:numberOfFullBathrooms,schema.org,2,screened out,"Read in the shortlist; word overlap only, not a fit for the coined meaning.",Number of full bathrooms - The total number of full and ¾ bathrooms in an [[Accommodation]]. This corresponds to the [BathroomsFull field in RESO](https://ddwiki.reso.org/display/DDW17/BathroomsFull+Field).,https://schema.org/version/latest/schemaorg-current-https.ttl,definition from source file,bm25
66,oht:transcript,http://www.w3.org/ns/prov#generatedAtTime,prov:generatedAtTime,PROV-O,1,screened out,"Read in the shortlist; word overlap only, not a fit for the coined meaning.",The time at which an entity was completely created and is available for use.,https://www.w3.org/ns/prov.ttl,definition from source file,bm25
66,oht:transcript,http://www.w3.org/ns/prov#wasGeneratedBy,prov:wasGeneratedBy,PROV-O,1,screened out,"Read in the shortlist; word overlap only, not a fit for the coined meaning.",[definition of prov:Generation] Generation is the completion of production of a new entity by an activity. This entity did not exist before generation and becomes available for usage after this generation.,https://www.w3.org/ns/prov.ttl,definition from source file,bm25
66,oht:transcript,http://www.w3.org/ns/prov#generatedAsDerivation,prov:generatedAsDerivation,PROV-O,1,screened out,"Read in the shortlist; word overlap only, not a fit for the coined meaning.",,https://www.w3.org/ns/prov.ttl,no definition in file,bm25
66,oht:transcript,https://w3id.org/dpv#NoticeGenerated,dpv:NoticeGenerated,DPV core,2,screened out,"Read in the shortlist; word overlap only, not a fit for the coined meaning.",Status indicating the notice has been generated,https://w3id.org/dpv,definition from source file,bm25
66,oht:transcript,http://purl.org/ontology/bibo/Hearing,bibo:Hearing,BIBO,2,screened out,"Read in the shortlist; word overlap only, not a fit for the coined meaning.","An instance or a session in which testimony and arguments are presented, esp. before an official, as a judge in a lawsuit.",http://purl.org/ontology/bibo/,definition from source file,bm25
66,oht:transcript,https://schema.org/FullGameAvailability,schema:FullGameAvailability,schema.org,2,screened out,"Read in the shortlist; word overlap only, not a fit for the coined meaning.",Indicates full game availability.,https://schema.org/version/latest/schemaorg-current-https.ttl,definition from source file,bm25
66,oht:transcript,https://schema.org/FullRefund,schema:FullRefund,schema.org,2,screened out,"Read in the shortlist; word overlap only, not a fit for the coined meaning.",Specifies that a refund can be done in the full amount the customer paid for the product.,https://schema.org/version/latest/schemaorg-current-https.ttl,definition from source file,bm25
66,oht:transcript,https://w3id.org/dpv#GeneratedData,dpv:GeneratedData,DPV core,2,screened out,"Read in the shortlist; word overlap only, not a fit for the coined meaning.",Data that is generated or brought into existence without relation to existing data i.e. it is not derived or inferred from other data,https://w3id.org/dpv,definition from source file,bm25
66,oht:transcript,https://schema.org/OnlineFull,schema:OnlineFull,schema.org,2,screened out,"Read in the shortlist; word overlap only, not a fit for the coined meaning.",Game server status: OnlineFull. Server is online but unavailable. The maximum number of players has reached.,https://schema.org/version/latest/schemaorg-current-https.ttl,definition from source file,bm25
66,oht:transcript,https://w3id.org/vair#FullAutomation,https://w3id.org/vair#FullAutomation,VAIR,3,screened out,"Read in the shortlist; word overlap only, not a fit for the coined meaning.",The level of automation where is capable of performing its entire mission without external intervention.,https://w3id.org/vair,definition from source file,bm25
66,oht:transcript,https://w3id.org/dpv#GeneratedPersonalData,dpv:GeneratedPersonalData,DPV core,2,screened out,"Read in the shortlist; word overlap only, not a fit for the coined meaning.",Personal Data that is generated or brought into existence without relation to existing data i.e. it is not derived or inferred from other data,https://w3id.org/dpv,definition from source file,bm25
67,oht:excerpt,http://www.w3.org/ns/prov#wasDerivedFrom,prov:wasDerivedFrom,PROV-O,1,exact,Excerpt derived from transcript.,"A derivation is a transformation of an entity into another, an update of an entity resulting in a new one, or the construction of a new entity based on a pre-existing entity.",https://www.w3.org/ns/prov.ttl,verified at source,bm25+lead
67,oht:excerpt,http://purl.org/ontology/bibo/Excerpt,bibo:Excerpt,BIBO,2,exact,'A passage selected from a larger work.',A passage selected from a larger work.,http://purl.org/ontology/bibo/,verified at source,bm25
67,oht:excerpt,http://purl.org/spar/cito/includesExcerptFrom,cito:includesExcerptFrom,CiTO,2,related,Citation-level.,A relation according to which the citing entity includes one or more excerpts from the cited entity.,http://purl.org/spar/cito,verified at source,bm25
67,oht:excerpt,http://purl.org/dc/terms/hasPart,dcterms:hasPart,DCMI Terms,1,related,"The excerpt is redacted, so not simply a part.",A related resource that is included either physically or logically in the described resource.,https://www.dublincore.org/specifications/dublin-core/dcmi-terms/dublin_core_terms.ttl,verified at source,lead
67,oht:excerpt,https://schema.org/transcript,schema:transcript,schema.org,2,screened out,"Read in the shortlist; word overlap only, not a fit for the coined meaning.","If this MediaObject is an AudioObject or VideoObject, the transcript of that object.",https://schema.org/version/latest/schemaorg-current-https.ttl,definition from source file,bm25
67,oht:excerpt,http://purl.org/spar/cito/providesExcerptFor,cito:providesExcerptFor,CiTO,2,screened out,"Read in the shortlist; word overlap only, not a fit for the coined meaning.","A relation according to which the cited entity contains information, usually of a textual nature, that is excerpted by (used as an excerpt within) the citing entity.",http://purl.org/spar/cito,definition from source file,bm25
67,oht:excerpt,http://www.w3.org/ns/prov#derivedByRemovalFrom,prov:derivedByRemovalFrom,PROV-O,1,screened out,"Read in the shortlist; word overlap only, not a fit for the coined meaning.","The dictionary was derived from the other by removal. prov:qualifiedRemoval shows details of the removal, in particular the removed key-entity pairs.",https://www.w3.org/ns/prov.ttl,definition from source file,bm25
67,oht:excerpt,http://www.w3.org/ns/prov#derivedByInsertionFrom,prov:derivedByInsertionFrom,PROV-O,1,screened out,"Read in the shortlist; word overlap only, not a fit for the coined meaning.","The dictionary was derived from the other by insertion. prov:qualifiedInsertion shows details of the insertion, in particular the inserted key-entity pairs.",https://www.w3.org/ns/prov.ttl,definition from source file,bm25
67,oht:excerpt,https://schema.org/publishedBy,schema:publishedBy,schema.org,2,screened out,"Read in the shortlist; word overlap only, not a fit for the coined meaning.",An agent associated with the publication event.,https://schema.org/version/latest/schemaorg-current-https.ttl,definition from source file,bm25
67,oht:excerpt,https://schema.org/publishedOn,schema:publishedOn,schema.org,2,screened out,"Read in the shortlist; word overlap only, not a fit for the coined meaning.",A broadcast service associated with the publication event.,https://schema.org/version/latest/schemaorg-current-https.ttl,definition from source file,bm25
67,oht:excerpt,http://data.europa.eu/eli/ontology#published_in,eli:published_in,ELI,2,screened out,"Read in the shortlist; word overlap only, not a fit for the coined meaning.","Reference to the Official Journal or other publication manifestation in which this format is published. This property should be used when the value cannot be identified by a suitable URI; if a URI is available, the property ""published_in_format"" should be used.",http://data.europa.eu/eli/ontology,definition from source file,bm25
67,oht:excerpt,https://schema.org/sdDatePublished,schema:sdDatePublished,schema.org,2,screened out,"Read in the shortlist; word overlap only, not a fit for the coined meaning.",Indicates the date on which the current structured data was generated / published. Typically used alongside [[sdPublisher]].,https://schema.org/version/latest/schemaorg-current-https.ttl,definition from source file,bm25
67,oht:excerpt,http://data.europa.eu/eli/ontology#published_in_format,eli:published_in_format,ELI,2,screened out,"Read in the shortlist; word overlap only, not a fit for the coined meaning.","Reference to the Official Journal or other publication manifestation in which this format is published. This property should be used when the value can be identified by a suitable URI; in the absence of such a URI, the property ""published_in"" should be used with a string value.",http://data.europa.eu/eli/ontology,definition from source file,bm25
67,oht:excerpt,https://schema.org/datePublished,schema:datePublished,schema.org,2,screened out,"Read in the shortlist; word overlap only, not a fit for the coined meaning.",Date of first publication or broadcast. For example the date a [[CreativeWork]] was broadcast or a [[Certification]] was issued.,https://schema.org/version/latest/schemaorg-current-https.ttl,definition from source file,bm25
67,oht:excerpt,https://w3id.org/dpv#DerivedPersonalData,dpv:DerivedPersonalData,DPV core,2,screened out,"Read in the shortlist; word overlap only, not a fit for the coined meaning.",Personal Data that is obtained or derived from other data,https://w3id.org/dpv,definition from source file,bm25
67,oht:excerpt,http://purl.org/ontology/bibo/status/published,bibo:status/published,BIBO,2,screened out,"Read in the shortlist; word overlap only, not a fit for the coined meaning.",Published document,http://purl.org/ontology/bibo/,definition from source file,bm25
67,oht:excerpt,http://www.w3.org/ns/prov#generated,prov:generated,PROV-O,1,screened out,"Read in the shortlist; word overlap only, not a fit for the coined meaning.",,https://www.w3.org/ns/prov.ttl,no definition in file,lead
68,oht:locator,http://purl.org/ontology/bibo/locator,bibo:locator,BIBO,2,exact,'A description (often numeric) that locates an item within a containing document'.,A description (often numeric) that locates an item within a containing document or collection.,http://purl.org/ontology/bibo/,verified at source,bm25+lead
68,oht:locator,https://schema.org/locationCreated,schema:locationCreated,schema.org,2,screened out,"Read in the shortlist; word overlap only, not a fit for the coined meaning.","The location where the CreativeWork was created, which may not be the same as the location depicted in the CreativeWork.",https://schema.org/version/latest/schemaorg-current-https.ttl,definition from source file,bm25
68,oht:locator,https://schema.org/workLocation,schema:workLocation,schema.org,2,screened out,"Read in the shortlist; word overlap only, not a fit for the coined meaning.",A contact location for a person's place of work.,https://schema.org/version/latest/schemaorg-current-https.ttl,definition from source file,bm25
68,oht:locator,https://schema.org/transcript,schema:transcript,schema.org,2,screened out,"Read in the shortlist; word overlap only, not a fit for the coined meaning.","If this MediaObject is an AudioObject or VideoObject, the transcript of that object.",https://schema.org/version/latest/schemaorg-current-https.ttl,definition from source file,bm25
68,oht:locator,https://schema.org/location,schema:location,schema.org,2,screened out,"Read in the shortlist; word overlap only, not a fit for the coined meaning.","The location of, for example, where an event is happening, where an organization is located, or where an action takes place.",https://schema.org/version/latest/schemaorg-current-https.ttl,definition from source file,bm25
68,oht:locator,https://schema.org/toLocation,schema:toLocation,schema.org,2,screened out,"Read in the shortlist; word overlap only, not a fit for the coined meaning.",A sub property of location. The final location of the object or the agent after the action.,https://schema.org/version/latest/schemaorg-current-https.ttl,definition from source file,bm25
68,oht:locator,https://schema.org/fromLocation,schema:fromLocation,schema.org,2,screened out,"Read in the shortlist; word overlap only, not a fit for the coined meaning.",A sub property of location. The original location of the object or the agent before the action.,https://schema.org/version/latest/schemaorg-current-https.ttl,definition from source file,bm25
68,oht:locator,http://purl.obolibrary.org/obo/IAO_0000639,obo:IAO_0000639,OBO IAO,2,screened out,"Read in the shortlist; word overlap only, not a fit for the coined meaning.",A part of a document about work in other publications that is relevant to the content of the document.,http://purl.obolibrary.org/obo/iao.owl,definition from source file,bm25
68,oht:locator,https://schema.org/recordedAt,schema:recordedAt,schema.org,2,screened out,"Read in the shortlist; word overlap only, not a fit for the coined meaning.",The Event where the CreativeWork was recorded. The CreativeWork may capture all or part of the event.,https://schema.org/version/latest/schemaorg-current-https.ttl,definition from source file,bm25
68,oht:locator,https://schema.org/isPartOf,schema:isPartOf,schema.org,2,screened out,"Read in the shortlist; word overlap only, not a fit for the coined meaning.","Indicates an item or CreativeWork that this item, or CreativeWork (in some sense), is part of.",https://schema.org/version/latest/schemaorg-current-https.ttl,definition from source file,bm25
68,oht:locator,https://schema.org/applicantLocationRequirements,schema:applicantLocationRequirements,schema.org,2,screened out,"Read in the shortlist; word overlap only, not a fit for the coined meaning.",The location(s) applicants can apply from. This is usually used for telecommuting jobs where the applicant does not need to be in a physical office. Note: This should not be used for citizenship or work visa requirements.,https://schema.org/version/latest/schemaorg-current-https.ttl,definition from source file,bm25
68,oht:locator,https://schema.org/hasPart,schema:hasPart,schema.org,2,screened out,"Read in the shortlist; word overlap only, not a fit for the coined meaning.","Indicates an item or CreativeWork that is part of this item, or CreativeWork (in some sense).",https://schema.org/version/latest/schemaorg-current-https.ttl,definition from source file,bm25
68,oht:locator,https://schema.org/gameLocation,schema:gameLocation,schema.org,2,screened out,"Read in the shortlist; word overlap only, not a fit for the coined meaning.",Real or fictional location of the game (or part of game).,https://schema.org/version/latest/schemaorg-current-https.ttl,definition from source file,bm25
68,oht:locator,http://purl.obolibrary.org/obo/IAO_0000314,obo:IAO_0000314,OBO IAO,2,screened out,"Read in the shortlist; word overlap only, not a fit for the coined meaning.",An information content entity that is part of a document.,http://purl.obolibrary.org/obo/iao.owl,definition from source file,bm25
68,oht:locator,https://schema.org/foundingLocation,schema:foundingLocation,schema.org,2,screened out,"Read in the shortlist; word overlap only, not a fit for the coined meaning.",The place where the Organization was founded.,https://schema.org/version/latest/schemaorg-current-https.ttl,definition from source file,bm25
